letter,startPlacement,endPlacement,timing,direction,blueMotionType,blueRotationDirection,blueSkewDir,blueHandPath,blueSkewSteps,blueStartLocation,blueEndLocation,redMotionType,redRotationDirection,redSkewDir,redHandPath,redSkewSteps,redStartLocation,redEndLocation,category
A,alpha3,alpha6,split,same,pro,cw,+,cw,1,w,ne,pro,cw,+,cw,1,e,sw,2
A,alpha3,gamma4,split,same,pro,cw,+,cw,1,w,ne,pro,cw,-,cw,1,e,se,2
A,alpha3,zeta5,split,same,pro,cw,+,cw,1,w,ne,pro,cw,,cw,0,e,s,1
A,alpha3,gamma14,split,same,pro,cw,-,cw,1,w,nw,pro,cw,+,cw,1,e,sw,2
A,alpha3,alpha4,split,same,pro,cw,-,cw,1,w,nw,pro,cw,-,cw,1,e,se,2
A,alpha3,zeta13,split,same,pro,cw,-,cw,1,w,nw,pro,cw,,cw,0,e,s,1
A,alpha3,zeta14,split,same,pro,cw,,cw,0,w,n,pro,cw,+,cw,1,e,sw,1
A,alpha3,zeta4,split,same,pro,cw,,cw,0,w,n,pro,cw,-,cw,1,e,se,1
A,alpha5,alpha8,split,same,pro,cw,+,cw,1,n,se,pro,cw,+,cw,1,s,nw,2
A,alpha5,gamma6,split,same,pro,cw,+,cw,1,n,se,pro,cw,-,cw,1,s,sw,2
A,alpha5,zeta7,split,same,pro,cw,+,cw,1,n,se,pro,cw,,cw,0,s,w,1
A,alpha5,gamma16,split,same,pro,cw,-,cw,1,n,ne,pro,cw,+,cw,1,s,nw,2
A,alpha5,alpha6,split,same,pro,cw,-,cw,1,n,ne,pro,cw,-,cw,1,s,sw,2
A,alpha5,zeta15,split,same,pro,cw,-,cw,1,n,ne,pro,cw,,cw,0,s,w,1
A,alpha5,zeta16,split,same,pro,cw,,cw,0,n,e,pro,cw,+,cw,1,s,nw,1
A,alpha5,zeta6,split,same,pro,cw,,cw,0,n,e,pro,cw,-,cw,1,s,sw,1
A,alpha7,alpha2,split,same,pro,cw,+,cw,1,e,sw,pro,cw,+,cw,1,w,ne,2
A,alpha7,gamma8,split,same,pro,cw,+,cw,1,e,sw,pro,cw,-,cw,1,w,nw,2
A,alpha7,zeta1,split,same,pro,cw,+,cw,1,e,sw,pro,cw,,cw,0,w,n,1
A,alpha7,gamma10,split,same,pro,cw,-,cw,1,e,se,pro,cw,+,cw,1,w,ne,2
A,alpha7,alpha8,split,same,pro,cw,-,cw,1,e,se,pro,cw,-,cw,1,w,nw,2
A,alpha7,zeta9,split,same,pro,cw,-,cw,1,e,se,pro,cw,,cw,0,w,n,1
A,alpha7,zeta10,split,same,pro,cw,,cw,0,e,s,pro,cw,+,cw,1,w,ne,1
A,alpha7,zeta8,split,same,pro,cw,,cw,0,e,s,pro,cw,-,cw,1,w,nw,1
A,alpha1,alpha4,split,same,pro,cw,+,cw,1,s,nw,pro,cw,+,cw,1,n,se,2
A,alpha1,gamma2,split,same,pro,cw,+,cw,1,s,nw,pro,cw,-,cw,1,n,ne,2
A,alpha1,zeta3,split,same,pro,cw,+,cw,1,s,nw,pro,cw,,cw,0,n,e,1
A,alpha1,gamma12,split,same,pro,cw,-,cw,1,s,sw,pro,cw,+,cw,1,n,se,2
A,alpha1,alpha2,split,same,pro,cw,-,cw,1,s,sw,pro,cw,-,cw,1,n,ne,2
A,alpha1,zeta11,split,same,pro,cw,-,cw,1,s,sw,pro,cw,,cw,0,n,e,1
A,alpha1,zeta12,split,same,pro,cw,,cw,0,s,w,pro,cw,+,cw,1,n,se,1
A,alpha1,zeta2,split,same,pro,cw,,cw,0,s,w,pro,cw,-,cw,1,n,ne,1
A,alpha7,alpha6,split,same,pro,ccw,+,ccw,1,e,ne,pro,ccw,+,ccw,1,w,sw,2
A,alpha7,gamma4,split,same,pro,ccw,+,ccw,1,e,ne,pro,ccw,-,ccw,1,w,se,2
A,alpha7,zeta5,split,same,pro,ccw,+,ccw,1,e,ne,pro,ccw,,ccw,0,w,s,1
A,alpha7,gamma14,split,same,pro,ccw,-,ccw,1,e,nw,pro,ccw,+,ccw,1,w,sw,2
A,alpha7,alpha4,split,same,pro,ccw,-,ccw,1,e,nw,pro,ccw,-,ccw,1,w,se,2
A,alpha7,zeta13,split,same,pro,ccw,-,ccw,1,e,nw,pro,ccw,,ccw,0,w,s,1
A,alpha7,zeta14,split,same,pro,ccw,,ccw,0,e,n,pro,ccw,+,ccw,1,w,sw,1
A,alpha7,zeta4,split,same,pro,ccw,,ccw,0,e,n,pro,ccw,-,ccw,1,w,se,1
A,alpha1,alpha8,split,same,pro,ccw,+,ccw,1,s,se,pro,ccw,+,ccw,1,n,nw,2
A,alpha1,gamma6,split,same,pro,ccw,+,ccw,1,s,se,pro,ccw,-,ccw,1,n,sw,2
A,alpha1,zeta7,split,same,pro,ccw,+,ccw,1,s,se,pro,ccw,,ccw,0,n,w,1
A,alpha1,gamma16,split,same,pro,ccw,-,ccw,1,s,ne,pro,ccw,+,ccw,1,n,nw,2
A,alpha1,alpha6,split,same,pro,ccw,-,ccw,1,s,ne,pro,ccw,-,ccw,1,n,sw,2
A,alpha1,zeta15,split,same,pro,ccw,-,ccw,1,s,ne,pro,ccw,,ccw,0,n,w,1
A,alpha1,zeta16,split,same,pro,ccw,,ccw,0,s,e,pro,ccw,+,ccw,1,n,nw,1
A,alpha1,zeta6,split,same,pro,ccw,,ccw,0,s,e,pro,ccw,-,ccw,1,n,sw,1
A,alpha5,alpha4,split,same,pro,ccw,+,ccw,1,n,nw,pro,ccw,+,ccw,1,s,se,2
A,alpha5,gamma2,split,same,pro,ccw,+,ccw,1,n,nw,pro,ccw,-,ccw,1,s,ne,2
A,alpha5,zeta3,split,same,pro,ccw,+,ccw,1,n,nw,pro,ccw,,ccw,0,s,e,1
A,alpha5,gamma12,split,same,pro,ccw,-,ccw,1,n,sw,pro,ccw,+,ccw,1,s,se,2
A,alpha5,alpha2,split,same,pro,ccw,-,ccw,1,n,sw,pro,ccw,-,ccw,1,s,ne,2
A,alpha5,zeta11,split,same,pro,ccw,-,ccw,1,n,sw,pro,ccw,,ccw,0,s,e,1
A,alpha5,zeta12,split,same,pro,ccw,,ccw,0,n,w,pro,ccw,+,ccw,1,s,se,1
A,alpha5,zeta2,split,same,pro,ccw,,ccw,0,n,w,pro,ccw,-,ccw,1,s,ne,1
A,alpha3,alpha2,split,same,pro,ccw,+,ccw,1,w,sw,pro,ccw,+,ccw,1,e,ne,2
A,alpha3,gamma8,split,same,pro,ccw,+,ccw,1,w,sw,pro,ccw,-,ccw,1,e,nw,2
A,alpha3,zeta1,split,same,pro,ccw,+,ccw,1,w,sw,pro,ccw,,ccw,0,e,n,1
A,alpha3,gamma10,split,same,pro,ccw,-,ccw,1,w,se,pro,ccw,+,ccw,1,e,ne,2
A,alpha3,alpha8,split,same,pro,ccw,-,ccw,1,w,se,pro,ccw,-,ccw,1,e,nw,2
A,alpha3,zeta9,split,same,pro,ccw,-,ccw,1,w,se,pro,ccw,,ccw,0,e,n,1
A,alpha3,zeta10,split,same,pro,ccw,,ccw,0,w,s,pro,ccw,+,ccw,1,e,ne,1
A,alpha3,zeta8,split,same,pro,ccw,,ccw,0,w,s,pro,ccw,-,ccw,1,e,nw,1
B,alpha3,alpha6,split,same,anti,ccw,+,cw,1,w,ne,anti,ccw,+,cw,1,e,sw,2
B,alpha3,gamma4,split,same,anti,ccw,+,cw,1,w,ne,anti,ccw,-,cw,1,e,se,2
B,alpha3,zeta5,split,same,anti,ccw,+,cw,1,w,ne,anti,ccw,,cw,0,e,s,1
B,alpha3,gamma14,split,same,anti,ccw,-,cw,1,w,nw,anti,ccw,+,cw,1,e,sw,2
B,alpha3,alpha4,split,same,anti,ccw,-,cw,1,w,nw,anti,ccw,-,cw,1,e,se,2
B,alpha3,zeta13,split,same,anti,ccw,-,cw,1,w,nw,anti,ccw,,cw,0,e,s,1
B,alpha3,zeta14,split,same,anti,ccw,,cw,0,w,n,anti,ccw,+,cw,1,e,sw,1
B,alpha3,zeta4,split,same,anti,ccw,,cw,0,w,n,anti,ccw,-,cw,1,e,se,1
B,alpha5,alpha8,split,same,anti,ccw,+,cw,1,n,se,anti,ccw,+,cw,1,s,nw,2
B,alpha5,gamma6,split,same,anti,ccw,+,cw,1,n,se,anti,ccw,-,cw,1,s,sw,2
B,alpha5,zeta7,split,same,anti,ccw,+,cw,1,n,se,anti,ccw,,cw,0,s,w,1
B,alpha5,gamma16,split,same,anti,ccw,-,cw,1,n,ne,anti,ccw,+,cw,1,s,nw,2
B,alpha5,alpha6,split,same,anti,ccw,-,cw,1,n,ne,anti,ccw,-,cw,1,s,sw,2
B,alpha5,zeta15,split,same,anti,ccw,-,cw,1,n,ne,anti,ccw,,cw,0,s,w,1
B,alpha5,zeta16,split,same,anti,ccw,,cw,0,n,e,anti,ccw,+,cw,1,s,nw,1
B,alpha5,zeta6,split,same,anti,ccw,,cw,0,n,e,anti,ccw,-,cw,1,s,sw,1
B,alpha7,alpha2,split,same,anti,ccw,+,cw,1,e,sw,anti,ccw,+,cw,1,w,ne,2
B,alpha7,gamma8,split,same,anti,ccw,+,cw,1,e,sw,anti,ccw,-,cw,1,w,nw,2
B,alpha7,zeta1,split,same,anti,ccw,+,cw,1,e,sw,anti,ccw,,cw,0,w,n,1
B,alpha7,gamma10,split,same,anti,ccw,-,cw,1,e,se,anti,ccw,+,cw,1,w,ne,2
B,alpha7,alpha8,split,same,anti,ccw,-,cw,1,e,se,anti,ccw,-,cw,1,w,nw,2
B,alpha7,zeta9,split,same,anti,ccw,-,cw,1,e,se,anti,ccw,,cw,0,w,n,1
B,alpha7,zeta10,split,same,anti,ccw,,cw,0,e,s,anti,ccw,+,cw,1,w,ne,1
B,alpha7,zeta8,split,same,anti,ccw,,cw,0,e,s,anti,ccw,-,cw,1,w,nw,1
B,alpha1,alpha4,split,same,anti,ccw,+,cw,1,s,nw,anti,ccw,+,cw,1,n,se,2
B,alpha1,gamma2,split,same,anti,ccw,+,cw,1,s,nw,anti,ccw,-,cw,1,n,ne,2
B,alpha1,zeta3,split,same,anti,ccw,+,cw,1,s,nw,anti,ccw,,cw,0,n,e,1
B,alpha1,gamma12,split,same,anti,ccw,-,cw,1,s,sw,anti,ccw,+,cw,1,n,se,2
B,alpha1,alpha2,split,same,anti,ccw,-,cw,1,s,sw,anti,ccw,-,cw,1,n,ne,2
B,alpha1,zeta11,split,same,anti,ccw,-,cw,1,s,sw,anti,ccw,,cw,0,n,e,1
B,alpha1,zeta12,split,same,anti,ccw,,cw,0,s,w,anti,ccw,+,cw,1,n,se,1
B,alpha1,zeta2,split,same,anti,ccw,,cw,0,s,w,anti,ccw,-,cw,1,n,ne,1
B,alpha7,alpha6,split,same,anti,cw,+,ccw,1,e,ne,anti,cw,+,ccw,1,w,sw,2
B,alpha7,gamma4,split,same,anti,cw,+,ccw,1,e,ne,anti,cw,-,ccw,1,w,se,2
B,alpha7,zeta5,split,same,anti,cw,+,ccw,1,e,ne,anti,cw,,ccw,0,w,s,1
B,alpha7,gamma14,split,same,anti,cw,-,ccw,1,e,nw,anti,cw,+,ccw,1,w,sw,2
B,alpha7,alpha4,split,same,anti,cw,-,ccw,1,e,nw,anti,cw,-,ccw,1,w,se,2
B,alpha7,zeta13,split,same,anti,cw,-,ccw,1,e,nw,anti,cw,,ccw,0,w,s,1
B,alpha7,zeta14,split,same,anti,cw,,ccw,0,e,n,anti,cw,+,ccw,1,w,sw,1
B,alpha7,zeta4,split,same,anti,cw,,ccw,0,e,n,anti,cw,-,ccw,1,w,se,1
B,alpha1,alpha8,split,same,anti,cw,+,ccw,1,s,se,anti,cw,+,ccw,1,n,nw,2
B,alpha1,gamma6,split,same,anti,cw,+,ccw,1,s,se,anti,cw,-,ccw,1,n,sw,2
B,alpha1,zeta7,split,same,anti,cw,+,ccw,1,s,se,anti,cw,,ccw,0,n,w,1
B,alpha1,gamma16,split,same,anti,cw,-,ccw,1,s,ne,anti,cw,+,ccw,1,n,nw,2
B,alpha1,alpha6,split,same,anti,cw,-,ccw,1,s,ne,anti,cw,-,ccw,1,n,sw,2
B,alpha1,zeta15,split,same,anti,cw,-,ccw,1,s,ne,anti,cw,,ccw,0,n,w,1
B,alpha1,zeta16,split,same,anti,cw,,ccw,0,s,e,anti,cw,+,ccw,1,n,nw,1
B,alpha1,zeta6,split,same,anti,cw,,ccw,0,s,e,anti,cw,-,ccw,1,n,sw,1
B,alpha5,alpha4,split,same,anti,cw,+,ccw,1,n,nw,anti,cw,+,ccw,1,s,se,2
B,alpha5,gamma2,split,same,anti,cw,+,ccw,1,n,nw,anti,cw,-,ccw,1,s,ne,2
B,alpha5,zeta3,split,same,anti,cw,+,ccw,1,n,nw,anti,cw,,ccw,0,s,e,1
B,alpha5,gamma12,split,same,anti,cw,-,ccw,1,n,sw,anti,cw,+,ccw,1,s,se,2
B,alpha5,alpha2,split,same,anti,cw,-,ccw,1,n,sw,anti,cw,-,ccw,1,s,ne,2
B,alpha5,zeta11,split,same,anti,cw,-,ccw,1,n,sw,anti,cw,,ccw,0,s,e,1
B,alpha5,zeta12,split,same,anti,cw,,ccw,0,n,w,anti,cw,+,ccw,1,s,se,1
B,alpha5,zeta2,split,same,anti,cw,,ccw,0,n,w,anti,cw,-,ccw,1,s,ne,1
B,alpha3,alpha2,split,same,anti,cw,+,ccw,1,w,sw,anti,cw,+,ccw,1,e,ne,2
B,alpha3,gamma8,split,same,anti,cw,+,ccw,1,w,sw,anti,cw,-,ccw,1,e,nw,2
B,alpha3,zeta1,split,same,anti,cw,+,ccw,1,w,sw,anti,cw,,ccw,0,e,n,1
B,alpha3,gamma10,split,same,anti,cw,-,ccw,1,w,se,anti,cw,+,ccw,1,e,ne,2
B,alpha3,alpha8,split,same,anti,cw,-,ccw,1,w,se,anti,cw,-,ccw,1,e,nw,2
B,alpha3,zeta9,split,same,anti,cw,-,ccw,1,w,se,anti,cw,,ccw,0,e,n,1
B,alpha3,zeta10,split,same,anti,cw,,ccw,0,w,s,anti,cw,+,ccw,1,e,ne,1
B,alpha3,zeta8,split,same,anti,cw,,ccw,0,w,s,anti,cw,-,ccw,1,e,nw,1
C,alpha3,alpha6,split,same,anti,ccw,+,cw,1,w,ne,pro,cw,+,cw,1,e,sw,2
C,alpha3,gamma4,split,same,anti,ccw,+,cw,1,w,ne,pro,cw,-,cw,1,e,se,2
C,alpha3,zeta5,split,same,anti,ccw,+,cw,1,w,ne,pro,cw,,cw,0,e,s,1
C,alpha3,gamma14,split,same,anti,ccw,-,cw,1,w,nw,pro,cw,+,cw,1,e,sw,2
C,alpha3,alpha4,split,same,anti,ccw,-,cw,1,w,nw,pro,cw,-,cw,1,e,se,2
C,alpha3,zeta13,split,same,anti,ccw,-,cw,1,w,nw,pro,cw,,cw,0,e,s,1
C,alpha3,zeta14,split,same,anti,ccw,,cw,0,w,n,pro,cw,+,cw,1,e,sw,1
C,alpha3,zeta4,split,same,anti,ccw,,cw,0,w,n,pro,cw,-,cw,1,e,se,1
C,alpha5,alpha8,split,same,anti,ccw,+,cw,1,n,se,pro,cw,+,cw,1,s,nw,2
C,alpha5,gamma6,split,same,anti,ccw,+,cw,1,n,se,pro,cw,-,cw,1,s,sw,2
C,alpha5,zeta7,split,same,anti,ccw,+,cw,1,n,se,pro,cw,,cw,0,s,w,1
C,alpha5,gamma16,split,same,anti,ccw,-,cw,1,n,ne,pro,cw,+,cw,1,s,nw,2
C,alpha5,alpha6,split,same,anti,ccw,-,cw,1,n,ne,pro,cw,-,cw,1,s,sw,2
C,alpha5,zeta15,split,same,anti,ccw,-,cw,1,n,ne,pro,cw,,cw,0,s,w,1
C,alpha5,zeta16,split,same,anti,ccw,,cw,0,n,e,pro,cw,+,cw,1,s,nw,1
C,alpha5,zeta6,split,same,anti,ccw,,cw,0,n,e,pro,cw,-,cw,1,s,sw,1
C,alpha7,alpha2,split,same,anti,ccw,+,cw,1,e,sw,pro,cw,+,cw,1,w,ne,2
C,alpha7,gamma8,split,same,anti,ccw,+,cw,1,e,sw,pro,cw,-,cw,1,w,nw,2
C,alpha7,zeta1,split,same,anti,ccw,+,cw,1,e,sw,pro,cw,,cw,0,w,n,1
C,alpha7,gamma10,split,same,anti,ccw,-,cw,1,e,se,pro,cw,+,cw,1,w,ne,2
C,alpha7,alpha8,split,same,anti,ccw,-,cw,1,e,se,pro,cw,-,cw,1,w,nw,2
C,alpha7,zeta9,split,same,anti,ccw,-,cw,1,e,se,pro,cw,,cw,0,w,n,1
C,alpha7,zeta10,split,same,anti,ccw,,cw,0,e,s,pro,cw,+,cw,1,w,ne,1
C,alpha7,zeta8,split,same,anti,ccw,,cw,0,e,s,pro,cw,-,cw,1,w,nw,1
C,alpha1,alpha4,split,same,anti,ccw,+,cw,1,s,nw,pro,cw,+,cw,1,n,se,2
C,alpha1,gamma2,split,same,anti,ccw,+,cw,1,s,nw,pro,cw,-,cw,1,n,ne,2
C,alpha1,zeta3,split,same,anti,ccw,+,cw,1,s,nw,pro,cw,,cw,0,n,e,1
C,alpha1,gamma12,split,same,anti,ccw,-,cw,1,s,sw,pro,cw,+,cw,1,n,se,2
C,alpha1,alpha2,split,same,anti,ccw,-,cw,1,s,sw,pro,cw,-,cw,1,n,ne,2
C,alpha1,zeta11,split,same,anti,ccw,-,cw,1,s,sw,pro,cw,,cw,0,n,e,1
C,alpha1,zeta12,split,same,anti,ccw,,cw,0,s,w,pro,cw,+,cw,1,n,se,1
C,alpha1,zeta2,split,same,anti,ccw,,cw,0,s,w,pro,cw,-,cw,1,n,ne,1
C,alpha7,alpha6,split,same,anti,cw,+,ccw,1,e,ne,pro,ccw,+,ccw,1,w,sw,2
C,alpha7,gamma4,split,same,anti,cw,+,ccw,1,e,ne,pro,ccw,-,ccw,1,w,se,2
C,alpha7,zeta5,split,same,anti,cw,+,ccw,1,e,ne,pro,ccw,,ccw,0,w,s,1
C,alpha7,gamma14,split,same,anti,cw,-,ccw,1,e,nw,pro,ccw,+,ccw,1,w,sw,2
C,alpha7,alpha4,split,same,anti,cw,-,ccw,1,e,nw,pro,ccw,-,ccw,1,w,se,2
C,alpha7,zeta13,split,same,anti,cw,-,ccw,1,e,nw,pro,ccw,,ccw,0,w,s,1
C,alpha7,zeta14,split,same,anti,cw,,ccw,0,e,n,pro,ccw,+,ccw,1,w,sw,1
C,alpha7,zeta4,split,same,anti,cw,,ccw,0,e,n,pro,ccw,-,ccw,1,w,se,1
C,alpha1,alpha8,split,same,anti,cw,+,ccw,1,s,se,pro,ccw,+,ccw,1,n,nw,2
C,alpha1,gamma6,split,same,anti,cw,+,ccw,1,s,se,pro,ccw,-,ccw,1,n,sw,2
C,alpha1,zeta7,split,same,anti,cw,+,ccw,1,s,se,pro,ccw,,ccw,0,n,w,1
C,alpha1,gamma16,split,same,anti,cw,-,ccw,1,s,ne,pro,ccw,+,ccw,1,n,nw,2
C,alpha1,alpha6,split,same,anti,cw,-,ccw,1,s,ne,pro,ccw,-,ccw,1,n,sw,2
C,alpha1,zeta15,split,same,anti,cw,-,ccw,1,s,ne,pro,ccw,,ccw,0,n,w,1
C,alpha1,zeta16,split,same,anti,cw,,ccw,0,s,e,pro,ccw,+,ccw,1,n,nw,1
C,alpha1,zeta6,split,same,anti,cw,,ccw,0,s,e,pro,ccw,-,ccw,1,n,sw,1
C,alpha5,alpha4,split,same,anti,cw,+,ccw,1,n,nw,pro,ccw,+,ccw,1,s,se,2
C,alpha5,gamma2,split,same,anti,cw,+,ccw,1,n,nw,pro,ccw,-,ccw,1,s,ne,2
C,alpha5,zeta3,split,same,anti,cw,+,ccw,1,n,nw,pro,ccw,,ccw,0,s,e,1
C,alpha5,gamma12,split,same,anti,cw,-,ccw,1,n,sw,pro,ccw,+,ccw,1,s,se,2
C,alpha5,alpha2,split,same,anti,cw,-,ccw,1,n,sw,pro,ccw,-,ccw,1,s,ne,2
C,alpha5,zeta11,split,same,anti,cw,-,ccw,1,n,sw,pro,ccw,,ccw,0,s,e,1
C,alpha5,zeta12,split,same,anti,cw,,ccw,0,n,w,pro,ccw,+,ccw,1,s,se,1
C,alpha5,zeta2,split,same,anti,cw,,ccw,0,n,w,pro,ccw,-,ccw,1,s,ne,1
C,alpha3,alpha2,split,same,anti,cw,+,ccw,1,w,sw,pro,ccw,+,ccw,1,e,ne,2
C,alpha3,gamma8,split,same,anti,cw,+,ccw,1,w,sw,pro,ccw,-,ccw,1,e,nw,2
C,alpha3,zeta1,split,same,anti,cw,+,ccw,1,w,sw,pro,ccw,,ccw,0,e,n,1
C,alpha3,gamma10,split,same,anti,cw,-,ccw,1,w,se,pro,ccw,+,ccw,1,e,ne,2
C,alpha3,alpha8,split,same,anti,cw,-,ccw,1,w,se,pro,ccw,-,ccw,1,e,nw,2
C,alpha3,zeta9,split,same,anti,cw,-,ccw,1,w,se,pro,ccw,,ccw,0,e,n,1
C,alpha3,zeta10,split,same,anti,cw,,ccw,0,w,s,pro,ccw,+,ccw,1,e,ne,1
C,alpha3,zeta8,split,same,anti,cw,,ccw,0,w,s,pro,ccw,-,ccw,1,e,nw,1
C,alpha3,alpha6,split,same,pro,cw,+,cw,1,w,ne,anti,ccw,+,cw,1,e,sw,2
C,alpha3,gamma4,split,same,pro,cw,+,cw,1,w,ne,anti,ccw,-,cw,1,e,se,2
C,alpha3,zeta5,split,same,pro,cw,+,cw,1,w,ne,anti,ccw,,cw,0,e,s,1
C,alpha3,gamma14,split,same,pro,cw,-,cw,1,w,nw,anti,ccw,+,cw,1,e,sw,2
C,alpha3,alpha4,split,same,pro,cw,-,cw,1,w,nw,anti,ccw,-,cw,1,e,se,2
C,alpha3,zeta13,split,same,pro,cw,-,cw,1,w,nw,anti,ccw,,cw,0,e,s,1
C,alpha3,zeta14,split,same,pro,cw,,cw,0,w,n,anti,ccw,+,cw,1,e,sw,1
C,alpha3,zeta4,split,same,pro,cw,,cw,0,w,n,anti,ccw,-,cw,1,e,se,1
C,alpha5,alpha8,split,same,pro,cw,+,cw,1,n,se,anti,ccw,+,cw,1,s,nw,2
C,alpha5,gamma6,split,same,pro,cw,+,cw,1,n,se,anti,ccw,-,cw,1,s,sw,2
C,alpha5,zeta7,split,same,pro,cw,+,cw,1,n,se,anti,ccw,,cw,0,s,w,1
C,alpha5,gamma16,split,same,pro,cw,-,cw,1,n,ne,anti,ccw,+,cw,1,s,nw,2
C,alpha5,alpha6,split,same,pro,cw,-,cw,1,n,ne,anti,ccw,-,cw,1,s,sw,2
C,alpha5,zeta15,split,same,pro,cw,-,cw,1,n,ne,anti,ccw,,cw,0,s,w,1
C,alpha5,zeta16,split,same,pro,cw,,cw,0,n,e,anti,ccw,+,cw,1,s,nw,1
C,alpha5,zeta6,split,same,pro,cw,,cw,0,n,e,anti,ccw,-,cw,1,s,sw,1
C,alpha7,alpha2,split,same,pro,cw,+,cw,1,e,sw,anti,ccw,+,cw,1,w,ne,2
C,alpha7,gamma8,split,same,pro,cw,+,cw,1,e,sw,anti,ccw,-,cw,1,w,nw,2
C,alpha7,zeta1,split,same,pro,cw,+,cw,1,e,sw,anti,ccw,,cw,0,w,n,1
C,alpha7,gamma10,split,same,pro,cw,-,cw,1,e,se,anti,ccw,+,cw,1,w,ne,2
C,alpha7,alpha8,split,same,pro,cw,-,cw,1,e,se,anti,ccw,-,cw,1,w,nw,2
C,alpha7,zeta9,split,same,pro,cw,-,cw,1,e,se,anti,ccw,,cw,0,w,n,1
C,alpha7,zeta10,split,same,pro,cw,,cw,0,e,s,anti,ccw,+,cw,1,w,ne,1
C,alpha7,zeta8,split,same,pro,cw,,cw,0,e,s,anti,ccw,-,cw,1,w,nw,1
C,alpha1,alpha4,split,same,pro,cw,+,cw,1,s,nw,anti,ccw,+,cw,1,n,se,2
C,alpha1,gamma2,split,same,pro,cw,+,cw,1,s,nw,anti,ccw,-,cw,1,n,ne,2
C,alpha1,zeta3,split,same,pro,cw,+,cw,1,s,nw,anti,ccw,,cw,0,n,e,1
C,alpha1,gamma12,split,same,pro,cw,-,cw,1,s,sw,anti,ccw,+,cw,1,n,se,2
C,alpha1,alpha2,split,same,pro,cw,-,cw,1,s,sw,anti,ccw,-,cw,1,n,ne,2
C,alpha1,zeta11,split,same,pro,cw,-,cw,1,s,sw,anti,ccw,,cw,0,n,e,1
C,alpha1,zeta12,split,same,pro,cw,,cw,0,s,w,anti,ccw,+,cw,1,n,se,1
C,alpha1,zeta2,split,same,pro,cw,,cw,0,s,w,anti,ccw,-,cw,1,n,ne,1
C,alpha7,alpha6,split,same,pro,ccw,+,ccw,1,e,ne,anti,cw,+,ccw,1,w,sw,2
C,alpha7,gamma4,split,same,pro,ccw,+,ccw,1,e,ne,anti,cw,-,ccw,1,w,se,2
C,alpha7,zeta5,split,same,pro,ccw,+,ccw,1,e,ne,anti,cw,,ccw,0,w,s,1
C,alpha7,gamma14,split,same,pro,ccw,-,ccw,1,e,nw,anti,cw,+,ccw,1,w,sw,2
C,alpha7,alpha4,split,same,pro,ccw,-,ccw,1,e,nw,anti,cw,-,ccw,1,w,se,2
C,alpha7,zeta13,split,same,pro,ccw,-,ccw,1,e,nw,anti,cw,,ccw,0,w,s,1
C,alpha7,zeta14,split,same,pro,ccw,,ccw,0,e,n,anti,cw,+,ccw,1,w,sw,1
C,alpha7,zeta4,split,same,pro,ccw,,ccw,0,e,n,anti,cw,-,ccw,1,w,se,1
C,alpha1,alpha8,split,same,pro,ccw,+,ccw,1,s,se,anti,cw,+,ccw,1,n,nw,2
C,alpha1,gamma6,split,same,pro,ccw,+,ccw,1,s,se,anti,cw,-,ccw,1,n,sw,2
C,alpha1,zeta7,split,same,pro,ccw,+,ccw,1,s,se,anti,cw,,ccw,0,n,w,1
C,alpha1,gamma16,split,same,pro,ccw,-,ccw,1,s,ne,anti,cw,+,ccw,1,n,nw,2
C,alpha1,alpha6,split,same,pro,ccw,-,ccw,1,s,ne,anti,cw,-,ccw,1,n,sw,2
C,alpha1,zeta15,split,same,pro,ccw,-,ccw,1,s,ne,anti,cw,,ccw,0,n,w,1
C,alpha1,zeta16,split,same,pro,ccw,,ccw,0,s,e,anti,cw,+,ccw,1,n,nw,1
C,alpha1,zeta6,split,same,pro,ccw,,ccw,0,s,e,anti,cw,-,ccw,1,n,sw,1
C,alpha5,alpha4,split,same,pro,ccw,+,ccw,1,n,nw,anti,cw,+,ccw,1,s,se,2
C,alpha5,gamma2,split,same,pro,ccw,+,ccw,1,n,nw,anti,cw,-,ccw,1,s,ne,2
C,alpha5,zeta3,split,same,pro,ccw,+,ccw,1,n,nw,anti,cw,,ccw,0,s,e,1
C,alpha5,gamma12,split,same,pro,ccw,-,ccw,1,n,sw,anti,cw,+,ccw,1,s,se,2
C,alpha5,alpha2,split,same,pro,ccw,-,ccw,1,n,sw,anti,cw,-,ccw,1,s,ne,2
C,alpha5,zeta11,split,same,pro,ccw,-,ccw,1,n,sw,anti,cw,,ccw,0,s,e,1
C,alpha5,zeta12,split,same,pro,ccw,,ccw,0,n,w,anti,cw,+,ccw,1,s,se,1
C,alpha5,zeta2,split,same,pro,ccw,,ccw,0,n,w,anti,cw,-,ccw,1,s,ne,1
C,alpha3,alpha2,split,same,pro,ccw,+,ccw,1,w,sw,anti,cw,+,ccw,1,e,ne,2
C,alpha3,gamma8,split,same,pro,ccw,+,ccw,1,w,sw,anti,cw,-,ccw,1,e,nw,2
C,alpha3,zeta1,split,same,pro,ccw,+,ccw,1,w,sw,anti,cw,,ccw,0,e,n,1
C,alpha3,gamma10,split,same,pro,ccw,-,ccw,1,w,se,anti,cw,+,ccw,1,e,ne,2
C,alpha3,alpha8,split,same,pro,ccw,-,ccw,1,w,se,anti,cw,-,ccw,1,e,nw,2
C,alpha3,zeta9,split,same,pro,ccw,-,ccw,1,w,se,anti,cw,,ccw,0,e,n,1
C,alpha3,zeta10,split,same,pro,ccw,,ccw,0,w,s,anti,cw,+,ccw,1,e,ne,1
C,alpha3,zeta8,split,same,pro,ccw,,ccw,0,w,s,anti,cw,-,ccw,1,e,nw,1
D,beta3,alpha6,split,opp,pro,ccw,+,ccw,1,e,ne,pro,cw,+,cw,1,e,sw,2
D,beta3,gamma4,split,opp,pro,ccw,+,ccw,1,e,ne,pro,cw,-,cw,1,e,se,2
D,beta3,zeta5,split,opp,pro,ccw,+,ccw,1,e,ne,pro,cw,,cw,0,e,s,1
D,beta3,gamma14,split,opp,pro,ccw,-,ccw,1,e,nw,pro,cw,+,cw,1,e,sw,2
D,beta3,alpha4,split,opp,pro,ccw,-,ccw,1,e,nw,pro,cw,-,cw,1,e,se,2
D,beta3,zeta13,split,opp,pro,ccw,-,ccw,1,e,nw,pro,cw,,cw,0,e,s,1
D,beta3,zeta14,split,opp,pro,ccw,,ccw,0,e,n,pro,cw,+,cw,1,e,sw,1
D,beta3,zeta4,split,opp,pro,ccw,,ccw,0,e,n,pro,cw,-,cw,1,e,se,1
D,beta5,alpha8,tog,opp,pro,ccw,+,ccw,1,s,se,pro,cw,+,cw,1,s,nw,2
D,beta5,gamma6,tog,opp,pro,ccw,+,ccw,1,s,se,pro,cw,-,cw,1,s,sw,2
D,beta5,zeta7,tog,opp,pro,ccw,+,ccw,1,s,se,pro,cw,,cw,0,s,w,1
D,beta5,gamma16,tog,opp,pro,ccw,-,ccw,1,s,ne,pro,cw,+,cw,1,s,nw,2
D,beta5,alpha6,tog,opp,pro,ccw,-,ccw,1,s,ne,pro,cw,-,cw,1,s,sw,2
D,beta5,zeta15,tog,opp,pro,ccw,-,ccw,1,s,ne,pro,cw,,cw,0,s,w,1
D,beta5,zeta16,tog,opp,pro,ccw,,ccw,0,s,e,pro,cw,+,cw,1,s,nw,1
D,beta5,zeta6,tog,opp,pro,ccw,,ccw,0,s,e,pro,cw,-,cw,1,s,sw,1
D,beta7,alpha2,split,opp,pro,ccw,+,ccw,1,w,sw,pro,cw,+,cw,1,w,ne,2
D,beta7,gamma8,split,opp,pro,ccw,+,ccw,1,w,sw,pro,cw,-,cw,1,w,nw,2
D,beta7,zeta1,split,opp,pro,ccw,+,ccw,1,w,sw,pro,cw,,cw,0,w,n,1
D,beta7,gamma10,split,opp,pro,ccw,-,ccw,1,w,se,pro,cw,+,cw,1,w,ne,2
D,beta7,alpha8,split,opp,pro,ccw,-,ccw,1,w,se,pro,cw,-,cw,1,w,nw,2
D,beta7,zeta9,split,opp,pro,ccw,-,ccw,1,w,se,pro,cw,,cw,0,w,n,1
D,beta7,zeta10,split,opp,pro,ccw,,ccw,0,w,s,pro,cw,+,cw,1,w,ne,1
D,beta7,zeta8,split,opp,pro,ccw,,ccw,0,w,s,pro,cw,-,cw,1,w,nw,1
D,beta1,alpha4,tog,opp,pro,ccw,+,ccw,1,n,nw,pro,cw,+,cw,1,n,se,2
D,beta1,gamma2,tog,opp,pro,ccw,+,ccw,1,n,nw,pro,cw,-,cw,1,n,ne,2
D,beta1,zeta3,tog,opp,pro,ccw,+,ccw,1,n,nw,pro,cw,,cw,0,n,e,1
D,beta1,gamma12,tog,opp,pro,ccw,-,ccw,1,n,sw,pro,cw,+,cw,1,n,se,2
D,beta1,alpha2,tog,opp,pro,ccw,-,ccw,1,n,sw,pro,cw,-,cw,1,n,ne,2
D,beta1,zeta11,tog,opp,pro,ccw,-,ccw,1,n,sw,pro,cw,,cw,0,n,e,1
D,beta1,zeta12,tog,opp,pro,ccw,,ccw,0,n,w,pro,cw,+,cw,1,n,se,1
D,beta1,zeta2,tog,opp,pro,ccw,,ccw,0,n,w,pro,cw,-,cw,1,n,ne,1
D,beta7,alpha6,split,opp,pro,cw,+,cw,1,w,ne,pro,ccw,+,ccw,1,w,sw,2
D,beta7,gamma4,split,opp,pro,cw,+,cw,1,w,ne,pro,ccw,-,ccw,1,w,se,2
D,beta7,zeta5,split,opp,pro,cw,+,cw,1,w,ne,pro,ccw,,ccw,0,w,s,1
D,beta7,gamma14,split,opp,pro,cw,-,cw,1,w,nw,pro,ccw,+,ccw,1,w,sw,2
D,beta7,alpha4,split,opp,pro,cw,-,cw,1,w,nw,pro,ccw,-,ccw,1,w,se,2
D,beta7,zeta13,split,opp,pro,cw,-,cw,1,w,nw,pro,ccw,,ccw,0,w,s,1
D,beta7,zeta14,split,opp,pro,cw,,cw,0,w,n,pro,ccw,+,ccw,1,w,sw,1
D,beta7,zeta4,split,opp,pro,cw,,cw,0,w,n,pro,ccw,-,ccw,1,w,se,1
D,beta1,alpha8,tog,opp,pro,cw,+,cw,1,n,se,pro,ccw,+,ccw,1,n,nw,2
D,beta1,gamma6,tog,opp,pro,cw,+,cw,1,n,se,pro,ccw,-,ccw,1,n,sw,2
D,beta1,zeta7,tog,opp,pro,cw,+,cw,1,n,se,pro,ccw,,ccw,0,n,w,1
D,beta1,gamma16,tog,opp,pro,cw,-,cw,1,n,ne,pro,ccw,+,ccw,1,n,nw,2
D,beta1,alpha6,tog,opp,pro,cw,-,cw,1,n,ne,pro,ccw,-,ccw,1,n,sw,2
D,beta1,zeta15,tog,opp,pro,cw,-,cw,1,n,ne,pro,ccw,,ccw,0,n,w,1
D,beta1,zeta16,tog,opp,pro,cw,,cw,0,n,e,pro,ccw,+,ccw,1,n,nw,1
D,beta1,zeta6,tog,opp,pro,cw,,cw,0,n,e,pro,ccw,-,ccw,1,n,sw,1
D,beta5,alpha4,tog,opp,pro,cw,+,cw,1,s,nw,pro,ccw,+,ccw,1,s,se,2
D,beta5,gamma2,tog,opp,pro,cw,+,cw,1,s,nw,pro,ccw,-,ccw,1,s,ne,2
D,beta5,zeta3,tog,opp,pro,cw,+,cw,1,s,nw,pro,ccw,,ccw,0,s,e,1
D,beta5,gamma12,tog,opp,pro,cw,-,cw,1,s,sw,pro,ccw,+,ccw,1,s,se,2
D,beta5,alpha2,tog,opp,pro,cw,-,cw,1,s,sw,pro,ccw,-,ccw,1,s,ne,2
D,beta5,zeta11,tog,opp,pro,cw,-,cw,1,s,sw,pro,ccw,,ccw,0,s,e,1
D,beta5,zeta12,tog,opp,pro,cw,,cw,0,s,w,pro,ccw,+,ccw,1,s,se,1
D,beta5,zeta2,tog,opp,pro,cw,,cw,0,s,w,pro,ccw,-,ccw,1,s,ne,1
D,beta3,alpha2,split,opp,pro,cw,+,cw,1,e,sw,pro,ccw,+,ccw,1,e,ne,2
D,beta3,gamma8,split,opp,pro,cw,+,cw,1,e,sw,pro,ccw,-,ccw,1,e,nw,2
D,beta3,zeta1,split,opp,pro,cw,+,cw,1,e,sw,pro,ccw,,ccw,0,e,n,1
D,beta3,gamma10,split,opp,pro,cw,-,cw,1,e,se,pro,ccw,+,ccw,1,e,ne,2
D,beta3,alpha8,split,opp,pro,cw,-,cw,1,e,se,pro,ccw,-,ccw,1,e,nw,2
D,beta3,zeta9,split,opp,pro,cw,-,cw,1,e,se,pro,ccw,,ccw,0,e,n,1
D,beta3,zeta10,split,opp,pro,cw,,cw,0,e,s,pro,ccw,+,ccw,1,e,ne,1
D,beta3,zeta8,split,opp,pro,cw,,cw,0,e,s,pro,ccw,-,ccw,1,e,nw,1
E,beta3,alpha6,split,opp,anti,cw,+,ccw,1,e,ne,anti,ccw,+,cw,1,e,sw,2
E,beta3,gamma4,split,opp,anti,cw,+,ccw,1,e,ne,anti,ccw,-,cw,1,e,se,2
E,beta3,zeta5,split,opp,anti,cw,+,ccw,1,e,ne,anti,ccw,,cw,0,e,s,1
E,beta3,gamma14,split,opp,anti,cw,-,ccw,1,e,nw,anti,ccw,+,cw,1,e,sw,2
E,beta3,alpha4,split,opp,anti,cw,-,ccw,1,e,nw,anti,ccw,-,cw,1,e,se,2
E,beta3,zeta13,split,opp,anti,cw,-,ccw,1,e,nw,anti,ccw,,cw,0,e,s,1
E,beta3,zeta14,split,opp,anti,cw,,ccw,0,e,n,anti,ccw,+,cw,1,e,sw,1
E,beta3,zeta4,split,opp,anti,cw,,ccw,0,e,n,anti,ccw,-,cw,1,e,se,1
E,beta5,alpha8,tog,opp,anti,cw,+,ccw,1,s,se,anti,ccw,+,cw,1,s,nw,2
E,beta5,gamma6,tog,opp,anti,cw,+,ccw,1,s,se,anti,ccw,-,cw,1,s,sw,2
E,beta5,zeta7,tog,opp,anti,cw,+,ccw,1,s,se,anti,ccw,,cw,0,s,w,1
E,beta5,gamma16,tog,opp,anti,cw,-,ccw,1,s,ne,anti,ccw,+,cw,1,s,nw,2
E,beta5,alpha6,tog,opp,anti,cw,-,ccw,1,s,ne,anti,ccw,-,cw,1,s,sw,2
E,beta5,zeta15,tog,opp,anti,cw,-,ccw,1,s,ne,anti,ccw,,cw,0,s,w,1
E,beta5,zeta16,tog,opp,anti,cw,,ccw,0,s,e,anti,ccw,+,cw,1,s,nw,1
E,beta5,zeta6,tog,opp,anti,cw,,ccw,0,s,e,anti,ccw,-,cw,1,s,sw,1
E,beta7,alpha2,split,opp,anti,cw,+,ccw,1,w,sw,anti,ccw,+,cw,1,w,ne,2
E,beta7,gamma8,split,opp,anti,cw,+,ccw,1,w,sw,anti,ccw,-,cw,1,w,nw,2
E,beta7,zeta1,split,opp,anti,cw,+,ccw,1,w,sw,anti,ccw,,cw,0,w,n,1
E,beta7,gamma10,split,opp,anti,cw,-,ccw,1,w,se,anti,ccw,+,cw,1,w,ne,2
E,beta7,alpha8,split,opp,anti,cw,-,ccw,1,w,se,anti,ccw,-,cw,1,w,nw,2
E,beta7,zeta9,split,opp,anti,cw,-,ccw,1,w,se,anti,ccw,,cw,0,w,n,1
E,beta7,zeta10,split,opp,anti,cw,,ccw,0,w,s,anti,ccw,+,cw,1,w,ne,1
E,beta7,zeta8,split,opp,anti,cw,,ccw,0,w,s,anti,ccw,-,cw,1,w,nw,1
E,beta1,alpha4,tog,opp,anti,cw,+,ccw,1,n,nw,anti,ccw,+,cw,1,n,se,2
E,beta1,gamma2,tog,opp,anti,cw,+,ccw,1,n,nw,anti,ccw,-,cw,1,n,ne,2
E,beta1,zeta3,tog,opp,anti,cw,+,ccw,1,n,nw,anti,ccw,,cw,0,n,e,1
E,beta1,gamma12,tog,opp,anti,cw,-,ccw,1,n,sw,anti,ccw,+,cw,1,n,se,2
E,beta1,alpha2,tog,opp,anti,cw,-,ccw,1,n,sw,anti,ccw,-,cw,1,n,ne,2
E,beta1,zeta11,tog,opp,anti,cw,-,ccw,1,n,sw,anti,ccw,,cw,0,n,e,1
E,beta1,zeta12,tog,opp,anti,cw,,ccw,0,n,w,anti,ccw,+,cw,1,n,se,1
E,beta1,zeta2,tog,opp,anti,cw,,ccw,0,n,w,anti,ccw,-,cw,1,n,ne,1
E,beta7,alpha6,split,opp,anti,ccw,+,cw,1,w,ne,anti,cw,+,ccw,1,w,sw,2
E,beta7,gamma4,split,opp,anti,ccw,+,cw,1,w,ne,anti,cw,-,ccw,1,w,se,2
E,beta7,zeta5,split,opp,anti,ccw,+,cw,1,w,ne,anti,cw,,ccw,0,w,s,1
E,beta7,gamma14,split,opp,anti,ccw,-,cw,1,w,nw,anti,cw,+,ccw,1,w,sw,2
E,beta7,alpha4,split,opp,anti,ccw,-,cw,1,w,nw,anti,cw,-,ccw,1,w,se,2
E,beta7,zeta13,split,opp,anti,ccw,-,cw,1,w,nw,anti,cw,,ccw,0,w,s,1
E,beta7,zeta14,split,opp,anti,ccw,,cw,0,w,n,anti,cw,+,ccw,1,w,sw,1
E,beta7,zeta4,split,opp,anti,ccw,,cw,0,w,n,anti,cw,-,ccw,1,w,se,1
E,beta1,alpha8,tog,opp,anti,ccw,+,cw,1,n,se,anti,cw,+,ccw,1,n,nw,2
E,beta1,gamma6,tog,opp,anti,ccw,+,cw,1,n,se,anti,cw,-,ccw,1,n,sw,2
E,beta1,zeta7,tog,opp,anti,ccw,+,cw,1,n,se,anti,cw,,ccw,0,n,w,1
E,beta1,gamma16,tog,opp,anti,ccw,-,cw,1,n,ne,anti,cw,+,ccw,1,n,nw,2
E,beta1,alpha6,tog,opp,anti,ccw,-,cw,1,n,ne,anti,cw,-,ccw,1,n,sw,2
E,beta1,zeta15,tog,opp,anti,ccw,-,cw,1,n,ne,anti,cw,,ccw,0,n,w,1
E,beta1,zeta16,tog,opp,anti,ccw,,cw,0,n,e,anti,cw,+,ccw,1,n,nw,1
E,beta1,zeta6,tog,opp,anti,ccw,,cw,0,n,e,anti,cw,-,ccw,1,n,sw,1
E,beta5,alpha4,tog,opp,anti,ccw,+,cw,1,s,nw,anti,cw,+,ccw,1,s,se,2
E,beta5,gamma2,tog,opp,anti,ccw,+,cw,1,s,nw,anti,cw,-,ccw,1,s,ne,2
E,beta5,zeta3,tog,opp,anti,ccw,+,cw,1,s,nw,anti,cw,,ccw,0,s,e,1
E,beta5,gamma12,tog,opp,anti,ccw,-,cw,1,s,sw,anti,cw,+,ccw,1,s,se,2
E,beta5,alpha2,tog,opp,anti,ccw,-,cw,1,s,sw,anti,cw,-,ccw,1,s,ne,2
E,beta5,zeta11,tog,opp,anti,ccw,-,cw,1,s,sw,anti,cw,,ccw,0,s,e,1
E,beta5,zeta12,tog,opp,anti,ccw,,cw,0,s,w,anti,cw,+,ccw,1,s,se,1
E,beta5,zeta2,tog,opp,anti,ccw,,cw,0,s,w,anti,cw,-,ccw,1,s,ne,1
E,beta3,alpha2,split,opp,anti,ccw,+,cw,1,e,sw,anti,cw,+,ccw,1,e,ne,2
E,beta3,gamma8,split,opp,anti,ccw,+,cw,1,e,sw,anti,cw,-,ccw,1,e,nw,2
E,beta3,zeta1,split,opp,anti,ccw,+,cw,1,e,sw,anti,cw,,ccw,0,e,n,1
E,beta3,gamma10,split,opp,anti,ccw,-,cw,1,e,se,anti,cw,+,ccw,1,e,ne,2
E,beta3,alpha8,split,opp,anti,ccw,-,cw,1,e,se,anti,cw,-,ccw,1,e,nw,2
E,beta3,zeta9,split,opp,anti,ccw,-,cw,1,e,se,anti,cw,,ccw,0,e,n,1
E,beta3,zeta10,split,opp,anti,ccw,,cw,0,e,s,anti,cw,+,ccw,1,e,ne,1
E,beta3,zeta8,split,opp,anti,ccw,,cw,0,e,s,anti,cw,-,ccw,1,e,nw,1
F,beta3,alpha6,split,opp,anti,cw,+,ccw,1,e,ne,pro,cw,+,cw,1,e,sw,2
F,beta3,gamma4,split,opp,anti,cw,+,ccw,1,e,ne,pro,cw,-,cw,1,e,se,2
F,beta3,zeta5,split,opp,anti,cw,+,ccw,1,e,ne,pro,cw,,cw,0,e,s,1
F,beta3,gamma14,split,opp,anti,cw,-,ccw,1,e,nw,pro,cw,+,cw,1,e,sw,2
F,beta3,alpha4,split,opp,anti,cw,-,ccw,1,e,nw,pro,cw,-,cw,1,e,se,2
F,beta3,zeta13,split,opp,anti,cw,-,ccw,1,e,nw,pro,cw,,cw,0,e,s,1
F,beta3,zeta14,split,opp,anti,cw,,ccw,0,e,n,pro,cw,+,cw,1,e,sw,1
F,beta3,zeta4,split,opp,anti,cw,,ccw,0,e,n,pro,cw,-,cw,1,e,se,1
F,beta5,alpha8,tog,opp,anti,cw,+,ccw,1,s,se,pro,cw,+,cw,1,s,nw,2
F,beta5,gamma6,tog,opp,anti,cw,+,ccw,1,s,se,pro,cw,-,cw,1,s,sw,2
F,beta5,zeta7,tog,opp,anti,cw,+,ccw,1,s,se,pro,cw,,cw,0,s,w,1
F,beta5,gamma16,tog,opp,anti,cw,-,ccw,1,s,ne,pro,cw,+,cw,1,s,nw,2
F,beta5,alpha6,tog,opp,anti,cw,-,ccw,1,s,ne,pro,cw,-,cw,1,s,sw,2
F,beta5,zeta15,tog,opp,anti,cw,-,ccw,1,s,ne,pro,cw,,cw,0,s,w,1
F,beta5,zeta16,tog,opp,anti,cw,,ccw,0,s,e,pro,cw,+,cw,1,s,nw,1
F,beta5,zeta6,tog,opp,anti,cw,,ccw,0,s,e,pro,cw,-,cw,1,s,sw,1
F,beta7,alpha2,split,opp,anti,cw,+,ccw,1,w,sw,pro,cw,+,cw,1,w,ne,2
F,beta7,gamma8,split,opp,anti,cw,+,ccw,1,w,sw,pro,cw,-,cw,1,w,nw,2
F,beta7,zeta1,split,opp,anti,cw,+,ccw,1,w,sw,pro,cw,,cw,0,w,n,1
F,beta7,gamma10,split,opp,anti,cw,-,ccw,1,w,se,pro,cw,+,cw,1,w,ne,2
F,beta7,alpha8,split,opp,anti,cw,-,ccw,1,w,se,pro,cw,-,cw,1,w,nw,2
F,beta7,zeta9,split,opp,anti,cw,-,ccw,1,w,se,pro,cw,,cw,0,w,n,1
F,beta7,zeta10,split,opp,anti,cw,,ccw,0,w,s,pro,cw,+,cw,1,w,ne,1
F,beta7,zeta8,split,opp,anti,cw,,ccw,0,w,s,pro,cw,-,cw,1,w,nw,1
F,beta1,alpha4,tog,opp,anti,cw,+,ccw,1,n,nw,pro,cw,+,cw,1,n,se,2
F,beta1,gamma2,tog,opp,anti,cw,+,ccw,1,n,nw,pro,cw,-,cw,1,n,ne,2
F,beta1,zeta3,tog,opp,anti,cw,+,ccw,1,n,nw,pro,cw,,cw,0,n,e,1
F,beta1,gamma12,tog,opp,anti,cw,-,ccw,1,n,sw,pro,cw,+,cw,1,n,se,2
F,beta1,alpha2,tog,opp,anti,cw,-,ccw,1,n,sw,pro,cw,-,cw,1,n,ne,2
F,beta1,zeta11,tog,opp,anti,cw,-,ccw,1,n,sw,pro,cw,,cw,0,n,e,1
F,beta1,zeta12,tog,opp,anti,cw,,ccw,0,n,w,pro,cw,+,cw,1,n,se,1
F,beta1,zeta2,tog,opp,anti,cw,,ccw,0,n,w,pro,cw,-,cw,1,n,ne,1
F,beta7,alpha6,split,opp,anti,ccw,+,cw,1,w,ne,pro,ccw,+,ccw,1,w,sw,2
F,beta7,gamma4,split,opp,anti,ccw,+,cw,1,w,ne,pro,ccw,-,ccw,1,w,se,2
F,beta7,zeta5,split,opp,anti,ccw,+,cw,1,w,ne,pro,ccw,,ccw,0,w,s,1
F,beta7,gamma14,split,opp,anti,ccw,-,cw,1,w,nw,pro,ccw,+,ccw,1,w,sw,2
F,beta7,alpha4,split,opp,anti,ccw,-,cw,1,w,nw,pro,ccw,-,ccw,1,w,se,2
F,beta7,zeta13,split,opp,anti,ccw,-,cw,1,w,nw,pro,ccw,,ccw,0,w,s,1
F,beta7,zeta14,split,opp,anti,ccw,,cw,0,w,n,pro,ccw,+,ccw,1,w,sw,1
F,beta7,zeta4,split,opp,anti,ccw,,cw,0,w,n,pro,ccw,-,ccw,1,w,se,1
F,beta1,alpha8,tog,opp,anti,ccw,+,cw,1,n,se,pro,ccw,+,ccw,1,n,nw,2
F,beta1,gamma6,tog,opp,anti,ccw,+,cw,1,n,se,pro,ccw,-,ccw,1,n,sw,2
F,beta1,zeta7,tog,opp,anti,ccw,+,cw,1,n,se,pro,ccw,,ccw,0,n,w,1
F,beta1,gamma16,tog,opp,anti,ccw,-,cw,1,n,ne,pro,ccw,+,ccw,1,n,nw,2
F,beta1,alpha6,tog,opp,anti,ccw,-,cw,1,n,ne,pro,ccw,-,ccw,1,n,sw,2
F,beta1,zeta15,tog,opp,anti,ccw,-,cw,1,n,ne,pro,ccw,,ccw,0,n,w,1
F,beta1,zeta16,tog,opp,anti,ccw,,cw,0,n,e,pro,ccw,+,ccw,1,n,nw,1
F,beta1,zeta6,tog,opp,anti,ccw,,cw,0,n,e,pro,ccw,-,ccw,1,n,sw,1
F,beta5,alpha4,tog,opp,anti,ccw,+,cw,1,s,nw,pro,ccw,+,ccw,1,s,se,2
F,beta5,gamma2,tog,opp,anti,ccw,+,cw,1,s,nw,pro,ccw,-,ccw,1,s,ne,2
F,beta5,zeta3,tog,opp,anti,ccw,+,cw,1,s,nw,pro,ccw,,ccw,0,s,e,1
F,beta5,gamma12,tog,opp,anti,ccw,-,cw,1,s,sw,pro,ccw,+,ccw,1,s,se,2
F,beta5,alpha2,tog,opp,anti,ccw,-,cw,1,s,sw,pro,ccw,-,ccw,1,s,ne,2
F,beta5,zeta11,tog,opp,anti,ccw,-,cw,1,s,sw,pro,ccw,,ccw,0,s,e,1
F,beta5,zeta12,tog,opp,anti,ccw,,cw,0,s,w,pro,ccw,+,ccw,1,s,se,1
F,beta5,zeta2,tog,opp,anti,ccw,,cw,0,s,w,pro,ccw,-,ccw,1,s,ne,1
F,beta3,alpha2,split,opp,anti,ccw,+,cw,1,e,sw,pro,ccw,+,ccw,1,e,ne,2
F,beta3,gamma8,split,opp,anti,ccw,+,cw,1,e,sw,pro,ccw,-,ccw,1,e,nw,2
F,beta3,zeta1,split,opp,anti,ccw,+,cw,1,e,sw,pro,ccw,,ccw,0,e,n,1
F,beta3,gamma10,split,opp,anti,ccw,-,cw,1,e,se,pro,ccw,+,ccw,1,e,ne,2
F,beta3,alpha8,split,opp,anti,ccw,-,cw,1,e,se,pro,ccw,-,ccw,1,e,nw,2
F,beta3,zeta9,split,opp,anti,ccw,-,cw,1,e,se,pro,ccw,,ccw,0,e,n,1
F,beta3,zeta10,split,opp,anti,ccw,,cw,0,e,s,pro,ccw,+,ccw,1,e,ne,1
F,beta3,zeta8,split,opp,anti,ccw,,cw,0,e,s,pro,ccw,-,ccw,1,e,nw,1
F,beta3,alpha6,split,opp,pro,ccw,+,ccw,1,e,ne,anti,ccw,+,cw,1,e,sw,2
F,beta3,gamma4,split,opp,pro,ccw,+,ccw,1,e,ne,anti,ccw,-,cw,1,e,se,2
F,beta3,zeta5,split,opp,pro,ccw,+,ccw,1,e,ne,anti,ccw,,cw,0,e,s,1
F,beta3,gamma14,split,opp,pro,ccw,-,ccw,1,e,nw,anti,ccw,+,cw,1,e,sw,2
F,beta3,alpha4,split,opp,pro,ccw,-,ccw,1,e,nw,anti,ccw,-,cw,1,e,se,2
F,beta3,zeta13,split,opp,pro,ccw,-,ccw,1,e,nw,anti,ccw,,cw,0,e,s,1
F,beta3,zeta14,split,opp,pro,ccw,,ccw,0,e,n,anti,ccw,+,cw,1,e,sw,1
F,beta3,zeta4,split,opp,pro,ccw,,ccw,0,e,n,anti,ccw,-,cw,1,e,se,1
F,beta5,alpha8,tog,opp,pro,ccw,+,ccw,1,s,se,anti,ccw,+,cw,1,s,nw,2
F,beta5,gamma6,tog,opp,pro,ccw,+,ccw,1,s,se,anti,ccw,-,cw,1,s,sw,2
F,beta5,zeta7,tog,opp,pro,ccw,+,ccw,1,s,se,anti,ccw,,cw,0,s,w,1
F,beta5,gamma16,tog,opp,pro,ccw,-,ccw,1,s,ne,anti,ccw,+,cw,1,s,nw,2
F,beta5,alpha6,tog,opp,pro,ccw,-,ccw,1,s,ne,anti,ccw,-,cw,1,s,sw,2
F,beta5,zeta15,tog,opp,pro,ccw,-,ccw,1,s,ne,anti,ccw,,cw,0,s,w,1
F,beta5,zeta16,tog,opp,pro,ccw,,ccw,0,s,e,anti,ccw,+,cw,1,s,nw,1
F,beta5,zeta6,tog,opp,pro,ccw,,ccw,0,s,e,anti,ccw,-,cw,1,s,sw,1
F,beta7,alpha2,split,opp,pro,ccw,+,ccw,1,w,sw,anti,ccw,+,cw,1,w,ne,2
F,beta7,gamma8,split,opp,pro,ccw,+,ccw,1,w,sw,anti,ccw,-,cw,1,w,nw,2
F,beta7,zeta1,split,opp,pro,ccw,+,ccw,1,w,sw,anti,ccw,,cw,0,w,n,1
F,beta7,gamma10,split,opp,pro,ccw,-,ccw,1,w,se,anti,ccw,+,cw,1,w,ne,2
F,beta7,alpha8,split,opp,pro,ccw,-,ccw,1,w,se,anti,ccw,-,cw,1,w,nw,2
F,beta7,zeta9,split,opp,pro,ccw,-,ccw,1,w,se,anti,ccw,,cw,0,w,n,1
F,beta7,zeta10,split,opp,pro,ccw,,ccw,0,w,s,anti,ccw,+,cw,1,w,ne,1
F,beta7,zeta8,split,opp,pro,ccw,,ccw,0,w,s,anti,ccw,-,cw,1,w,nw,1
F,beta1,alpha4,tog,opp,pro,ccw,+,ccw,1,n,nw,anti,ccw,+,cw,1,n,se,2
F,beta1,gamma2,tog,opp,pro,ccw,+,ccw,1,n,nw,anti,ccw,-,cw,1,n,ne,2
F,beta1,zeta3,tog,opp,pro,ccw,+,ccw,1,n,nw,anti,ccw,,cw,0,n,e,1
F,beta1,gamma12,tog,opp,pro,ccw,-,ccw,1,n,sw,anti,ccw,+,cw,1,n,se,2
F,beta1,alpha2,tog,opp,pro,ccw,-,ccw,1,n,sw,anti,ccw,-,cw,1,n,ne,2
F,beta1,zeta11,tog,opp,pro,ccw,-,ccw,1,n,sw,anti,ccw,,cw,0,n,e,1
F,beta1,zeta12,tog,opp,pro,ccw,,ccw,0,n,w,anti,ccw,+,cw,1,n,se,1
F,beta1,zeta2,tog,opp,pro,ccw,,ccw,0,n,w,anti,ccw,-,cw,1,n,ne,1
F,beta7,alpha6,split,opp,pro,cw,+,cw,1,w,ne,anti,cw,+,ccw,1,w,sw,2
F,beta7,gamma4,split,opp,pro,cw,+,cw,1,w,ne,anti,cw,-,ccw,1,w,se,2
F,beta7,zeta5,split,opp,pro,cw,+,cw,1,w,ne,anti,cw,,ccw,0,w,s,1
F,beta7,gamma14,split,opp,pro,cw,-,cw,1,w,nw,anti,cw,+,ccw,1,w,sw,2
F,beta7,alpha4,split,opp,pro,cw,-,cw,1,w,nw,anti,cw,-,ccw,1,w,se,2
F,beta7,zeta13,split,opp,pro,cw,-,cw,1,w,nw,anti,cw,,ccw,0,w,s,1
F,beta7,zeta14,split,opp,pro,cw,,cw,0,w,n,anti,cw,+,ccw,1,w,sw,1
F,beta7,zeta4,split,opp,pro,cw,,cw,0,w,n,anti,cw,-,ccw,1,w,se,1
F,beta1,alpha8,tog,opp,pro,cw,+,cw,1,n,se,anti,cw,+,ccw,1,n,nw,2
F,beta1,gamma6,tog,opp,pro,cw,+,cw,1,n,se,anti,cw,-,ccw,1,n,sw,2
F,beta1,zeta7,tog,opp,pro,cw,+,cw,1,n,se,anti,cw,,ccw,0,n,w,1
F,beta1,gamma16,tog,opp,pro,cw,-,cw,1,n,ne,anti,cw,+,ccw,1,n,nw,2
F,beta1,alpha6,tog,opp,pro,cw,-,cw,1,n,ne,anti,cw,-,ccw,1,n,sw,2
F,beta1,zeta15,tog,opp,pro,cw,-,cw,1,n,ne,anti,cw,,ccw,0,n,w,1
F,beta1,zeta16,tog,opp,pro,cw,,cw,0,n,e,anti,cw,+,ccw,1,n,nw,1
F,beta1,zeta6,tog,opp,pro,cw,,cw,0,n,e,anti,cw,-,ccw,1,n,sw,1
F,beta5,alpha4,tog,opp,pro,cw,+,cw,1,s,nw,anti,cw,+,ccw,1,s,se,2
F,beta5,gamma2,tog,opp,pro,cw,+,cw,1,s,nw,anti,cw,-,ccw,1,s,ne,2
F,beta5,zeta3,tog,opp,pro,cw,+,cw,1,s,nw,anti,cw,,ccw,0,s,e,1
F,beta5,gamma12,tog,opp,pro,cw,-,cw,1,s,sw,anti,cw,+,ccw,1,s,se,2
F,beta5,alpha2,tog,opp,pro,cw,-,cw,1,s,sw,anti,cw,-,ccw,1,s,ne,2
F,beta5,zeta11,tog,opp,pro,cw,-,cw,1,s,sw,anti,cw,,ccw,0,s,e,1
F,beta5,zeta12,tog,opp,pro,cw,,cw,0,s,w,anti,cw,+,ccw,1,s,se,1
F,beta5,zeta2,tog,opp,pro,cw,,cw,0,s,w,anti,cw,-,ccw,1,s,ne,1
F,beta3,alpha2,split,opp,pro,cw,+,cw,1,e,sw,anti,cw,+,ccw,1,e,ne,2
F,beta3,gamma8,split,opp,pro,cw,+,cw,1,e,sw,anti,cw,-,ccw,1,e,nw,2
F,beta3,zeta1,split,opp,pro,cw,+,cw,1,e,sw,anti,cw,,ccw,0,e,n,1
F,beta3,gamma10,split,opp,pro,cw,-,cw,1,e,se,anti,cw,+,ccw,1,e,ne,2
F,beta3,alpha8,split,opp,pro,cw,-,cw,1,e,se,anti,cw,-,ccw,1,e,nw,2
F,beta3,zeta9,split,opp,pro,cw,-,cw,1,e,se,anti,cw,,ccw,0,e,n,1
F,beta3,zeta10,split,opp,pro,cw,,cw,0,e,s,anti,cw,+,ccw,1,e,ne,1
F,beta3,zeta8,split,opp,pro,cw,,cw,0,e,s,anti,cw,-,ccw,1,e,nw,1
G,beta3,beta6,tog,same,pro,cw,+,cw,1,e,sw,pro,cw,+,cw,1,e,sw,2
G,beta3,gamma12,tog,same,pro,cw,+,cw,1,e,sw,pro,cw,-,cw,1,e,se,2
G,beta3,eta13,tog,same,pro,cw,+,cw,1,e,sw,pro,cw,,cw,0,e,s,1
G,beta3,gamma6,tog,same,pro,cw,-,cw,1,e,se,pro,cw,+,cw,1,e,sw,2
G,beta3,beta4,tog,same,pro,cw,-,cw,1,e,se,pro,cw,-,cw,1,e,se,2
G,beta3,eta5,tog,same,pro,cw,-,cw,1,e,se,pro,cw,,cw,0,e,s,1
G,beta3,eta6,tog,same,pro,cw,,cw,0,e,s,pro,cw,+,cw,1,e,sw,1
G,beta3,eta12,tog,same,pro,cw,,cw,0,e,s,pro,cw,-,cw,1,e,se,1
G,beta5,beta8,tog,same,pro,cw,+,cw,1,s,nw,pro,cw,+,cw,1,s,nw,2
G,beta5,gamma14,tog,same,pro,cw,+,cw,1,s,nw,pro,cw,-,cw,1,s,sw,2
G,beta5,eta15,tog,same,pro,cw,+,cw,1,s,nw,pro,cw,,cw,0,s,w,1
G,beta5,gamma8,tog,same,pro,cw,-,cw,1,s,sw,pro,cw,+,cw,1,s,nw,2
G,beta5,beta6,tog,same,pro,cw,-,cw,1,s,sw,pro,cw,-,cw,1,s,sw,2
G,beta5,eta7,tog,same,pro,cw,-,cw,1,s,sw,pro,cw,,cw,0,s,w,1
G,beta5,eta8,tog,same,pro,cw,,cw,0,s,w,pro,cw,+,cw,1,s,nw,1
G,beta5,eta14,tog,same,pro,cw,,cw,0,s,w,pro,cw,-,cw,1,s,sw,1
G,beta7,beta2,tog,same,pro,cw,+,cw,1,w,ne,pro,cw,+,cw,1,w,ne,2
G,beta7,gamma16,tog,same,pro,cw,+,cw,1,w,ne,pro,cw,-,cw,1,w,nw,2
G,beta7,eta9,tog,same,pro,cw,+,cw,1,w,ne,pro,cw,,cw,0,w,n,1
G,beta7,gamma2,tog,same,pro,cw,-,cw,1,w,nw,pro,cw,+,cw,1,w,ne,2
G,beta7,beta8,tog,same,pro,cw,-,cw,1,w,nw,pro,cw,-,cw,1,w,nw,2
G,beta7,eta1,tog,same,pro,cw,-,cw,1,w,nw,pro,cw,,cw,0,w,n,1
G,beta7,eta2,tog,same,pro,cw,,cw,0,w,n,pro,cw,+,cw,1,w,ne,1
G,beta7,eta16,tog,same,pro,cw,,cw,0,w,n,pro,cw,-,cw,1,w,nw,1
G,beta1,beta4,tog,same,pro,cw,+,cw,1,n,se,pro,cw,+,cw,1,n,se,2
G,beta1,gamma10,tog,same,pro,cw,+,cw,1,n,se,pro,cw,-,cw,1,n,ne,2
G,beta1,eta11,tog,same,pro,cw,+,cw,1,n,se,pro,cw,,cw,0,n,e,1
G,beta1,gamma4,tog,same,pro,cw,-,cw,1,n,ne,pro,cw,+,cw,1,n,se,2
G,beta1,beta2,tog,same,pro,cw,-,cw,1,n,ne,pro,cw,-,cw,1,n,ne,2
G,beta1,eta3,tog,same,pro,cw,-,cw,1,n,ne,pro,cw,,cw,0,n,e,1
G,beta1,eta4,tog,same,pro,cw,,cw,0,n,e,pro,cw,+,cw,1,n,se,1
G,beta1,eta10,tog,same,pro,cw,,cw,0,n,e,pro,cw,-,cw,1,n,ne,1
G,beta7,beta6,tog,same,pro,ccw,+,ccw,1,w,sw,pro,ccw,+,ccw,1,w,sw,2
G,beta7,gamma12,tog,same,pro,ccw,+,ccw,1,w,sw,pro,ccw,-,ccw,1,w,se,2
G,beta7,eta13,tog,same,pro,ccw,+,ccw,1,w,sw,pro,ccw,,ccw,0,w,s,1
G,beta7,gamma6,tog,same,pro,ccw,-,ccw,1,w,se,pro,ccw,+,ccw,1,w,sw,2
G,beta7,beta4,tog,same,pro,ccw,-,ccw,1,w,se,pro,ccw,-,ccw,1,w,se,2
G,beta7,eta5,tog,same,pro,ccw,-,ccw,1,w,se,pro,ccw,,ccw,0,w,s,1
G,beta7,eta6,tog,same,pro,ccw,,ccw,0,w,s,pro,ccw,+,ccw,1,w,sw,1
G,beta7,eta12,tog,same,pro,ccw,,ccw,0,w,s,pro,ccw,-,ccw,1,w,se,1
G,beta1,beta8,tog,same,pro,ccw,+,ccw,1,n,nw,pro,ccw,+,ccw,1,n,nw,2
G,beta1,gamma14,tog,same,pro,ccw,+,ccw,1,n,nw,pro,ccw,-,ccw,1,n,sw,2
G,beta1,eta15,tog,same,pro,ccw,+,ccw,1,n,nw,pro,ccw,,ccw,0,n,w,1
G,beta1,gamma8,tog,same,pro,ccw,-,ccw,1,n,sw,pro,ccw,+,ccw,1,n,nw,2
G,beta1,beta6,tog,same,pro,ccw,-,ccw,1,n,sw,pro,ccw,-,ccw,1,n,sw,2
G,beta1,eta7,tog,same,pro,ccw,-,ccw,1,n,sw,pro,ccw,,ccw,0,n,w,1
G,beta1,eta8,tog,same,pro,ccw,,ccw,0,n,w,pro,ccw,+,ccw,1,n,nw,1
G,beta1,eta14,tog,same,pro,ccw,,ccw,0,n,w,pro,ccw,-,ccw,1,n,sw,1
G,beta5,beta4,tog,same,pro,ccw,+,ccw,1,s,se,pro,ccw,+,ccw,1,s,se,2
G,beta5,gamma10,tog,same,pro,ccw,+,ccw,1,s,se,pro,ccw,-,ccw,1,s,ne,2
G,beta5,eta11,tog,same,pro,ccw,+,ccw,1,s,se,pro,ccw,,ccw,0,s,e,1
G,beta5,gamma4,tog,same,pro,ccw,-,ccw,1,s,ne,pro,ccw,+,ccw,1,s,se,2
G,beta5,beta2,tog,same,pro,ccw,-,ccw,1,s,ne,pro,ccw,-,ccw,1,s,ne,2
G,beta5,eta3,tog,same,pro,ccw,-,ccw,1,s,ne,pro,ccw,,ccw,0,s,e,1
G,beta5,eta4,tog,same,pro,ccw,,ccw,0,s,e,pro,ccw,+,ccw,1,s,se,1
G,beta5,eta10,tog,same,pro,ccw,,ccw,0,s,e,pro,ccw,-,ccw,1,s,ne,1
G,beta3,beta2,tog,same,pro,ccw,+,ccw,1,e,ne,pro,ccw,+,ccw,1,e,ne,2
G,beta3,gamma16,tog,same,pro,ccw,+,ccw,1,e,ne,pro,ccw,-,ccw,1,e,nw,2
G,beta3,eta9,tog,same,pro,ccw,+,ccw,1,e,ne,pro,ccw,,ccw,0,e,n,1
G,beta3,gamma2,tog,same,pro,ccw,-,ccw,1,e,nw,pro,ccw,+,ccw,1,e,ne,2
G,beta3,beta8,tog,same,pro,ccw,-,ccw,1,e,nw,pro,ccw,-,ccw,1,e,nw,2
G,beta3,eta1,tog,same,pro,ccw,-,ccw,1,e,nw,pro,ccw,,ccw,0,e,n,1
G,beta3,eta2,tog,same,pro,ccw,,ccw,0,e,n,pro,ccw,+,ccw,1,e,ne,1
G,beta3,eta16,tog,same,pro,ccw,,ccw,0,e,n,pro,ccw,-,ccw,1,e,nw,1
H,beta3,beta6,tog,same,anti,ccw,+,cw,1,e,sw,anti,ccw,+,cw,1,e,sw,2
H,beta3,gamma12,tog,same,anti,ccw,+,cw,1,e,sw,anti,ccw,-,cw,1,e,se,2
H,beta3,eta13,tog,same,anti,ccw,+,cw,1,e,sw,anti,ccw,,cw,0,e,s,1
H,beta3,gamma6,tog,same,anti,ccw,-,cw,1,e,se,anti,ccw,+,cw,1,e,sw,2
H,beta3,beta4,tog,same,anti,ccw,-,cw,1,e,se,anti,ccw,-,cw,1,e,se,2
H,beta3,eta5,tog,same,anti,ccw,-,cw,1,e,se,anti,ccw,,cw,0,e,s,1
H,beta3,eta6,tog,same,anti,ccw,,cw,0,e,s,anti,ccw,+,cw,1,e,sw,1
H,beta3,eta12,tog,same,anti,ccw,,cw,0,e,s,anti,ccw,-,cw,1,e,se,1
H,beta5,beta8,tog,same,anti,ccw,+,cw,1,s,nw,anti,ccw,+,cw,1,s,nw,2
H,beta5,gamma14,tog,same,anti,ccw,+,cw,1,s,nw,anti,ccw,-,cw,1,s,sw,2
H,beta5,eta15,tog,same,anti,ccw,+,cw,1,s,nw,anti,ccw,,cw,0,s,w,1
H,beta5,gamma8,tog,same,anti,ccw,-,cw,1,s,sw,anti,ccw,+,cw,1,s,nw,2
H,beta5,beta6,tog,same,anti,ccw,-,cw,1,s,sw,anti,ccw,-,cw,1,s,sw,2
H,beta5,eta7,tog,same,anti,ccw,-,cw,1,s,sw,anti,ccw,,cw,0,s,w,1
H,beta5,eta8,tog,same,anti,ccw,,cw,0,s,w,anti,ccw,+,cw,1,s,nw,1
H,beta5,eta14,tog,same,anti,ccw,,cw,0,s,w,anti,ccw,-,cw,1,s,sw,1
H,beta7,beta2,tog,same,anti,ccw,+,cw,1,w,ne,anti,ccw,+,cw,1,w,ne,2
H,beta7,gamma16,tog,same,anti,ccw,+,cw,1,w,ne,anti,ccw,-,cw,1,w,nw,2
H,beta7,eta9,tog,same,anti,ccw,+,cw,1,w,ne,anti,ccw,,cw,0,w,n,1
H,beta7,gamma2,tog,same,anti,ccw,-,cw,1,w,nw,anti,ccw,+,cw,1,w,ne,2
H,beta7,beta8,tog,same,anti,ccw,-,cw,1,w,nw,anti,ccw,-,cw,1,w,nw,2
H,beta7,eta1,tog,same,anti,ccw,-,cw,1,w,nw,anti,ccw,,cw,0,w,n,1
H,beta7,eta2,tog,same,anti,ccw,,cw,0,w,n,anti,ccw,+,cw,1,w,ne,1
H,beta7,eta16,tog,same,anti,ccw,,cw,0,w,n,anti,ccw,-,cw,1,w,nw,1
H,beta1,beta4,tog,same,anti,ccw,+,cw,1,n,se,anti,ccw,+,cw,1,n,se,2
H,beta1,gamma10,tog,same,anti,ccw,+,cw,1,n,se,anti,ccw,-,cw,1,n,ne,2
H,beta1,eta11,tog,same,anti,ccw,+,cw,1,n,se,anti,ccw,,cw,0,n,e,1
H,beta1,gamma4,tog,same,anti,ccw,-,cw,1,n,ne,anti,ccw,+,cw,1,n,se,2
H,beta1,beta2,tog,same,anti,ccw,-,cw,1,n,ne,anti,ccw,-,cw,1,n,ne,2
H,beta1,eta3,tog,same,anti,ccw,-,cw,1,n,ne,anti,ccw,,cw,0,n,e,1
H,beta1,eta4,tog,same,anti,ccw,,cw,0,n,e,anti,ccw,+,cw,1,n,se,1
H,beta1,eta10,tog,same,anti,ccw,,cw,0,n,e,anti,ccw,-,cw,1,n,ne,1
H,beta7,beta6,tog,same,anti,cw,+,ccw,1,w,sw,anti,cw,+,ccw,1,w,sw,2
H,beta7,gamma12,tog,same,anti,cw,+,ccw,1,w,sw,anti,cw,-,ccw,1,w,se,2
H,beta7,eta13,tog,same,anti,cw,+,ccw,1,w,sw,anti,cw,,ccw,0,w,s,1
H,beta7,gamma6,tog,same,anti,cw,-,ccw,1,w,se,anti,cw,+,ccw,1,w,sw,2
H,beta7,beta4,tog,same,anti,cw,-,ccw,1,w,se,anti,cw,-,ccw,1,w,se,2
H,beta7,eta5,tog,same,anti,cw,-,ccw,1,w,se,anti,cw,,ccw,0,w,s,1
H,beta7,eta6,tog,same,anti,cw,,ccw,0,w,s,anti,cw,+,ccw,1,w,sw,1
H,beta7,eta12,tog,same,anti,cw,,ccw,0,w,s,anti,cw,-,ccw,1,w,se,1
H,beta1,beta8,tog,same,anti,cw,+,ccw,1,n,nw,anti,cw,+,ccw,1,n,nw,2
H,beta1,gamma14,tog,same,anti,cw,+,ccw,1,n,nw,anti,cw,-,ccw,1,n,sw,2
H,beta1,eta15,tog,same,anti,cw,+,ccw,1,n,nw,anti,cw,,ccw,0,n,w,1
H,beta1,gamma8,tog,same,anti,cw,-,ccw,1,n,sw,anti,cw,+,ccw,1,n,nw,2
H,beta1,beta6,tog,same,anti,cw,-,ccw,1,n,sw,anti,cw,-,ccw,1,n,sw,2
H,beta1,eta7,tog,same,anti,cw,-,ccw,1,n,sw,anti,cw,,ccw,0,n,w,1
H,beta1,eta8,tog,same,anti,cw,,ccw,0,n,w,anti,cw,+,ccw,1,n,nw,1
H,beta1,eta14,tog,same,anti,cw,,ccw,0,n,w,anti,cw,-,ccw,1,n,sw,1
H,beta5,beta4,tog,same,anti,cw,+,ccw,1,s,se,anti,cw,+,ccw,1,s,se,2
H,beta5,gamma10,tog,same,anti,cw,+,ccw,1,s,se,anti,cw,-,ccw,1,s,ne,2
H,beta5,eta11,tog,same,anti,cw,+,ccw,1,s,se,anti,cw,,ccw,0,s,e,1
H,beta5,gamma4,tog,same,anti,cw,-,ccw,1,s,ne,anti,cw,+,ccw,1,s,se,2
H,beta5,beta2,tog,same,anti,cw,-,ccw,1,s,ne,anti,cw,-,ccw,1,s,ne,2
H,beta5,eta3,tog,same,anti,cw,-,ccw,1,s,ne,anti,cw,,ccw,0,s,e,1
H,beta5,eta4,tog,same,anti,cw,,ccw,0,s,e,anti,cw,+,ccw,1,s,se,1
H,beta5,eta10,tog,same,anti,cw,,ccw,0,s,e,anti,cw,-,ccw,1,s,ne,1
H,beta3,beta2,tog,same,anti,cw,+,ccw,1,e,ne,anti,cw,+,ccw,1,e,ne,2
H,beta3,gamma16,tog,same,anti,cw,+,ccw,1,e,ne,anti,cw,-,ccw,1,e,nw,2
H,beta3,eta9,tog,same,anti,cw,+,ccw,1,e,ne,anti,cw,,ccw,0,e,n,1
H,beta3,gamma2,tog,same,anti,cw,-,ccw,1,e,nw,anti,cw,+,ccw,1,e,ne,2
H,beta3,beta8,tog,same,anti,cw,-,ccw,1,e,nw,anti,cw,-,ccw,1,e,nw,2
H,beta3,eta1,tog,same,anti,cw,-,ccw,1,e,nw,anti,cw,,ccw,0,e,n,1
H,beta3,eta2,tog,same,anti,cw,,ccw,0,e,n,anti,cw,+,ccw,1,e,ne,1
H,beta3,eta16,tog,same,anti,cw,,ccw,0,e,n,anti,cw,-,ccw,1,e,nw,1
I,beta3,beta6,tog,same,anti,ccw,+,cw,1,e,sw,pro,cw,+,cw,1,e,sw,2
I,beta3,gamma12,tog,same,anti,ccw,+,cw,1,e,sw,pro,cw,-,cw,1,e,se,2
I,beta3,eta13,tog,same,anti,ccw,+,cw,1,e,sw,pro,cw,,cw,0,e,s,1
I,beta3,gamma6,tog,same,anti,ccw,-,cw,1,e,se,pro,cw,+,cw,1,e,sw,2
I,beta3,beta4,tog,same,anti,ccw,-,cw,1,e,se,pro,cw,-,cw,1,e,se,2
I,beta3,eta5,tog,same,anti,ccw,-,cw,1,e,se,pro,cw,,cw,0,e,s,1
I,beta3,eta6,tog,same,anti,ccw,,cw,0,e,s,pro,cw,+,cw,1,e,sw,1
I,beta3,eta12,tog,same,anti,ccw,,cw,0,e,s,pro,cw,-,cw,1,e,se,1
I,beta5,beta8,tog,same,anti,ccw,+,cw,1,s,nw,pro,cw,+,cw,1,s,nw,2
I,beta5,gamma14,tog,same,anti,ccw,+,cw,1,s,nw,pro,cw,-,cw,1,s,sw,2
I,beta5,eta15,tog,same,anti,ccw,+,cw,1,s,nw,pro,cw,,cw,0,s,w,1
I,beta5,gamma8,tog,same,anti,ccw,-,cw,1,s,sw,pro,cw,+,cw,1,s,nw,2
I,beta5,beta6,tog,same,anti,ccw,-,cw,1,s,sw,pro,cw,-,cw,1,s,sw,2
I,beta5,eta7,tog,same,anti,ccw,-,cw,1,s,sw,pro,cw,,cw,0,s,w,1
I,beta5,eta8,tog,same,anti,ccw,,cw,0,s,w,pro,cw,+,cw,1,s,nw,1
I,beta5,eta14,tog,same,anti,ccw,,cw,0,s,w,pro,cw,-,cw,1,s,sw,1
I,beta7,beta2,tog,same,anti,ccw,+,cw,1,w,ne,pro,cw,+,cw,1,w,ne,2
I,beta7,gamma16,tog,same,anti,ccw,+,cw,1,w,ne,pro,cw,-,cw,1,w,nw,2
I,beta7,eta9,tog,same,anti,ccw,+,cw,1,w,ne,pro,cw,,cw,0,w,n,1
I,beta7,gamma2,tog,same,anti,ccw,-,cw,1,w,nw,pro,cw,+,cw,1,w,ne,2
I,beta7,beta8,tog,same,anti,ccw,-,cw,1,w,nw,pro,cw,-,cw,1,w,nw,2
I,beta7,eta1,tog,same,anti,ccw,-,cw,1,w,nw,pro,cw,,cw,0,w,n,1
I,beta7,eta2,tog,same,anti,ccw,,cw,0,w,n,pro,cw,+,cw,1,w,ne,1
I,beta7,eta16,tog,same,anti,ccw,,cw,0,w,n,pro,cw,-,cw,1,w,nw,1
I,beta1,beta4,tog,same,anti,ccw,+,cw,1,n,se,pro,cw,+,cw,1,n,se,2
I,beta1,gamma10,tog,same,anti,ccw,+,cw,1,n,se,pro,cw,-,cw,1,n,ne,2
I,beta1,eta11,tog,same,anti,ccw,+,cw,1,n,se,pro,cw,,cw,0,n,e,1
I,beta1,gamma4,tog,same,anti,ccw,-,cw,1,n,ne,pro,cw,+,cw,1,n,se,2
I,beta1,beta2,tog,same,anti,ccw,-,cw,1,n,ne,pro,cw,-,cw,1,n,ne,2
I,beta1,eta3,tog,same,anti,ccw,-,cw,1,n,ne,pro,cw,,cw,0,n,e,1
I,beta1,eta4,tog,same,anti,ccw,,cw,0,n,e,pro,cw,+,cw,1,n,se,1
I,beta1,eta10,tog,same,anti,ccw,,cw,0,n,e,pro,cw,-,cw,1,n,ne,1
I,beta7,beta6,tog,same,anti,cw,+,ccw,1,w,sw,pro,ccw,+,ccw,1,w,sw,2
I,beta7,gamma12,tog,same,anti,cw,+,ccw,1,w,sw,pro,ccw,-,ccw,1,w,se,2
I,beta7,eta13,tog,same,anti,cw,+,ccw,1,w,sw,pro,ccw,,ccw,0,w,s,1
I,beta7,gamma6,tog,same,anti,cw,-,ccw,1,w,se,pro,ccw,+,ccw,1,w,sw,2
I,beta7,beta4,tog,same,anti,cw,-,ccw,1,w,se,pro,ccw,-,ccw,1,w,se,2
I,beta7,eta5,tog,same,anti,cw,-,ccw,1,w,se,pro,ccw,,ccw,0,w,s,1
I,beta7,eta6,tog,same,anti,cw,,ccw,0,w,s,pro,ccw,+,ccw,1,w,sw,1
I,beta7,eta12,tog,same,anti,cw,,ccw,0,w,s,pro,ccw,-,ccw,1,w,se,1
I,beta1,beta8,tog,same,anti,cw,+,ccw,1,n,nw,pro,ccw,+,ccw,1,n,nw,2
I,beta1,gamma14,tog,same,anti,cw,+,ccw,1,n,nw,pro,ccw,-,ccw,1,n,sw,2
I,beta1,eta15,tog,same,anti,cw,+,ccw,1,n,nw,pro,ccw,,ccw,0,n,w,1
I,beta1,gamma8,tog,same,anti,cw,-,ccw,1,n,sw,pro,ccw,+,ccw,1,n,nw,2
I,beta1,beta6,tog,same,anti,cw,-,ccw,1,n,sw,pro,ccw,-,ccw,1,n,sw,2
I,beta1,eta7,tog,same,anti,cw,-,ccw,1,n,sw,pro,ccw,,ccw,0,n,w,1
I,beta1,eta8,tog,same,anti,cw,,ccw,0,n,w,pro,ccw,+,ccw,1,n,nw,1
I,beta1,eta14,tog,same,anti,cw,,ccw,0,n,w,pro,ccw,-,ccw,1,n,sw,1
I,beta5,beta4,tog,same,anti,cw,+,ccw,1,s,se,pro,ccw,+,ccw,1,s,se,2
I,beta5,gamma10,tog,same,anti,cw,+,ccw,1,s,se,pro,ccw,-,ccw,1,s,ne,2
I,beta5,eta11,tog,same,anti,cw,+,ccw,1,s,se,pro,ccw,,ccw,0,s,e,1
I,beta5,gamma4,tog,same,anti,cw,-,ccw,1,s,ne,pro,ccw,+,ccw,1,s,se,2
I,beta5,beta2,tog,same,anti,cw,-,ccw,1,s,ne,pro,ccw,-,ccw,1,s,ne,2
I,beta5,eta3,tog,same,anti,cw,-,ccw,1,s,ne,pro,ccw,,ccw,0,s,e,1
I,beta5,eta4,tog,same,anti,cw,,ccw,0,s,e,pro,ccw,+,ccw,1,s,se,1
I,beta5,eta10,tog,same,anti,cw,,ccw,0,s,e,pro,ccw,-,ccw,1,s,ne,1
I,beta3,beta2,tog,same,anti,cw,+,ccw,1,e,ne,pro,ccw,+,ccw,1,e,ne,2
I,beta3,gamma16,tog,same,anti,cw,+,ccw,1,e,ne,pro,ccw,-,ccw,1,e,nw,2
I,beta3,eta9,tog,same,anti,cw,+,ccw,1,e,ne,pro,ccw,,ccw,0,e,n,1
I,beta3,gamma2,tog,same,anti,cw,-,ccw,1,e,nw,pro,ccw,+,ccw,1,e,ne,2
I,beta3,beta8,tog,same,anti,cw,-,ccw,1,e,nw,pro,ccw,-,ccw,1,e,nw,2
I,beta3,eta1,tog,same,anti,cw,-,ccw,1,e,nw,pro,ccw,,ccw,0,e,n,1
I,beta3,eta2,tog,same,anti,cw,,ccw,0,e,n,pro,ccw,+,ccw,1,e,ne,1
I,beta3,eta16,tog,same,anti,cw,,ccw,0,e,n,pro,ccw,-,ccw,1,e,nw,1
I,beta3,beta6,tog,same,pro,cw,+,cw,1,e,sw,anti,ccw,+,cw,1,e,sw,2
I,beta3,gamma12,tog,same,pro,cw,+,cw,1,e,sw,anti,ccw,-,cw,1,e,se,2
I,beta3,eta13,tog,same,pro,cw,+,cw,1,e,sw,anti,ccw,,cw,0,e,s,1
I,beta3,gamma6,tog,same,pro,cw,-,cw,1,e,se,anti,ccw,+,cw,1,e,sw,2
I,beta3,beta4,tog,same,pro,cw,-,cw,1,e,se,anti,ccw,-,cw,1,e,se,2
I,beta3,eta5,tog,same,pro,cw,-,cw,1,e,se,anti,ccw,,cw,0,e,s,1
I,beta3,eta6,tog,same,pro,cw,,cw,0,e,s,anti,ccw,+,cw,1,e,sw,1
I,beta3,eta12,tog,same,pro,cw,,cw,0,e,s,anti,ccw,-,cw,1,e,se,1
I,beta5,beta8,tog,same,pro,cw,+,cw,1,s,nw,anti,ccw,+,cw,1,s,nw,2
I,beta5,gamma14,tog,same,pro,cw,+,cw,1,s,nw,anti,ccw,-,cw,1,s,sw,2
I,beta5,eta15,tog,same,pro,cw,+,cw,1,s,nw,anti,ccw,,cw,0,s,w,1
I,beta5,gamma8,tog,same,pro,cw,-,cw,1,s,sw,anti,ccw,+,cw,1,s,nw,2
I,beta5,beta6,tog,same,pro,cw,-,cw,1,s,sw,anti,ccw,-,cw,1,s,sw,2
I,beta5,eta7,tog,same,pro,cw,-,cw,1,s,sw,anti,ccw,,cw,0,s,w,1
I,beta5,eta8,tog,same,pro,cw,,cw,0,s,w,anti,ccw,+,cw,1,s,nw,1
I,beta5,eta14,tog,same,pro,cw,,cw,0,s,w,anti,ccw,-,cw,1,s,sw,1
I,beta7,beta2,tog,same,pro,cw,+,cw,1,w,ne,anti,ccw,+,cw,1,w,ne,2
I,beta7,gamma16,tog,same,pro,cw,+,cw,1,w,ne,anti,ccw,-,cw,1,w,nw,2
I,beta7,eta9,tog,same,pro,cw,+,cw,1,w,ne,anti,ccw,,cw,0,w,n,1
I,beta7,gamma2,tog,same,pro,cw,-,cw,1,w,nw,anti,ccw,+,cw,1,w,ne,2
I,beta7,beta8,tog,same,pro,cw,-,cw,1,w,nw,anti,ccw,-,cw,1,w,nw,2
I,beta7,eta1,tog,same,pro,cw,-,cw,1,w,nw,anti,ccw,,cw,0,w,n,1
I,beta7,eta2,tog,same,pro,cw,,cw,0,w,n,anti,ccw,+,cw,1,w,ne,1
I,beta7,eta16,tog,same,pro,cw,,cw,0,w,n,anti,ccw,-,cw,1,w,nw,1
I,beta1,beta4,tog,same,pro,cw,+,cw,1,n,se,anti,ccw,+,cw,1,n,se,2
I,beta1,gamma10,tog,same,pro,cw,+,cw,1,n,se,anti,ccw,-,cw,1,n,ne,2
I,beta1,eta11,tog,same,pro,cw,+,cw,1,n,se,anti,ccw,,cw,0,n,e,1
I,beta1,gamma4,tog,same,pro,cw,-,cw,1,n,ne,anti,ccw,+,cw,1,n,se,2
I,beta1,beta2,tog,same,pro,cw,-,cw,1,n,ne,anti,ccw,-,cw,1,n,ne,2
I,beta1,eta3,tog,same,pro,cw,-,cw,1,n,ne,anti,ccw,,cw,0,n,e,1
I,beta1,eta4,tog,same,pro,cw,,cw,0,n,e,anti,ccw,+,cw,1,n,se,1
I,beta1,eta10,tog,same,pro,cw,,cw,0,n,e,anti,ccw,-,cw,1,n,ne,1
I,beta7,beta6,tog,same,pro,ccw,+,ccw,1,w,sw,anti,cw,+,ccw,1,w,sw,2
I,beta7,gamma12,tog,same,pro,ccw,+,ccw,1,w,sw,anti,cw,-,ccw,1,w,se,2
I,beta7,eta13,tog,same,pro,ccw,+,ccw,1,w,sw,anti,cw,,ccw,0,w,s,1
I,beta7,gamma6,tog,same,pro,ccw,-,ccw,1,w,se,anti,cw,+,ccw,1,w,sw,2
I,beta7,beta4,tog,same,pro,ccw,-,ccw,1,w,se,anti,cw,-,ccw,1,w,se,2
I,beta7,eta5,tog,same,pro,ccw,-,ccw,1,w,se,anti,cw,,ccw,0,w,s,1
I,beta7,eta6,tog,same,pro,ccw,,ccw,0,w,s,anti,cw,+,ccw,1,w,sw,1
I,beta7,eta12,tog,same,pro,ccw,,ccw,0,w,s,anti,cw,-,ccw,1,w,se,1
I,beta1,beta8,tog,same,pro,ccw,+,ccw,1,n,nw,anti,cw,+,ccw,1,n,nw,2
I,beta1,gamma14,tog,same,pro,ccw,+,ccw,1,n,nw,anti,cw,-,ccw,1,n,sw,2
I,beta1,eta15,tog,same,pro,ccw,+,ccw,1,n,nw,anti,cw,,ccw,0,n,w,1
I,beta1,gamma8,tog,same,pro,ccw,-,ccw,1,n,sw,anti,cw,+,ccw,1,n,nw,2
I,beta1,beta6,tog,same,pro,ccw,-,ccw,1,n,sw,anti,cw,-,ccw,1,n,sw,2
I,beta1,eta7,tog,same,pro,ccw,-,ccw,1,n,sw,anti,cw,,ccw,0,n,w,1
I,beta1,eta8,tog,same,pro,ccw,,ccw,0,n,w,anti,cw,+,ccw,1,n,nw,1
I,beta1,eta14,tog,same,pro,ccw,,ccw,0,n,w,anti,cw,-,ccw,1,n,sw,1
I,beta5,beta4,tog,same,pro,ccw,+,ccw,1,s,se,anti,cw,+,ccw,1,s,se,2
I,beta5,gamma10,tog,same,pro,ccw,+,ccw,1,s,se,anti,cw,-,ccw,1,s,ne,2
I,beta5,eta11,tog,same,pro,ccw,+,ccw,1,s,se,anti,cw,,ccw,0,s,e,1
I,beta5,gamma4,tog,same,pro,ccw,-,ccw,1,s,ne,anti,cw,+,ccw,1,s,se,2
I,beta5,beta2,tog,same,pro,ccw,-,ccw,1,s,ne,anti,cw,-,ccw,1,s,ne,2
I,beta5,eta3,tog,same,pro,ccw,-,ccw,1,s,ne,anti,cw,,ccw,0,s,e,1
I,beta5,eta4,tog,same,pro,ccw,,ccw,0,s,e,anti,cw,+,ccw,1,s,se,1
I,beta5,eta10,tog,same,pro,ccw,,ccw,0,s,e,anti,cw,-,ccw,1,s,ne,1
I,beta3,beta2,tog,same,pro,ccw,+,ccw,1,e,ne,anti,cw,+,ccw,1,e,ne,2
I,beta3,gamma16,tog,same,pro,ccw,+,ccw,1,e,ne,anti,cw,-,ccw,1,e,nw,2
I,beta3,eta9,tog,same,pro,ccw,+,ccw,1,e,ne,anti,cw,,ccw,0,e,n,1
I,beta3,gamma2,tog,same,pro,ccw,-,ccw,1,e,nw,anti,cw,+,ccw,1,e,ne,2
I,beta3,beta8,tog,same,pro,ccw,-,ccw,1,e,nw,anti,cw,-,ccw,1,e,nw,2
I,beta3,eta1,tog,same,pro,ccw,-,ccw,1,e,nw,anti,cw,,ccw,0,e,n,1
I,beta3,eta2,tog,same,pro,ccw,,ccw,0,e,n,anti,cw,+,ccw,1,e,ne,1
I,beta3,eta16,tog,same,pro,ccw,,ccw,0,e,n,anti,cw,-,ccw,1,e,nw,1
J,alpha3,beta6,tog,opp,pro,ccw,+,ccw,1,w,sw,pro,cw,+,cw,1,e,sw,2
J,alpha3,gamma12,tog,opp,pro,ccw,+,ccw,1,w,sw,pro,cw,-,cw,1,e,se,2
J,alpha3,eta13,tog,opp,pro,ccw,+,ccw,1,w,sw,pro,cw,,cw,0,e,s,1
J,alpha3,gamma6,tog,opp,pro,ccw,-,ccw,1,w,se,pro,cw,+,cw,1,e,sw,2
J,alpha3,beta4,tog,opp,pro,ccw,-,ccw,1,w,se,pro,cw,-,cw,1,e,se,2
J,alpha3,eta5,tog,opp,pro,ccw,-,ccw,1,w,se,pro,cw,,cw,0,e,s,1
J,alpha3,eta6,tog,opp,pro,ccw,,ccw,0,w,s,pro,cw,+,cw,1,e,sw,1
J,alpha3,eta12,tog,opp,pro,ccw,,ccw,0,w,s,pro,cw,-,cw,1,e,se,1
J,alpha5,beta8,split,opp,pro,ccw,+,ccw,1,n,nw,pro,cw,+,cw,1,s,nw,2
J,alpha5,gamma14,split,opp,pro,ccw,+,ccw,1,n,nw,pro,cw,-,cw,1,s,sw,2
J,alpha5,eta15,split,opp,pro,ccw,+,ccw,1,n,nw,pro,cw,,cw,0,s,w,1
J,alpha5,gamma8,split,opp,pro,ccw,-,ccw,1,n,sw,pro,cw,+,cw,1,s,nw,2
J,alpha5,beta6,split,opp,pro,ccw,-,ccw,1,n,sw,pro,cw,-,cw,1,s,sw,2
J,alpha5,eta7,split,opp,pro,ccw,-,ccw,1,n,sw,pro,cw,,cw,0,s,w,1
J,alpha5,eta8,split,opp,pro,ccw,,ccw,0,n,w,pro,cw,+,cw,1,s,nw,1
J,alpha5,eta14,split,opp,pro,ccw,,ccw,0,n,w,pro,cw,-,cw,1,s,sw,1
J,alpha7,beta2,tog,opp,pro,ccw,+,ccw,1,e,ne,pro,cw,+,cw,1,w,ne,2
J,alpha7,gamma16,tog,opp,pro,ccw,+,ccw,1,e,ne,pro,cw,-,cw,1,w,nw,2
J,alpha7,eta9,tog,opp,pro,ccw,+,ccw,1,e,ne,pro,cw,,cw,0,w,n,1
J,alpha7,gamma2,tog,opp,pro,ccw,-,ccw,1,e,nw,pro,cw,+,cw,1,w,ne,2
J,alpha7,beta8,tog,opp,pro,ccw,-,ccw,1,e,nw,pro,cw,-,cw,1,w,nw,2
J,alpha7,eta1,tog,opp,pro,ccw,-,ccw,1,e,nw,pro,cw,,cw,0,w,n,1
J,alpha7,eta2,tog,opp,pro,ccw,,ccw,0,e,n,pro,cw,+,cw,1,w,ne,1
J,alpha7,eta16,tog,opp,pro,ccw,,ccw,0,e,n,pro,cw,-,cw,1,w,nw,1
J,alpha1,beta4,split,opp,pro,ccw,+,ccw,1,s,se,pro,cw,+,cw,1,n,se,2
J,alpha1,gamma10,split,opp,pro,ccw,+,ccw,1,s,se,pro,cw,-,cw,1,n,ne,2
J,alpha1,eta11,split,opp,pro,ccw,+,ccw,1,s,se,pro,cw,,cw,0,n,e,1
J,alpha1,gamma4,split,opp,pro,ccw,-,ccw,1,s,ne,pro,cw,+,cw,1,n,se,2
J,alpha1,beta2,split,opp,pro,ccw,-,ccw,1,s,ne,pro,cw,-,cw,1,n,ne,2
J,alpha1,eta3,split,opp,pro,ccw,-,ccw,1,s,ne,pro,cw,,cw,0,n,e,1
J,alpha1,eta4,split,opp,pro,ccw,,ccw,0,s,e,pro,cw,+,cw,1,n,se,1
J,alpha1,eta10,split,opp,pro,ccw,,ccw,0,s,e,pro,cw,-,cw,1,n,ne,1
J,alpha7,beta6,tog,opp,pro,cw,+,cw,1,e,sw,pro,ccw,+,ccw,1,w,sw,2
J,alpha7,gamma12,tog,opp,pro,cw,+,cw,1,e,sw,pro,ccw,-,ccw,1,w,se,2
J,alpha7,eta13,tog,opp,pro,cw,+,cw,1,e,sw,pro,ccw,,ccw,0,w,s,1
J,alpha7,gamma6,tog,opp,pro,cw,-,cw,1,e,se,pro,ccw,+,ccw,1,w,sw,2
J,alpha7,beta4,tog,opp,pro,cw,-,cw,1,e,se,pro,ccw,-,ccw,1,w,se,2
J,alpha7,eta5,tog,opp,pro,cw,-,cw,1,e,se,pro,ccw,,ccw,0,w,s,1
J,alpha7,eta6,tog,opp,pro,cw,,cw,0,e,s,pro,ccw,+,ccw,1,w,sw,1
J,alpha7,eta12,tog,opp,pro,cw,,cw,0,e,s,pro,ccw,-,ccw,1,w,se,1
J,alpha1,beta8,split,opp,pro,cw,+,cw,1,s,nw,pro,ccw,+,ccw,1,n,nw,2
J,alpha1,gamma14,split,opp,pro,cw,+,cw,1,s,nw,pro,ccw,-,ccw,1,n,sw,2
J,alpha1,eta15,split,opp,pro,cw,+,cw,1,s,nw,pro,ccw,,ccw,0,n,w,1
J,alpha1,gamma8,split,opp,pro,cw,-,cw,1,s,sw,pro,ccw,+,ccw,1,n,nw,2
J,alpha1,beta6,split,opp,pro,cw,-,cw,1,s,sw,pro,ccw,-,ccw,1,n,sw,2
J,alpha1,eta7,split,opp,pro,cw,-,cw,1,s,sw,pro,ccw,,ccw,0,n,w,1
J,alpha1,eta8,split,opp,pro,cw,,cw,0,s,w,pro,ccw,+,ccw,1,n,nw,1
J,alpha1,eta14,split,opp,pro,cw,,cw,0,s,w,pro,ccw,-,ccw,1,n,sw,1
J,alpha5,beta4,split,opp,pro,cw,+,cw,1,n,se,pro,ccw,+,ccw,1,s,se,2
J,alpha5,gamma10,split,opp,pro,cw,+,cw,1,n,se,pro,ccw,-,ccw,1,s,ne,2
J,alpha5,eta11,split,opp,pro,cw,+,cw,1,n,se,pro,ccw,,ccw,0,s,e,1
J,alpha5,gamma4,split,opp,pro,cw,-,cw,1,n,ne,pro,ccw,+,ccw,1,s,se,2
J,alpha5,beta2,split,opp,pro,cw,-,cw,1,n,ne,pro,ccw,-,ccw,1,s,ne,2
J,alpha5,eta3,split,opp,pro,cw,-,cw,1,n,ne,pro,ccw,,ccw,0,s,e,1
J,alpha5,eta4,split,opp,pro,cw,,cw,0,n,e,pro,ccw,+,ccw,1,s,se,1
J,alpha5,eta10,split,opp,pro,cw,,cw,0,n,e,pro,ccw,-,ccw,1,s,ne,1
J,alpha3,beta2,tog,opp,pro,cw,+,cw,1,w,ne,pro,ccw,+,ccw,1,e,ne,2
J,alpha3,gamma16,tog,opp,pro,cw,+,cw,1,w,ne,pro,ccw,-,ccw,1,e,nw,2
J,alpha3,eta9,tog,opp,pro,cw,+,cw,1,w,ne,pro,ccw,,ccw,0,e,n,1
J,alpha3,gamma2,tog,opp,pro,cw,-,cw,1,w,nw,pro,ccw,+,ccw,1,e,ne,2
J,alpha3,beta8,tog,opp,pro,cw,-,cw,1,w,nw,pro,ccw,-,ccw,1,e,nw,2
J,alpha3,eta1,tog,opp,pro,cw,-,cw,1,w,nw,pro,ccw,,ccw,0,e,n,1
J,alpha3,eta2,tog,opp,pro,cw,,cw,0,w,n,pro,ccw,+,ccw,1,e,ne,1
J,alpha3,eta16,tog,opp,pro,cw,,cw,0,w,n,pro,ccw,-,ccw,1,e,nw,1
K,alpha3,beta6,tog,opp,anti,cw,+,ccw,1,w,sw,anti,ccw,+,cw,1,e,sw,2
K,alpha3,gamma12,tog,opp,anti,cw,+,ccw,1,w,sw,anti,ccw,-,cw,1,e,se,2
K,alpha3,eta13,tog,opp,anti,cw,+,ccw,1,w,sw,anti,ccw,,cw,0,e,s,1
K,alpha3,gamma6,tog,opp,anti,cw,-,ccw,1,w,se,anti,ccw,+,cw,1,e,sw,2
K,alpha3,beta4,tog,opp,anti,cw,-,ccw,1,w,se,anti,ccw,-,cw,1,e,se,2
K,alpha3,eta5,tog,opp,anti,cw,-,ccw,1,w,se,anti,ccw,,cw,0,e,s,1
K,alpha3,eta6,tog,opp,anti,cw,,ccw,0,w,s,anti,ccw,+,cw,1,e,sw,1
K,alpha3,eta12,tog,opp,anti,cw,,ccw,0,w,s,anti,ccw,-,cw,1,e,se,1
K,alpha5,beta8,split,opp,anti,cw,+,ccw,1,n,nw,anti,ccw,+,cw,1,s,nw,2
K,alpha5,gamma14,split,opp,anti,cw,+,ccw,1,n,nw,anti,ccw,-,cw,1,s,sw,2
K,alpha5,eta15,split,opp,anti,cw,+,ccw,1,n,nw,anti,ccw,,cw,0,s,w,1
K,alpha5,gamma8,split,opp,anti,cw,-,ccw,1,n,sw,anti,ccw,+,cw,1,s,nw,2
K,alpha5,beta6,split,opp,anti,cw,-,ccw,1,n,sw,anti,ccw,-,cw,1,s,sw,2
K,alpha5,eta7,split,opp,anti,cw,-,ccw,1,n,sw,anti,ccw,,cw,0,s,w,1
K,alpha5,eta8,split,opp,anti,cw,,ccw,0,n,w,anti,ccw,+,cw,1,s,nw,1
K,alpha5,eta14,split,opp,anti,cw,,ccw,0,n,w,anti,ccw,-,cw,1,s,sw,1
K,alpha7,beta2,tog,opp,anti,cw,+,ccw,1,e,ne,anti,ccw,+,cw,1,w,ne,2
K,alpha7,gamma16,tog,opp,anti,cw,+,ccw,1,e,ne,anti,ccw,-,cw,1,w,nw,2
K,alpha7,eta9,tog,opp,anti,cw,+,ccw,1,e,ne,anti,ccw,,cw,0,w,n,1
K,alpha7,gamma2,tog,opp,anti,cw,-,ccw,1,e,nw,anti,ccw,+,cw,1,w,ne,2
K,alpha7,beta8,tog,opp,anti,cw,-,ccw,1,e,nw,anti,ccw,-,cw,1,w,nw,2
K,alpha7,eta1,tog,opp,anti,cw,-,ccw,1,e,nw,anti,ccw,,cw,0,w,n,1
K,alpha7,eta2,tog,opp,anti,cw,,ccw,0,e,n,anti,ccw,+,cw,1,w,ne,1
K,alpha7,eta16,tog,opp,anti,cw,,ccw,0,e,n,anti,ccw,-,cw,1,w,nw,1
K,alpha1,beta4,split,opp,anti,cw,+,ccw,1,s,se,anti,ccw,+,cw,1,n,se,2
K,alpha1,gamma10,split,opp,anti,cw,+,ccw,1,s,se,anti,ccw,-,cw,1,n,ne,2
K,alpha1,eta11,split,opp,anti,cw,+,ccw,1,s,se,anti,ccw,,cw,0,n,e,1
K,alpha1,gamma4,split,opp,anti,cw,-,ccw,1,s,ne,anti,ccw,+,cw,1,n,se,2
K,alpha1,beta2,split,opp,anti,cw,-,ccw,1,s,ne,anti,ccw,-,cw,1,n,ne,2
K,alpha1,eta3,split,opp,anti,cw,-,ccw,1,s,ne,anti,ccw,,cw,0,n,e,1
K,alpha1,eta4,split,opp,anti,cw,,ccw,0,s,e,anti,ccw,+,cw,1,n,se,1
K,alpha1,eta10,split,opp,anti,cw,,ccw,0,s,e,anti,ccw,-,cw,1,n,ne,1
K,alpha7,beta6,tog,opp,anti,ccw,+,cw,1,e,sw,anti,cw,+,ccw,1,w,sw,2
K,alpha7,gamma12,tog,opp,anti,ccw,+,cw,1,e,sw,anti,cw,-,ccw,1,w,se,2
K,alpha7,eta13,tog,opp,anti,ccw,+,cw,1,e,sw,anti,cw,,ccw,0,w,s,1
K,alpha7,gamma6,tog,opp,anti,ccw,-,cw,1,e,se,anti,cw,+,ccw,1,w,sw,2
K,alpha7,beta4,tog,opp,anti,ccw,-,cw,1,e,se,anti,cw,-,ccw,1,w,se,2
K,alpha7,eta5,tog,opp,anti,ccw,-,cw,1,e,se,anti,cw,,ccw,0,w,s,1
K,alpha7,eta6,tog,opp,anti,ccw,,cw,0,e,s,anti,cw,+,ccw,1,w,sw,1
K,alpha7,eta12,tog,opp,anti,ccw,,cw,0,e,s,anti,cw,-,ccw,1,w,se,1
K,alpha1,beta8,split,opp,anti,ccw,+,cw,1,s,nw,anti,cw,+,ccw,1,n,nw,2
K,alpha1,gamma14,split,opp,anti,ccw,+,cw,1,s,nw,anti,cw,-,ccw,1,n,sw,2
K,alpha1,eta15,split,opp,anti,ccw,+,cw,1,s,nw,anti,cw,,ccw,0,n,w,1
K,alpha1,gamma8,split,opp,anti,ccw,-,cw,1,s,sw,anti,cw,+,ccw,1,n,nw,2
K,alpha1,beta6,split,opp,anti,ccw,-,cw,1,s,sw,anti,cw,-,ccw,1,n,sw,2
K,alpha1,eta7,split,opp,anti,ccw,-,cw,1,s,sw,anti,cw,,ccw,0,n,w,1
K,alpha1,eta8,split,opp,anti,ccw,,cw,0,s,w,anti,cw,+,ccw,1,n,nw,1
K,alpha1,eta14,split,opp,anti,ccw,,cw,0,s,w,anti,cw,-,ccw,1,n,sw,1
K,alpha5,beta4,split,opp,anti,ccw,+,cw,1,n,se,anti,cw,+,ccw,1,s,se,2
K,alpha5,gamma10,split,opp,anti,ccw,+,cw,1,n,se,anti,cw,-,ccw,1,s,ne,2
K,alpha5,eta11,split,opp,anti,ccw,+,cw,1,n,se,anti,cw,,ccw,0,s,e,1
K,alpha5,gamma4,split,opp,anti,ccw,-,cw,1,n,ne,anti,cw,+,ccw,1,s,se,2
K,alpha5,beta2,split,opp,anti,ccw,-,cw,1,n,ne,anti,cw,-,ccw,1,s,ne,2
K,alpha5,eta3,split,opp,anti,ccw,-,cw,1,n,ne,anti,cw,,ccw,0,s,e,1
K,alpha5,eta4,split,opp,anti,ccw,,cw,0,n,e,anti,cw,+,ccw,1,s,se,1
K,alpha5,eta10,split,opp,anti,ccw,,cw,0,n,e,anti,cw,-,ccw,1,s,ne,1
K,alpha3,beta2,tog,opp,anti,ccw,+,cw,1,w,ne,anti,cw,+,ccw,1,e,ne,2
K,alpha3,gamma16,tog,opp,anti,ccw,+,cw,1,w,ne,anti,cw,-,ccw,1,e,nw,2
K,alpha3,eta9,tog,opp,anti,ccw,+,cw,1,w,ne,anti,cw,,ccw,0,e,n,1
K,alpha3,gamma2,tog,opp,anti,ccw,-,cw,1,w,nw,anti,cw,+,ccw,1,e,ne,2
K,alpha3,beta8,tog,opp,anti,ccw,-,cw,1,w,nw,anti,cw,-,ccw,1,e,nw,2
K,alpha3,eta1,tog,opp,anti,ccw,-,cw,1,w,nw,anti,cw,,ccw,0,e,n,1
K,alpha3,eta2,tog,opp,anti,ccw,,cw,0,w,n,anti,cw,+,ccw,1,e,ne,1
K,alpha3,eta16,tog,opp,anti,ccw,,cw,0,w,n,anti,cw,-,ccw,1,e,nw,1
L,alpha3,beta6,tog,opp,anti,cw,+,ccw,1,w,sw,pro,cw,+,cw,1,e,sw,2
L,alpha3,gamma12,tog,opp,anti,cw,+,ccw,1,w,sw,pro,cw,-,cw,1,e,se,2
L,alpha3,eta13,tog,opp,anti,cw,+,ccw,1,w,sw,pro,cw,,cw,0,e,s,1
L,alpha3,gamma6,tog,opp,anti,cw,-,ccw,1,w,se,pro,cw,+,cw,1,e,sw,2
L,alpha3,beta4,tog,opp,anti,cw,-,ccw,1,w,se,pro,cw,-,cw,1,e,se,2
L,alpha3,eta5,tog,opp,anti,cw,-,ccw,1,w,se,pro,cw,,cw,0,e,s,1
L,alpha3,eta6,tog,opp,anti,cw,,ccw,0,w,s,pro,cw,+,cw,1,e,sw,1
L,alpha3,eta12,tog,opp,anti,cw,,ccw,0,w,s,pro,cw,-,cw,1,e,se,1
L,alpha5,beta8,split,opp,anti,cw,+,ccw,1,n,nw,pro,cw,+,cw,1,s,nw,2
L,alpha5,gamma14,split,opp,anti,cw,+,ccw,1,n,nw,pro,cw,-,cw,1,s,sw,2
L,alpha5,eta15,split,opp,anti,cw,+,ccw,1,n,nw,pro,cw,,cw,0,s,w,1
L,alpha5,gamma8,split,opp,anti,cw,-,ccw,1,n,sw,pro,cw,+,cw,1,s,nw,2
L,alpha5,beta6,split,opp,anti,cw,-,ccw,1,n,sw,pro,cw,-,cw,1,s,sw,2
L,alpha5,eta7,split,opp,anti,cw,-,ccw,1,n,sw,pro,cw,,cw,0,s,w,1
L,alpha5,eta8,split,opp,anti,cw,,ccw,0,n,w,pro,cw,+,cw,1,s,nw,1
L,alpha5,eta14,split,opp,anti,cw,,ccw,0,n,w,pro,cw,-,cw,1,s,sw,1
L,alpha7,beta2,tog,opp,anti,cw,+,ccw,1,e,ne,pro,cw,+,cw,1,w,ne,2
L,alpha7,gamma16,tog,opp,anti,cw,+,ccw,1,e,ne,pro,cw,-,cw,1,w,nw,2
L,alpha7,eta9,tog,opp,anti,cw,+,ccw,1,e,ne,pro,cw,,cw,0,w,n,1
L,alpha7,gamma2,tog,opp,anti,cw,-,ccw,1,e,nw,pro,cw,+,cw,1,w,ne,2
L,alpha7,beta8,tog,opp,anti,cw,-,ccw,1,e,nw,pro,cw,-,cw,1,w,nw,2
L,alpha7,eta1,tog,opp,anti,cw,-,ccw,1,e,nw,pro,cw,,cw,0,w,n,1
L,alpha7,eta2,tog,opp,anti,cw,,ccw,0,e,n,pro,cw,+,cw,1,w,ne,1
L,alpha7,eta16,tog,opp,anti,cw,,ccw,0,e,n,pro,cw,-,cw,1,w,nw,1
L,alpha1,beta4,split,opp,anti,cw,+,ccw,1,s,se,pro,cw,+,cw,1,n,se,2
L,alpha1,gamma10,split,opp,anti,cw,+,ccw,1,s,se,pro,cw,-,cw,1,n,ne,2
L,alpha1,eta11,split,opp,anti,cw,+,ccw,1,s,se,pro,cw,,cw,0,n,e,1
L,alpha1,gamma4,split,opp,anti,cw,-,ccw,1,s,ne,pro,cw,+,cw,1,n,se,2
L,alpha1,beta2,split,opp,anti,cw,-,ccw,1,s,ne,pro,cw,-,cw,1,n,ne,2
L,alpha1,eta3,split,opp,anti,cw,-,ccw,1,s,ne,pro,cw,,cw,0,n,e,1
L,alpha1,eta4,split,opp,anti,cw,,ccw,0,s,e,pro,cw,+,cw,1,n,se,1
L,alpha1,eta10,split,opp,anti,cw,,ccw,0,s,e,pro,cw,-,cw,1,n,ne,1
L,alpha7,beta6,tog,opp,anti,ccw,+,cw,1,e,sw,pro,ccw,+,ccw,1,w,sw,2
L,alpha7,gamma12,tog,opp,anti,ccw,+,cw,1,e,sw,pro,ccw,-,ccw,1,w,se,2
L,alpha7,eta13,tog,opp,anti,ccw,+,cw,1,e,sw,pro,ccw,,ccw,0,w,s,1
L,alpha7,gamma6,tog,opp,anti,ccw,-,cw,1,e,se,pro,ccw,+,ccw,1,w,sw,2
L,alpha7,beta4,tog,opp,anti,ccw,-,cw,1,e,se,pro,ccw,-,ccw,1,w,se,2
L,alpha7,eta5,tog,opp,anti,ccw,-,cw,1,e,se,pro,ccw,,ccw,0,w,s,1
L,alpha7,eta6,tog,opp,anti,ccw,,cw,0,e,s,pro,ccw,+,ccw,1,w,sw,1
L,alpha7,eta12,tog,opp,anti,ccw,,cw,0,e,s,pro,ccw,-,ccw,1,w,se,1
L,alpha1,beta8,split,opp,anti,ccw,+,cw,1,s,nw,pro,ccw,+,ccw,1,n,nw,2
L,alpha1,gamma14,split,opp,anti,ccw,+,cw,1,s,nw,pro,ccw,-,ccw,1,n,sw,2
L,alpha1,eta15,split,opp,anti,ccw,+,cw,1,s,nw,pro,ccw,,ccw,0,n,w,1
L,alpha1,gamma8,split,opp,anti,ccw,-,cw,1,s,sw,pro,ccw,+,ccw,1,n,nw,2
L,alpha1,beta6,split,opp,anti,ccw,-,cw,1,s,sw,pro,ccw,-,ccw,1,n,sw,2
L,alpha1,eta7,split,opp,anti,ccw,-,cw,1,s,sw,pro,ccw,,ccw,0,n,w,1
L,alpha1,eta8,split,opp,anti,ccw,,cw,0,s,w,pro,ccw,+,ccw,1,n,nw,1
L,alpha1,eta14,split,opp,anti,ccw,,cw,0,s,w,pro,ccw,-,ccw,1,n,sw,1
L,alpha5,beta4,split,opp,anti,ccw,+,cw,1,n,se,pro,ccw,+,ccw,1,s,se,2
L,alpha5,gamma10,split,opp,anti,ccw,+,cw,1,n,se,pro,ccw,-,ccw,1,s,ne,2
L,alpha5,eta11,split,opp,anti,ccw,+,cw,1,n,se,pro,ccw,,ccw,0,s,e,1
L,alpha5,gamma4,split,opp,anti,ccw,-,cw,1,n,ne,pro,ccw,+,ccw,1,s,se,2
L,alpha5,beta2,split,opp,anti,ccw,-,cw,1,n,ne,pro,ccw,-,ccw,1,s,ne,2
L,alpha5,eta3,split,opp,anti,ccw,-,cw,1,n,ne,pro,ccw,,ccw,0,s,e,1
L,alpha5,eta4,split,opp,anti,ccw,,cw,0,n,e,pro,ccw,+,ccw,1,s,se,1
L,alpha5,eta10,split,opp,anti,ccw,,cw,0,n,e,pro,ccw,-,ccw,1,s,ne,1
L,alpha3,beta2,tog,opp,anti,ccw,+,cw,1,w,ne,pro,ccw,+,ccw,1,e,ne,2
L,alpha3,gamma16,tog,opp,anti,ccw,+,cw,1,w,ne,pro,ccw,-,ccw,1,e,nw,2
L,alpha3,eta9,tog,opp,anti,ccw,+,cw,1,w,ne,pro,ccw,,ccw,0,e,n,1
L,alpha3,gamma2,tog,opp,anti,ccw,-,cw,1,w,nw,pro,ccw,+,ccw,1,e,ne,2
L,alpha3,beta8,tog,opp,anti,ccw,-,cw,1,w,nw,pro,ccw,-,ccw,1,e,nw,2
L,alpha3,eta1,tog,opp,anti,ccw,-,cw,1,w,nw,pro,ccw,,ccw,0,e,n,1
L,alpha3,eta2,tog,opp,anti,ccw,,cw,0,w,n,pro,ccw,+,ccw,1,e,ne,1
L,alpha3,eta16,tog,opp,anti,ccw,,cw,0,w,n,pro,ccw,-,ccw,1,e,nw,1
L,alpha3,beta6,tog,opp,pro,ccw,+,ccw,1,w,sw,anti,ccw,+,cw,1,e,sw,2
L,alpha3,gamma12,tog,opp,pro,ccw,+,ccw,1,w,sw,anti,ccw,-,cw,1,e,se,2
L,alpha3,eta13,tog,opp,pro,ccw,+,ccw,1,w,sw,anti,ccw,,cw,0,e,s,1
L,alpha3,gamma6,tog,opp,pro,ccw,-,ccw,1,w,se,anti,ccw,+,cw,1,e,sw,2
L,alpha3,beta4,tog,opp,pro,ccw,-,ccw,1,w,se,anti,ccw,-,cw,1,e,se,2
L,alpha3,eta5,tog,opp,pro,ccw,-,ccw,1,w,se,anti,ccw,,cw,0,e,s,1
L,alpha3,eta6,tog,opp,pro,ccw,,ccw,0,w,s,anti,ccw,+,cw,1,e,sw,1
L,alpha3,eta12,tog,opp,pro,ccw,,ccw,0,w,s,anti,ccw,-,cw,1,e,se,1
L,alpha5,beta8,split,opp,pro,ccw,+,ccw,1,n,nw,anti,ccw,+,cw,1,s,nw,2
L,alpha5,gamma14,split,opp,pro,ccw,+,ccw,1,n,nw,anti,ccw,-,cw,1,s,sw,2
L,alpha5,eta15,split,opp,pro,ccw,+,ccw,1,n,nw,anti,ccw,,cw,0,s,w,1
L,alpha5,gamma8,split,opp,pro,ccw,-,ccw,1,n,sw,anti,ccw,+,cw,1,s,nw,2
L,alpha5,beta6,split,opp,pro,ccw,-,ccw,1,n,sw,anti,ccw,-,cw,1,s,sw,2
L,alpha5,eta7,split,opp,pro,ccw,-,ccw,1,n,sw,anti,ccw,,cw,0,s,w,1
L,alpha5,eta8,split,opp,pro,ccw,,ccw,0,n,w,anti,ccw,+,cw,1,s,nw,1
L,alpha5,eta14,split,opp,pro,ccw,,ccw,0,n,w,anti,ccw,-,cw,1,s,sw,1
L,alpha7,beta2,tog,opp,pro,ccw,+,ccw,1,e,ne,anti,ccw,+,cw,1,w,ne,2
L,alpha7,gamma16,tog,opp,pro,ccw,+,ccw,1,e,ne,anti,ccw,-,cw,1,w,nw,2
L,alpha7,eta9,tog,opp,pro,ccw,+,ccw,1,e,ne,anti,ccw,,cw,0,w,n,1
L,alpha7,gamma2,tog,opp,pro,ccw,-,ccw,1,e,nw,anti,ccw,+,cw,1,w,ne,2
L,alpha7,beta8,tog,opp,pro,ccw,-,ccw,1,e,nw,anti,ccw,-,cw,1,w,nw,2
L,alpha7,eta1,tog,opp,pro,ccw,-,ccw,1,e,nw,anti,ccw,,cw,0,w,n,1
L,alpha7,eta2,tog,opp,pro,ccw,,ccw,0,e,n,anti,ccw,+,cw,1,w,ne,1
L,alpha7,eta16,tog,opp,pro,ccw,,ccw,0,e,n,anti,ccw,-,cw,1,w,nw,1
L,alpha1,beta4,split,opp,pro,ccw,+,ccw,1,s,se,anti,ccw,+,cw,1,n,se,2
L,alpha1,gamma10,split,opp,pro,ccw,+,ccw,1,s,se,anti,ccw,-,cw,1,n,ne,2
L,alpha1,eta11,split,opp,pro,ccw,+,ccw,1,s,se,anti,ccw,,cw,0,n,e,1
L,alpha1,gamma4,split,opp,pro,ccw,-,ccw,1,s,ne,anti,ccw,+,cw,1,n,se,2
L,alpha1,beta2,split,opp,pro,ccw,-,ccw,1,s,ne,anti,ccw,-,cw,1,n,ne,2
L,alpha1,eta3,split,opp,pro,ccw,-,ccw,1,s,ne,anti,ccw,,cw,0,n,e,1
L,alpha1,eta4,split,opp,pro,ccw,,ccw,0,s,e,anti,ccw,+,cw,1,n,se,1
L,alpha1,eta10,split,opp,pro,ccw,,ccw,0,s,e,anti,ccw,-,cw,1,n,ne,1
L,alpha7,beta6,tog,opp,pro,cw,+,cw,1,e,sw,anti,cw,+,ccw,1,w,sw,2
L,alpha7,gamma12,tog,opp,pro,cw,+,cw,1,e,sw,anti,cw,-,ccw,1,w,se,2
L,alpha7,eta13,tog,opp,pro,cw,+,cw,1,e,sw,anti,cw,,ccw,0,w,s,1
L,alpha7,gamma6,tog,opp,pro,cw,-,cw,1,e,se,anti,cw,+,ccw,1,w,sw,2
L,alpha7,beta4,tog,opp,pro,cw,-,cw,1,e,se,anti,cw,-,ccw,1,w,se,2
L,alpha7,eta5,tog,opp,pro,cw,-,cw,1,e,se,anti,cw,,ccw,0,w,s,1
L,alpha7,eta6,tog,opp,pro,cw,,cw,0,e,s,anti,cw,+,ccw,1,w,sw,1
L,alpha7,eta12,tog,opp,pro,cw,,cw,0,e,s,anti,cw,-,ccw,1,w,se,1
L,alpha1,beta8,split,opp,pro,cw,+,cw,1,s,nw,anti,cw,+,ccw,1,n,nw,2
L,alpha1,gamma14,split,opp,pro,cw,+,cw,1,s,nw,anti,cw,-,ccw,1,n,sw,2
L,alpha1,eta15,split,opp,pro,cw,+,cw,1,s,nw,anti,cw,,ccw,0,n,w,1
L,alpha1,gamma8,split,opp,pro,cw,-,cw,1,s,sw,anti,cw,+,ccw,1,n,nw,2
L,alpha1,beta6,split,opp,pro,cw,-,cw,1,s,sw,anti,cw,-,ccw,1,n,sw,2
L,alpha1,eta7,split,opp,pro,cw,-,cw,1,s,sw,anti,cw,,ccw,0,n,w,1
L,alpha1,eta8,split,opp,pro,cw,,cw,0,s,w,anti,cw,+,ccw,1,n,nw,1
L,alpha1,eta14,split,opp,pro,cw,,cw,0,s,w,anti,cw,-,ccw,1,n,sw,1
L,alpha5,beta4,split,opp,pro,cw,+,cw,1,n,se,anti,cw,+,ccw,1,s,se,2
L,alpha5,gamma10,split,opp,pro,cw,+,cw,1,n,se,anti,cw,-,ccw,1,s,ne,2
L,alpha5,eta11,split,opp,pro,cw,+,cw,1,n,se,anti,cw,,ccw,0,s,e,1
L,alpha5,gamma4,split,opp,pro,cw,-,cw,1,n,ne,anti,cw,+,ccw,1,s,se,2
L,alpha5,beta2,split,opp,pro,cw,-,cw,1,n,ne,anti,cw,-,ccw,1,s,ne,2
L,alpha5,eta3,split,opp,pro,cw,-,cw,1,n,ne,anti,cw,,ccw,0,s,e,1
L,alpha5,eta4,split,opp,pro,cw,,cw,0,n,e,anti,cw,+,ccw,1,s,se,1
L,alpha5,eta10,split,opp,pro,cw,,cw,0,n,e,anti,cw,-,ccw,1,s,ne,1
L,alpha3,beta2,tog,opp,pro,cw,+,cw,1,w,ne,anti,cw,+,ccw,1,e,ne,2
L,alpha3,gamma16,tog,opp,pro,cw,+,cw,1,w,ne,anti,cw,-,ccw,1,e,nw,2
L,alpha3,eta9,tog,opp,pro,cw,+,cw,1,w,ne,anti,cw,,ccw,0,e,n,1
L,alpha3,gamma2,tog,opp,pro,cw,-,cw,1,w,nw,anti,cw,+,ccw,1,e,ne,2
L,alpha3,beta8,tog,opp,pro,cw,-,cw,1,w,nw,anti,cw,-,ccw,1,e,nw,2
L,alpha3,eta1,tog,opp,pro,cw,-,cw,1,w,nw,anti,cw,,ccw,0,e,n,1
L,alpha3,eta2,tog,opp,pro,cw,,cw,0,w,n,anti,cw,+,ccw,1,e,ne,1
L,alpha3,eta16,tog,opp,pro,cw,,cw,0,w,n,anti,cw,-,ccw,1,e,nw,1
M,gamma3,gamma14,quarter,opp,pro,ccw,+,ccw,1,n,nw,pro,cw,+,cw,1,e,sw,2
M,gamma3,alpha4,quarter,opp,pro,ccw,+,ccw,1,n,nw,pro,cw,-,cw,1,e,se,2
M,gamma3,zeta13,quarter,opp,pro,ccw,+,ccw,1,n,nw,pro,cw,,cw,0,e,s,1
M,gamma3,beta6,quarter,opp,pro,ccw,-,ccw,1,n,sw,pro,cw,+,cw,1,e,sw,2
M,gamma3,gamma12,quarter,opp,pro,ccw,-,ccw,1,n,sw,pro,cw,-,cw,1,e,se,2
M,gamma3,eta13,quarter,opp,pro,ccw,-,ccw,1,n,sw,pro,cw,,cw,0,e,s,1
M,gamma3,eta14,quarter,opp,pro,ccw,,ccw,0,n,w,pro,cw,+,cw,1,e,sw,1
M,gamma3,zeta12,quarter,opp,pro,ccw,,ccw,0,n,w,pro,cw,-,cw,1,e,se,1
M,gamma5,gamma16,quarter,opp,pro,ccw,+,ccw,1,e,ne,pro,cw,+,cw,1,s,nw,2
M,gamma5,alpha6,quarter,opp,pro,ccw,+,ccw,1,e,ne,pro,cw,-,cw,1,s,sw,2
M,gamma5,zeta15,quarter,opp,pro,ccw,+,ccw,1,e,ne,pro,cw,,cw,0,s,w,1
M,gamma5,beta8,quarter,opp,pro,ccw,-,ccw,1,e,nw,pro,cw,+,cw,1,s,nw,2
M,gamma5,gamma14,quarter,opp,pro,ccw,-,ccw,1,e,nw,pro,cw,-,cw,1,s,sw,2
M,gamma5,eta15,quarter,opp,pro,ccw,-,ccw,1,e,nw,pro,cw,,cw,0,s,w,1
M,gamma5,eta16,quarter,opp,pro,ccw,,ccw,0,e,n,pro,cw,+,cw,1,s,nw,1
M,gamma5,zeta14,quarter,opp,pro,ccw,,ccw,0,e,n,pro,cw,-,cw,1,s,sw,1
M,gamma7,gamma10,quarter,opp,pro,ccw,+,ccw,1,s,se,pro,cw,+,cw,1,w,ne,2
M,gamma7,alpha8,quarter,opp,pro,ccw,+,ccw,1,s,se,pro,cw,-,cw,1,w,nw,2
M,gamma7,zeta9,quarter,opp,pro,ccw,+,ccw,1,s,se,pro,cw,,cw,0,w,n,1
M,gamma7,beta2,quarter,opp,pro,ccw,-,ccw,1,s,ne,pro,cw,+,cw,1,w,ne,2
M,gamma7,gamma16,quarter,opp,pro,ccw,-,ccw,1,s,ne,pro,cw,-,cw,1,w,nw,2
M,gamma7,eta9,quarter,opp,pro,ccw,-,ccw,1,s,ne,pro,cw,,cw,0,w,n,1
M,gamma7,eta10,quarter,opp,pro,ccw,,ccw,0,s,e,pro,cw,+,cw,1,w,ne,1
M,gamma7,zeta16,quarter,opp,pro,ccw,,ccw,0,s,e,pro,cw,-,cw,1,w,nw,1
M,gamma1,gamma12,quarter,opp,pro,ccw,+,ccw,1,w,sw,pro,cw,+,cw,1,n,se,2
M,gamma1,alpha2,quarter,opp,pro,ccw,+,ccw,1,w,sw,pro,cw,-,cw,1,n,ne,2
M,gamma1,zeta11,quarter,opp,pro,ccw,+,ccw,1,w,sw,pro,cw,,cw,0,n,e,1
M,gamma1,beta4,quarter,opp,pro,ccw,-,ccw,1,w,se,pro,cw,+,cw,1,n,se,2
M,gamma1,gamma10,quarter,opp,pro,ccw,-,ccw,1,w,se,pro,cw,-,cw,1,n,ne,2
M,gamma1,eta11,quarter,opp,pro,ccw,-,ccw,1,w,se,pro,cw,,cw,0,n,e,1
M,gamma1,eta12,quarter,opp,pro,ccw,,ccw,0,w,s,pro,cw,+,cw,1,n,se,1
M,gamma1,zeta10,quarter,opp,pro,ccw,,ccw,0,w,s,pro,cw,-,cw,1,n,ne,1
M,gamma13,gamma4,quarter,opp,pro,cw,+,cw,1,w,ne,pro,ccw,+,ccw,1,s,se,2
M,gamma13,beta2,quarter,opp,pro,cw,+,cw,1,w,ne,pro,ccw,-,ccw,1,s,ne,2
M,gamma13,eta3,quarter,opp,pro,cw,+,cw,1,w,ne,pro,ccw,,ccw,0,s,e,1
M,gamma13,alpha4,quarter,opp,pro,cw,-,cw,1,w,nw,pro,ccw,+,ccw,1,s,se,2
M,gamma13,gamma2,quarter,opp,pro,cw,-,cw,1,w,nw,pro,ccw,-,ccw,1,s,ne,2
M,gamma13,zeta3,quarter,opp,pro,cw,-,cw,1,w,nw,pro,ccw,,ccw,0,s,e,1
M,gamma13,zeta4,quarter,opp,pro,cw,,cw,0,w,n,pro,ccw,+,ccw,1,s,se,1
M,gamma13,eta2,quarter,opp,pro,cw,,cw,0,w,n,pro,ccw,-,ccw,1,s,ne,1
M,gamma15,gamma6,quarter,opp,pro,cw,+,cw,1,n,se,pro,ccw,+,ccw,1,w,sw,2
M,gamma15,beta4,quarter,opp,pro,cw,+,cw,1,n,se,pro,ccw,-,ccw,1,w,se,2
M,gamma15,eta5,quarter,opp,pro,cw,+,cw,1,n,se,pro,ccw,,ccw,0,w,s,1
M,gamma15,alpha6,quarter,opp,pro,cw,-,cw,1,n,ne,pro,ccw,+,ccw,1,w,sw,2
M,gamma15,gamma4,quarter,opp,pro,cw,-,cw,1,n,ne,pro,ccw,-,ccw,1,w,se,2
M,gamma15,zeta5,quarter,opp,pro,cw,-,cw,1,n,ne,pro,ccw,,ccw,0,w,s,1
M,gamma15,zeta6,quarter,opp,pro,cw,,cw,0,n,e,pro,ccw,+,ccw,1,w,sw,1
M,gamma15,eta4,quarter,opp,pro,cw,,cw,0,n,e,pro,ccw,-,ccw,1,w,se,1
M,gamma9,gamma8,quarter,opp,pro,cw,+,cw,1,e,sw,pro,ccw,+,ccw,1,n,nw,2
M,gamma9,beta6,quarter,opp,pro,cw,+,cw,1,e,sw,pro,ccw,-,ccw,1,n,sw,2
M,gamma9,eta7,quarter,opp,pro,cw,+,cw,1,e,sw,pro,ccw,,ccw,0,n,w,1
M,gamma9,alpha8,quarter,opp,pro,cw,-,cw,1,e,se,pro,ccw,+,ccw,1,n,nw,2
M,gamma9,gamma6,quarter,opp,pro,cw,-,cw,1,e,se,pro,ccw,-,ccw,1,n,sw,2
M,gamma9,zeta7,quarter,opp,pro,cw,-,cw,1,e,se,pro,ccw,,ccw,0,n,w,1
M,gamma9,zeta8,quarter,opp,pro,cw,,cw,0,e,s,pro,ccw,+,ccw,1,n,nw,1
M,gamma9,eta6,quarter,opp,pro,cw,,cw,0,e,s,pro,ccw,-,ccw,1,n,sw,1
M,gamma11,gamma2,quarter,opp,pro,cw,+,cw,1,s,nw,pro,ccw,+,ccw,1,e,ne,2
M,gamma11,beta8,quarter,opp,pro,cw,+,cw,1,s,nw,pro,ccw,-,ccw,1,e,nw,2
M,gamma11,eta1,quarter,opp,pro,cw,+,cw,1,s,nw,pro,ccw,,ccw,0,e,n,1
M,gamma11,alpha2,quarter,opp,pro,cw,-,cw,1,s,sw,pro,ccw,+,ccw,1,e,ne,2
M,gamma11,gamma8,quarter,opp,pro,cw,-,cw,1,s,sw,pro,ccw,-,ccw,1,e,nw,2
M,gamma11,zeta1,quarter,opp,pro,cw,-,cw,1,s,sw,pro,ccw,,ccw,0,e,n,1
M,gamma11,zeta2,quarter,opp,pro,cw,,cw,0,s,w,pro,ccw,+,ccw,1,e,ne,1
M,gamma11,eta8,quarter,opp,pro,cw,,cw,0,s,w,pro,ccw,-,ccw,1,e,nw,1
N,gamma3,gamma14,quarter,opp,anti,cw,+,ccw,1,n,nw,anti,ccw,+,cw,1,e,sw,2
N,gamma3,alpha4,quarter,opp,anti,cw,+,ccw,1,n,nw,anti,ccw,-,cw,1,e,se,2
N,gamma3,zeta13,quarter,opp,anti,cw,+,ccw,1,n,nw,anti,ccw,,cw,0,e,s,1
N,gamma3,beta6,quarter,opp,anti,cw,-,ccw,1,n,sw,anti,ccw,+,cw,1,e,sw,2
N,gamma3,gamma12,quarter,opp,anti,cw,-,ccw,1,n,sw,anti,ccw,-,cw,1,e,se,2
N,gamma3,eta13,quarter,opp,anti,cw,-,ccw,1,n,sw,anti,ccw,,cw,0,e,s,1
N,gamma3,eta14,quarter,opp,anti,cw,,ccw,0,n,w,anti,ccw,+,cw,1,e,sw,1
N,gamma3,zeta12,quarter,opp,anti,cw,,ccw,0,n,w,anti,ccw,-,cw,1,e,se,1
N,gamma5,gamma16,quarter,opp,anti,cw,+,ccw,1,e,ne,anti,ccw,+,cw,1,s,nw,2
N,gamma5,alpha6,quarter,opp,anti,cw,+,ccw,1,e,ne,anti,ccw,-,cw,1,s,sw,2
N,gamma5,zeta15,quarter,opp,anti,cw,+,ccw,1,e,ne,anti,ccw,,cw,0,s,w,1
N,gamma5,beta8,quarter,opp,anti,cw,-,ccw,1,e,nw,anti,ccw,+,cw,1,s,nw,2
N,gamma5,gamma14,quarter,opp,anti,cw,-,ccw,1,e,nw,anti,ccw,-,cw,1,s,sw,2
N,gamma5,eta15,quarter,opp,anti,cw,-,ccw,1,e,nw,anti,ccw,,cw,0,s,w,1
N,gamma5,eta16,quarter,opp,anti,cw,,ccw,0,e,n,anti,ccw,+,cw,1,s,nw,1
N,gamma5,zeta14,quarter,opp,anti,cw,,ccw,0,e,n,anti,ccw,-,cw,1,s,sw,1
N,gamma7,gamma10,quarter,opp,anti,cw,+,ccw,1,s,se,anti,ccw,+,cw,1,w,ne,2
N,gamma7,alpha8,quarter,opp,anti,cw,+,ccw,1,s,se,anti,ccw,-,cw,1,w,nw,2
N,gamma7,zeta9,quarter,opp,anti,cw,+,ccw,1,s,se,anti,ccw,,cw,0,w,n,1
N,gamma7,beta2,quarter,opp,anti,cw,-,ccw,1,s,ne,anti,ccw,+,cw,1,w,ne,2
N,gamma7,gamma16,quarter,opp,anti,cw,-,ccw,1,s,ne,anti,ccw,-,cw,1,w,nw,2
N,gamma7,eta9,quarter,opp,anti,cw,-,ccw,1,s,ne,anti,ccw,,cw,0,w,n,1
N,gamma7,eta10,quarter,opp,anti,cw,,ccw,0,s,e,anti,ccw,+,cw,1,w,ne,1
N,gamma7,zeta16,quarter,opp,anti,cw,,ccw,0,s,e,anti,ccw,-,cw,1,w,nw,1
N,gamma1,gamma12,quarter,opp,anti,cw,+,ccw,1,w,sw,anti,ccw,+,cw,1,n,se,2
N,gamma1,alpha2,quarter,opp,anti,cw,+,ccw,1,w,sw,anti,ccw,-,cw,1,n,ne,2
N,gamma1,zeta11,quarter,opp,anti,cw,+,ccw,1,w,sw,anti,ccw,,cw,0,n,e,1
N,gamma1,beta4,quarter,opp,anti,cw,-,ccw,1,w,se,anti,ccw,+,cw,1,n,se,2
N,gamma1,gamma10,quarter,opp,anti,cw,-,ccw,1,w,se,anti,ccw,-,cw,1,n,ne,2
N,gamma1,eta11,quarter,opp,anti,cw,-,ccw,1,w,se,anti,ccw,,cw,0,n,e,1
N,gamma1,eta12,quarter,opp,anti,cw,,ccw,0,w,s,anti,ccw,+,cw,1,n,se,1
N,gamma1,zeta10,quarter,opp,anti,cw,,ccw,0,w,s,anti,ccw,-,cw,1,n,ne,1
N,gamma15,gamma6,quarter,opp,anti,ccw,+,cw,1,n,se,anti,cw,+,ccw,1,w,sw,2
N,gamma15,beta4,quarter,opp,anti,ccw,+,cw,1,n,se,anti,cw,-,ccw,1,w,se,2
N,gamma15,eta5,quarter,opp,anti,ccw,+,cw,1,n,se,anti,cw,,ccw,0,w,s,1
N,gamma15,alpha6,quarter,opp,anti,ccw,-,cw,1,n,ne,anti,cw,+,ccw,1,w,sw,2
N,gamma15,gamma4,quarter,opp,anti,ccw,-,cw,1,n,ne,anti,cw,-,ccw,1,w,se,2
N,gamma15,zeta5,quarter,opp,anti,ccw,-,cw,1,n,ne,anti,cw,,ccw,0,w,s,1
N,gamma15,zeta6,quarter,opp,anti,ccw,,cw,0,n,e,anti,cw,+,ccw,1,w,sw,1
N,gamma15,eta4,quarter,opp,anti,ccw,,cw,0,n,e,anti,cw,-,ccw,1,w,se,1
N,gamma9,gamma8,quarter,opp,anti,ccw,+,cw,1,e,sw,anti,cw,+,ccw,1,n,nw,2
N,gamma9,beta6,quarter,opp,anti,ccw,+,cw,1,e,sw,anti,cw,-,ccw,1,n,sw,2
N,gamma9,eta7,quarter,opp,anti,ccw,+,cw,1,e,sw,anti,cw,,ccw,0,n,w,1
N,gamma9,alpha8,quarter,opp,anti,ccw,-,cw,1,e,se,anti,cw,+,ccw,1,n,nw,2
N,gamma9,gamma6,quarter,opp,anti,ccw,-,cw,1,e,se,anti,cw,-,ccw,1,n,sw,2
N,gamma9,zeta7,quarter,opp,anti,ccw,-,cw,1,e,se,anti,cw,,ccw,0,n,w,1
N,gamma9,zeta8,quarter,opp,anti,ccw,,cw,0,e,s,anti,cw,+,ccw,1,n,nw,1
N,gamma9,eta6,quarter,opp,anti,ccw,,cw,0,e,s,anti,cw,-,ccw,1,n,sw,1
N,gamma13,gamma4,quarter,opp,anti,ccw,+,cw,1,w,ne,anti,cw,+,ccw,1,s,se,2
N,gamma13,beta2,quarter,opp,anti,ccw,+,cw,1,w,ne,anti,cw,-,ccw,1,s,ne,2
N,gamma13,eta3,quarter,opp,anti,ccw,+,cw,1,w,ne,anti,cw,,ccw,0,s,e,1
N,gamma13,alpha4,quarter,opp,anti,ccw,-,cw,1,w,nw,anti,cw,+,ccw,1,s,se,2
N,gamma13,gamma2,quarter,opp,anti,ccw,-,cw,1,w,nw,anti,cw,-,ccw,1,s,ne,2
N,gamma13,zeta3,quarter,opp,anti,ccw,-,cw,1,w,nw,anti,cw,,ccw,0,s,e,1
N,gamma13,zeta4,quarter,opp,anti,ccw,,cw,0,w,n,anti,cw,+,ccw,1,s,se,1
N,gamma13,eta2,quarter,opp,anti,ccw,,cw,0,w,n,anti,cw,-,ccw,1,s,ne,1
N,gamma11,gamma2,quarter,opp,anti,ccw,+,cw,1,s,nw,anti,cw,+,ccw,1,e,ne,2
N,gamma11,beta8,quarter,opp,anti,ccw,+,cw,1,s,nw,anti,cw,-,ccw,1,e,nw,2
N,gamma11,eta1,quarter,opp,anti,ccw,+,cw,1,s,nw,anti,cw,,ccw,0,e,n,1
N,gamma11,alpha2,quarter,opp,anti,ccw,-,cw,1,s,sw,anti,cw,+,ccw,1,e,ne,2
N,gamma11,gamma8,quarter,opp,anti,ccw,-,cw,1,s,sw,anti,cw,-,ccw,1,e,nw,2
N,gamma11,zeta1,quarter,opp,anti,ccw,-,cw,1,s,sw,anti,cw,,ccw,0,e,n,1
N,gamma11,zeta2,quarter,opp,anti,ccw,,cw,0,s,w,anti,cw,+,ccw,1,e,ne,1
N,gamma11,eta8,quarter,opp,anti,ccw,,cw,0,s,w,anti,cw,-,ccw,1,e,nw,1
O,gamma3,gamma14,quarter,opp,anti,cw,+,ccw,1,n,nw,pro,cw,+,cw,1,e,sw,2
O,gamma3,alpha4,quarter,opp,anti,cw,+,ccw,1,n,nw,pro,cw,-,cw,1,e,se,2
O,gamma3,zeta13,quarter,opp,anti,cw,+,ccw,1,n,nw,pro,cw,,cw,0,e,s,1
O,gamma3,beta6,quarter,opp,anti,cw,-,ccw,1,n,sw,pro,cw,+,cw,1,e,sw,2
O,gamma3,gamma12,quarter,opp,anti,cw,-,ccw,1,n,sw,pro,cw,-,cw,1,e,se,2
O,gamma3,eta13,quarter,opp,anti,cw,-,ccw,1,n,sw,pro,cw,,cw,0,e,s,1
O,gamma3,eta14,quarter,opp,anti,cw,,ccw,0,n,w,pro,cw,+,cw,1,e,sw,1
O,gamma3,zeta12,quarter,opp,anti,cw,,ccw,0,n,w,pro,cw,-,cw,1,e,se,1
O,gamma5,gamma16,quarter,opp,anti,cw,+,ccw,1,e,ne,pro,cw,+,cw,1,s,nw,2
O,gamma5,alpha6,quarter,opp,anti,cw,+,ccw,1,e,ne,pro,cw,-,cw,1,s,sw,2
O,gamma5,zeta15,quarter,opp,anti,cw,+,ccw,1,e,ne,pro,cw,,cw,0,s,w,1
O,gamma5,beta8,quarter,opp,anti,cw,-,ccw,1,e,nw,pro,cw,+,cw,1,s,nw,2
O,gamma5,gamma14,quarter,opp,anti,cw,-,ccw,1,e,nw,pro,cw,-,cw,1,s,sw,2
O,gamma5,eta15,quarter,opp,anti,cw,-,ccw,1,e,nw,pro,cw,,cw,0,s,w,1
O,gamma5,eta16,quarter,opp,anti,cw,,ccw,0,e,n,pro,cw,+,cw,1,s,nw,1
O,gamma5,zeta14,quarter,opp,anti,cw,,ccw,0,e,n,pro,cw,-,cw,1,s,sw,1
O,gamma7,gamma10,quarter,opp,anti,cw,+,ccw,1,s,se,pro,cw,+,cw,1,w,ne,2
O,gamma7,alpha8,quarter,opp,anti,cw,+,ccw,1,s,se,pro,cw,-,cw,1,w,nw,2
O,gamma7,zeta9,quarter,opp,anti,cw,+,ccw,1,s,se,pro,cw,,cw,0,w,n,1
O,gamma7,beta2,quarter,opp,anti,cw,-,ccw,1,s,ne,pro,cw,+,cw,1,w,ne,2
O,gamma7,gamma16,quarter,opp,anti,cw,-,ccw,1,s,ne,pro,cw,-,cw,1,w,nw,2
O,gamma7,eta9,quarter,opp,anti,cw,-,ccw,1,s,ne,pro,cw,,cw,0,w,n,1
O,gamma7,eta10,quarter,opp,anti,cw,,ccw,0,s,e,pro,cw,+,cw,1,w,ne,1
O,gamma7,zeta16,quarter,opp,anti,cw,,ccw,0,s,e,pro,cw,-,cw,1,w,nw,1
O,gamma1,gamma12,quarter,opp,anti,cw,+,ccw,1,w,sw,pro,cw,+,cw,1,n,se,2
O,gamma1,alpha2,quarter,opp,anti,cw,+,ccw,1,w,sw,pro,cw,-,cw,1,n,ne,2
O,gamma1,zeta11,quarter,opp,anti,cw,+,ccw,1,w,sw,pro,cw,,cw,0,n,e,1
O,gamma1,beta4,quarter,opp,anti,cw,-,ccw,1,w,se,pro,cw,+,cw,1,n,se,2
O,gamma1,gamma10,quarter,opp,anti,cw,-,ccw,1,w,se,pro,cw,-,cw,1,n,ne,2
O,gamma1,eta11,quarter,opp,anti,cw,-,ccw,1,w,se,pro,cw,,cw,0,n,e,1
O,gamma1,eta12,quarter,opp,anti,cw,,ccw,0,w,s,pro,cw,+,cw,1,n,se,1
O,gamma1,zeta10,quarter,opp,anti,cw,,ccw,0,w,s,pro,cw,-,cw,1,n,ne,1
O,gamma15,gamma6,quarter,opp,anti,ccw,+,cw,1,n,se,pro,ccw,+,ccw,1,w,sw,2
O,gamma15,beta4,quarter,opp,anti,ccw,+,cw,1,n,se,pro,ccw,-,ccw,1,w,se,2
O,gamma15,eta5,quarter,opp,anti,ccw,+,cw,1,n,se,pro,ccw,,ccw,0,w,s,1
O,gamma15,alpha6,quarter,opp,anti,ccw,-,cw,1,n,ne,pro,ccw,+,ccw,1,w,sw,2
O,gamma15,gamma4,quarter,opp,anti,ccw,-,cw,1,n,ne,pro,ccw,-,ccw,1,w,se,2
O,gamma15,zeta5,quarter,opp,anti,ccw,-,cw,1,n,ne,pro,ccw,,ccw,0,w,s,1
O,gamma15,zeta6,quarter,opp,anti,ccw,,cw,0,n,e,pro,ccw,+,ccw,1,w,sw,1
O,gamma15,eta4,quarter,opp,anti,ccw,,cw,0,n,e,pro,ccw,-,ccw,1,w,se,1
O,gamma9,gamma8,quarter,opp,anti,ccw,+,cw,1,e,sw,pro,ccw,+,ccw,1,n,nw,2
O,gamma9,beta6,quarter,opp,anti,ccw,+,cw,1,e,sw,pro,ccw,-,ccw,1,n,sw,2
O,gamma9,eta7,quarter,opp,anti,ccw,+,cw,1,e,sw,pro,ccw,,ccw,0,n,w,1
O,gamma9,alpha8,quarter,opp,anti,ccw,-,cw,1,e,se,pro,ccw,+,ccw,1,n,nw,2
O,gamma9,gamma6,quarter,opp,anti,ccw,-,cw,1,e,se,pro,ccw,-,ccw,1,n,sw,2
O,gamma9,zeta7,quarter,opp,anti,ccw,-,cw,1,e,se,pro,ccw,,ccw,0,n,w,1
O,gamma9,zeta8,quarter,opp,anti,ccw,,cw,0,e,s,pro,ccw,+,ccw,1,n,nw,1
O,gamma9,eta6,quarter,opp,anti,ccw,,cw,0,e,s,pro,ccw,-,ccw,1,n,sw,1
O,gamma13,gamma4,quarter,opp,anti,ccw,+,cw,1,w,ne,pro,ccw,+,ccw,1,s,se,2
O,gamma13,beta2,quarter,opp,anti,ccw,+,cw,1,w,ne,pro,ccw,-,ccw,1,s,ne,2
O,gamma13,eta3,quarter,opp,anti,ccw,+,cw,1,w,ne,pro,ccw,,ccw,0,s,e,1
O,gamma13,alpha4,quarter,opp,anti,ccw,-,cw,1,w,nw,pro,ccw,+,ccw,1,s,se,2
O,gamma13,gamma2,quarter,opp,anti,ccw,-,cw,1,w,nw,pro,ccw,-,ccw,1,s,ne,2
O,gamma13,zeta3,quarter,opp,anti,ccw,-,cw,1,w,nw,pro,ccw,,ccw,0,s,e,1
O,gamma13,zeta4,quarter,opp,anti,ccw,,cw,0,w,n,pro,ccw,+,ccw,1,s,se,1
O,gamma13,eta2,quarter,opp,anti,ccw,,cw,0,w,n,pro,ccw,-,ccw,1,s,ne,1
O,gamma11,gamma2,quarter,opp,anti,ccw,+,cw,1,s,nw,pro,ccw,+,ccw,1,e,ne,2
O,gamma11,beta8,quarter,opp,anti,ccw,+,cw,1,s,nw,pro,ccw,-,ccw,1,e,nw,2
O,gamma11,eta1,quarter,opp,anti,ccw,+,cw,1,s,nw,pro,ccw,,ccw,0,e,n,1
O,gamma11,alpha2,quarter,opp,anti,ccw,-,cw,1,s,sw,pro,ccw,+,ccw,1,e,ne,2
O,gamma11,gamma8,quarter,opp,anti,ccw,-,cw,1,s,sw,pro,ccw,-,ccw,1,e,nw,2
O,gamma11,zeta1,quarter,opp,anti,ccw,-,cw,1,s,sw,pro,ccw,,ccw,0,e,n,1
O,gamma11,zeta2,quarter,opp,anti,ccw,,cw,0,s,w,pro,ccw,+,ccw,1,e,ne,1
O,gamma11,eta8,quarter,opp,anti,ccw,,cw,0,s,w,pro,ccw,-,ccw,1,e,nw,1
O,gamma3,gamma14,quarter,opp,pro,ccw,+,ccw,1,n,nw,anti,ccw,+,cw,1,e,sw,2
O,gamma3,alpha4,quarter,opp,pro,ccw,+,ccw,1,n,nw,anti,ccw,-,cw,1,e,se,2
O,gamma3,zeta13,quarter,opp,pro,ccw,+,ccw,1,n,nw,anti,ccw,,cw,0,e,s,1
O,gamma3,beta6,quarter,opp,pro,ccw,-,ccw,1,n,sw,anti,ccw,+,cw,1,e,sw,2
O,gamma3,gamma12,quarter,opp,pro,ccw,-,ccw,1,n,sw,anti,ccw,-,cw,1,e,se,2
O,gamma3,eta13,quarter,opp,pro,ccw,-,ccw,1,n,sw,anti,ccw,,cw,0,e,s,1
O,gamma3,eta14,quarter,opp,pro,ccw,,ccw,0,n,w,anti,ccw,+,cw,1,e,sw,1
O,gamma3,zeta12,quarter,opp,pro,ccw,,ccw,0,n,w,anti,ccw,-,cw,1,e,se,1
O,gamma5,gamma16,quarter,opp,pro,ccw,+,ccw,1,e,ne,anti,ccw,+,cw,1,s,nw,2
O,gamma5,alpha6,quarter,opp,pro,ccw,+,ccw,1,e,ne,anti,ccw,-,cw,1,s,sw,2
O,gamma5,zeta15,quarter,opp,pro,ccw,+,ccw,1,e,ne,anti,ccw,,cw,0,s,w,1
O,gamma5,beta8,quarter,opp,pro,ccw,-,ccw,1,e,nw,anti,ccw,+,cw,1,s,nw,2
O,gamma5,gamma14,quarter,opp,pro,ccw,-,ccw,1,e,nw,anti,ccw,-,cw,1,s,sw,2
O,gamma5,eta15,quarter,opp,pro,ccw,-,ccw,1,e,nw,anti,ccw,,cw,0,s,w,1
O,gamma5,eta16,quarter,opp,pro,ccw,,ccw,0,e,n,anti,ccw,+,cw,1,s,nw,1
O,gamma5,zeta14,quarter,opp,pro,ccw,,ccw,0,e,n,anti,ccw,-,cw,1,s,sw,1
O,gamma7,gamma10,quarter,opp,pro,ccw,+,ccw,1,s,se,anti,ccw,+,cw,1,w,ne,2
O,gamma7,alpha8,quarter,opp,pro,ccw,+,ccw,1,s,se,anti,ccw,-,cw,1,w,nw,2
O,gamma7,zeta9,quarter,opp,pro,ccw,+,ccw,1,s,se,anti,ccw,,cw,0,w,n,1
O,gamma7,beta2,quarter,opp,pro,ccw,-,ccw,1,s,ne,anti,ccw,+,cw,1,w,ne,2
O,gamma7,gamma16,quarter,opp,pro,ccw,-,ccw,1,s,ne,anti,ccw,-,cw,1,w,nw,2
O,gamma7,eta9,quarter,opp,pro,ccw,-,ccw,1,s,ne,anti,ccw,,cw,0,w,n,1
O,gamma7,eta10,quarter,opp,pro,ccw,,ccw,0,s,e,anti,ccw,+,cw,1,w,ne,1
O,gamma7,zeta16,quarter,opp,pro,ccw,,ccw,0,s,e,anti,ccw,-,cw,1,w,nw,1
O,gamma1,gamma12,quarter,opp,pro,ccw,+,ccw,1,w,sw,anti,ccw,+,cw,1,n,se,2
O,gamma1,alpha2,quarter,opp,pro,ccw,+,ccw,1,w,sw,anti,ccw,-,cw,1,n,ne,2
O,gamma1,zeta11,quarter,opp,pro,ccw,+,ccw,1,w,sw,anti,ccw,,cw,0,n,e,1
O,gamma1,beta4,quarter,opp,pro,ccw,-,ccw,1,w,se,anti,ccw,+,cw,1,n,se,2
O,gamma1,gamma10,quarter,opp,pro,ccw,-,ccw,1,w,se,anti,ccw,-,cw,1,n,ne,2
O,gamma1,eta11,quarter,opp,pro,ccw,-,ccw,1,w,se,anti,ccw,,cw,0,n,e,1
O,gamma1,eta12,quarter,opp,pro,ccw,,ccw,0,w,s,anti,ccw,+,cw,1,n,se,1
O,gamma1,zeta10,quarter,opp,pro,ccw,,ccw,0,w,s,anti,ccw,-,cw,1,n,ne,1
O,gamma15,gamma6,quarter,opp,pro,cw,+,cw,1,n,se,anti,cw,+,ccw,1,w,sw,2
O,gamma15,beta4,quarter,opp,pro,cw,+,cw,1,n,se,anti,cw,-,ccw,1,w,se,2
O,gamma15,eta5,quarter,opp,pro,cw,+,cw,1,n,se,anti,cw,,ccw,0,w,s,1
O,gamma15,alpha6,quarter,opp,pro,cw,-,cw,1,n,ne,anti,cw,+,ccw,1,w,sw,2
O,gamma15,gamma4,quarter,opp,pro,cw,-,cw,1,n,ne,anti,cw,-,ccw,1,w,se,2
O,gamma15,zeta5,quarter,opp,pro,cw,-,cw,1,n,ne,anti,cw,,ccw,0,w,s,1
O,gamma15,zeta6,quarter,opp,pro,cw,,cw,0,n,e,anti,cw,+,ccw,1,w,sw,1
O,gamma15,eta4,quarter,opp,pro,cw,,cw,0,n,e,anti,cw,-,ccw,1,w,se,1
O,gamma9,gamma8,quarter,opp,pro,cw,+,cw,1,e,sw,anti,cw,+,ccw,1,n,nw,2
O,gamma9,beta6,quarter,opp,pro,cw,+,cw,1,e,sw,anti,cw,-,ccw,1,n,sw,2
O,gamma9,eta7,quarter,opp,pro,cw,+,cw,1,e,sw,anti,cw,,ccw,0,n,w,1
O,gamma9,alpha8,quarter,opp,pro,cw,-,cw,1,e,se,anti,cw,+,ccw,1,n,nw,2
O,gamma9,gamma6,quarter,opp,pro,cw,-,cw,1,e,se,anti,cw,-,ccw,1,n,sw,2
O,gamma9,zeta7,quarter,opp,pro,cw,-,cw,1,e,se,anti,cw,,ccw,0,n,w,1
O,gamma9,zeta8,quarter,opp,pro,cw,,cw,0,e,s,anti,cw,+,ccw,1,n,nw,1
O,gamma9,eta6,quarter,opp,pro,cw,,cw,0,e,s,anti,cw,-,ccw,1,n,sw,1
O,gamma13,gamma4,quarter,opp,pro,cw,+,cw,1,w,ne,anti,cw,+,ccw,1,s,se,2
O,gamma13,beta2,quarter,opp,pro,cw,+,cw,1,w,ne,anti,cw,-,ccw,1,s,ne,2
O,gamma13,eta3,quarter,opp,pro,cw,+,cw,1,w,ne,anti,cw,,ccw,0,s,e,1
O,gamma13,alpha4,quarter,opp,pro,cw,-,cw,1,w,nw,anti,cw,+,ccw,1,s,se,2
O,gamma13,gamma2,quarter,opp,pro,cw,-,cw,1,w,nw,anti,cw,-,ccw,1,s,ne,2
O,gamma13,zeta3,quarter,opp,pro,cw,-,cw,1,w,nw,anti,cw,,ccw,0,s,e,1
O,gamma13,zeta4,quarter,opp,pro,cw,,cw,0,w,n,anti,cw,+,ccw,1,s,se,1
O,gamma13,eta2,quarter,opp,pro,cw,,cw,0,w,n,anti,cw,-,ccw,1,s,ne,1
O,gamma11,gamma2,quarter,opp,pro,cw,+,cw,1,s,nw,anti,cw,+,ccw,1,e,ne,2
O,gamma11,beta8,quarter,opp,pro,cw,+,cw,1,s,nw,anti,cw,-,ccw,1,e,nw,2
O,gamma11,eta1,quarter,opp,pro,cw,+,cw,1,s,nw,anti,cw,,ccw,0,e,n,1
O,gamma11,alpha2,quarter,opp,pro,cw,-,cw,1,s,sw,anti,cw,+,ccw,1,e,ne,2
O,gamma11,gamma8,quarter,opp,pro,cw,-,cw,1,s,sw,anti,cw,-,ccw,1,e,nw,2
O,gamma11,zeta1,quarter,opp,pro,cw,-,cw,1,s,sw,anti,cw,,ccw,0,e,n,1
O,gamma11,zeta2,quarter,opp,pro,cw,,cw,0,s,w,anti,cw,+,ccw,1,e,ne,1
O,gamma11,eta8,quarter,opp,pro,cw,,cw,0,s,w,anti,cw,-,ccw,1,e,nw,1
P,gamma11,gamma6,quarter,opp,pro,ccw,+,ccw,1,s,se,pro,cw,+,cw,1,e,sw,2
P,gamma11,beta4,quarter,opp,pro,ccw,+,ccw,1,s,se,pro,cw,-,cw,1,e,se,2
P,gamma11,eta5,quarter,opp,pro,ccw,+,ccw,1,s,se,pro,cw,,cw,0,e,s,1
P,gamma11,alpha6,quarter,opp,pro,ccw,-,ccw,1,s,ne,pro,cw,+,cw,1,e,sw,2
P,gamma11,gamma4,quarter,opp,pro,ccw,-,ccw,1,s,ne,pro,cw,-,cw,1,e,se,2
P,gamma11,zeta5,quarter,opp,pro,ccw,-,ccw,1,s,ne,pro,cw,,cw,0,e,s,1
P,gamma11,zeta6,quarter,opp,pro,ccw,,ccw,0,s,e,pro,cw,+,cw,1,e,sw,1
P,gamma11,eta4,quarter,opp,pro,ccw,,ccw,0,s,e,pro,cw,-,cw,1,e,se,1
P,gamma13,gamma8,quarter,opp,pro,ccw,+,ccw,1,w,sw,pro,cw,+,cw,1,s,nw,2
P,gamma13,beta6,quarter,opp,pro,ccw,+,ccw,1,w,sw,pro,cw,-,cw,1,s,sw,2
P,gamma13,eta7,quarter,opp,pro,ccw,+,ccw,1,w,sw,pro,cw,,cw,0,s,w,1
P,gamma13,alpha8,quarter,opp,pro,ccw,-,ccw,1,w,se,pro,cw,+,cw,1,s,nw,2
P,gamma13,gamma6,quarter,opp,pro,ccw,-,ccw,1,w,se,pro,cw,-,cw,1,s,sw,2
P,gamma13,zeta7,quarter,opp,pro,ccw,-,ccw,1,w,se,pro,cw,,cw,0,s,w,1
P,gamma13,zeta8,quarter,opp,pro,ccw,,ccw,0,w,s,pro,cw,+,cw,1,s,nw,1
P,gamma13,eta6,quarter,opp,pro,ccw,,ccw,0,w,s,pro,cw,-,cw,1,s,sw,1
P,gamma15,gamma2,quarter,opp,pro,ccw,+,ccw,1,n,nw,pro,cw,+,cw,1,w,ne,2
P,gamma15,beta8,quarter,opp,pro,ccw,+,ccw,1,n,nw,pro,cw,-,cw,1,w,nw,2
P,gamma15,eta1,quarter,opp,pro,ccw,+,ccw,1,n,nw,pro,cw,,cw,0,w,n,1
P,gamma15,alpha2,quarter,opp,pro,ccw,-,ccw,1,n,sw,pro,cw,+,cw,1,w,ne,2
P,gamma15,gamma8,quarter,opp,pro,ccw,-,ccw,1,n,sw,pro,cw,-,cw,1,w,nw,2
P,gamma15,zeta1,quarter,opp,pro,ccw,-,ccw,1,n,sw,pro,cw,,cw,0,w,n,1
P,gamma15,zeta2,quarter,opp,pro,ccw,,ccw,0,n,w,pro,cw,+,cw,1,w,ne,1
P,gamma15,eta8,quarter,opp,pro,ccw,,ccw,0,n,w,pro,cw,-,cw,1,w,nw,1
P,gamma9,gamma4,quarter,opp,pro,ccw,+,ccw,1,e,ne,pro,cw,+,cw,1,n,se,2
P,gamma9,beta2,quarter,opp,pro,ccw,+,ccw,1,e,ne,pro,cw,-,cw,1,n,ne,2
P,gamma9,eta3,quarter,opp,pro,ccw,+,ccw,1,e,ne,pro,cw,,cw,0,n,e,1
P,gamma9,alpha4,quarter,opp,pro,ccw,-,ccw,1,e,nw,pro,cw,+,cw,1,n,se,2
P,gamma9,gamma2,quarter,opp,pro,ccw,-,ccw,1,e,nw,pro,cw,-,cw,1,n,ne,2
P,gamma9,zeta3,quarter,opp,pro,ccw,-,ccw,1,e,nw,pro,cw,,cw,0,n,e,1
P,gamma9,zeta4,quarter,opp,pro,ccw,,ccw,0,e,n,pro,cw,+,cw,1,n,se,1
P,gamma9,eta2,quarter,opp,pro,ccw,,ccw,0,e,n,pro,cw,-,cw,1,n,ne,1
P,gamma7,gamma14,quarter,opp,pro,cw,+,cw,1,s,nw,pro,ccw,+,ccw,1,w,sw,2
P,gamma7,alpha4,quarter,opp,pro,cw,+,cw,1,s,nw,pro,ccw,-,ccw,1,w,se,2
P,gamma7,zeta13,quarter,opp,pro,cw,+,cw,1,s,nw,pro,ccw,,ccw,0,w,s,1
P,gamma7,beta6,quarter,opp,pro,cw,-,cw,1,s,sw,pro,ccw,+,ccw,1,w,sw,2
P,gamma7,gamma12,quarter,opp,pro,cw,-,cw,1,s,sw,pro,ccw,-,ccw,1,w,se,2
P,gamma7,eta13,quarter,opp,pro,cw,-,cw,1,s,sw,pro,ccw,,ccw,0,w,s,1
P,gamma7,eta14,quarter,opp,pro,cw,,cw,0,s,w,pro,ccw,+,ccw,1,w,sw,1
P,gamma7,zeta12,quarter,opp,pro,cw,,cw,0,s,w,pro,ccw,-,ccw,1,w,se,1
P,gamma1,gamma16,quarter,opp,pro,cw,+,cw,1,w,ne,pro,ccw,+,ccw,1,n,nw,2
P,gamma1,alpha6,quarter,opp,pro,cw,+,cw,1,w,ne,pro,ccw,-,ccw,1,n,sw,2
P,gamma1,zeta15,quarter,opp,pro,cw,+,cw,1,w,ne,pro,ccw,,ccw,0,n,w,1
P,gamma1,beta8,quarter,opp,pro,cw,-,cw,1,w,nw,pro,ccw,+,ccw,1,n,nw,2
P,gamma1,gamma14,quarter,opp,pro,cw,-,cw,1,w,nw,pro,ccw,-,ccw,1,n,sw,2
P,gamma1,eta15,quarter,opp,pro,cw,-,cw,1,w,nw,pro,ccw,,ccw,0,n,w,1
P,gamma1,eta16,quarter,opp,pro,cw,,cw,0,w,n,pro,ccw,+,ccw,1,n,nw,1
P,gamma1,zeta14,quarter,opp,pro,cw,,cw,0,w,n,pro,ccw,-,ccw,1,n,sw,1
P,gamma5,gamma12,quarter,opp,pro,cw,+,cw,1,e,sw,pro,ccw,+,ccw,1,s,se,2
P,gamma5,alpha2,quarter,opp,pro,cw,+,cw,1,e,sw,pro,ccw,-,ccw,1,s,ne,2
P,gamma5,zeta11,quarter,opp,pro,cw,+,cw,1,e,sw,pro,ccw,,ccw,0,s,e,1
P,gamma5,beta4,quarter,opp,pro,cw,-,cw,1,e,se,pro,ccw,+,ccw,1,s,se,2
P,gamma5,gamma10,quarter,opp,pro,cw,-,cw,1,e,se,pro,ccw,-,ccw,1,s,ne,2
P,gamma5,eta11,quarter,opp,pro,cw,-,cw,1,e,se,pro,ccw,,ccw,0,s,e,1
P,gamma5,eta12,quarter,opp,pro,cw,,cw,0,e,s,pro,ccw,+,ccw,1,s,se,1
P,gamma5,zeta10,quarter,opp,pro,cw,,cw,0,e,s,pro,ccw,-,ccw,1,s,ne,1
P,gamma3,gamma10,quarter,opp,pro,cw,+,cw,1,n,se,pro,ccw,+,ccw,1,e,ne,2
P,gamma3,alpha8,quarter,opp,pro,cw,+,cw,1,n,se,pro,ccw,-,ccw,1,e,nw,2
P,gamma3,zeta9,quarter,opp,pro,cw,+,cw,1,n,se,pro,ccw,,ccw,0,e,n,1
P,gamma3,beta2,quarter,opp,pro,cw,-,cw,1,n,ne,pro,ccw,+,ccw,1,e,ne,2
P,gamma3,gamma16,quarter,opp,pro,cw,-,cw,1,n,ne,pro,ccw,-,ccw,1,e,nw,2
P,gamma3,eta9,quarter,opp,pro,cw,-,cw,1,n,ne,pro,ccw,,ccw,0,e,n,1
P,gamma3,eta10,quarter,opp,pro,cw,,cw,0,n,e,pro,ccw,+,ccw,1,e,ne,1
P,gamma3,zeta16,quarter,opp,pro,cw,,cw,0,n,e,pro,ccw,-,ccw,1,e,nw,1
Q,gamma11,gamma6,quarter,opp,anti,cw,+,ccw,1,s,se,anti,ccw,+,cw,1,e,sw,2
Q,gamma11,beta4,quarter,opp,anti,cw,+,ccw,1,s,se,anti,ccw,-,cw,1,e,se,2
Q,gamma11,eta5,quarter,opp,anti,cw,+,ccw,1,s,se,anti,ccw,,cw,0,e,s,1
Q,gamma11,alpha6,quarter,opp,anti,cw,-,ccw,1,s,ne,anti,ccw,+,cw,1,e,sw,2
Q,gamma11,gamma4,quarter,opp,anti,cw,-,ccw,1,s,ne,anti,ccw,-,cw,1,e,se,2
Q,gamma11,zeta5,quarter,opp,anti,cw,-,ccw,1,s,ne,anti,ccw,,cw,0,e,s,1
Q,gamma11,zeta6,quarter,opp,anti,cw,,ccw,0,s,e,anti,ccw,+,cw,1,e,sw,1
Q,gamma11,eta4,quarter,opp,anti,cw,,ccw,0,s,e,anti,ccw,-,cw,1,e,se,1
Q,gamma13,gamma8,quarter,opp,anti,cw,+,ccw,1,w,sw,anti,ccw,+,cw,1,s,nw,2
Q,gamma13,beta6,quarter,opp,anti,cw,+,ccw,1,w,sw,anti,ccw,-,cw,1,s,sw,2
Q,gamma13,eta7,quarter,opp,anti,cw,+,ccw,1,w,sw,anti,ccw,,cw,0,s,w,1
Q,gamma13,alpha8,quarter,opp,anti,cw,-,ccw,1,w,se,anti,ccw,+,cw,1,s,nw,2
Q,gamma13,gamma6,quarter,opp,anti,cw,-,ccw,1,w,se,anti,ccw,-,cw,1,s,sw,2
Q,gamma13,zeta7,quarter,opp,anti,cw,-,ccw,1,w,se,anti,ccw,,cw,0,s,w,1
Q,gamma13,zeta8,quarter,opp,anti,cw,,ccw,0,w,s,anti,ccw,+,cw,1,s,nw,1
Q,gamma13,eta6,quarter,opp,anti,cw,,ccw,0,w,s,anti,ccw,-,cw,1,s,sw,1
Q,gamma15,gamma2,quarter,opp,anti,cw,+,ccw,1,n,nw,anti,ccw,+,cw,1,w,ne,2
Q,gamma15,beta8,quarter,opp,anti,cw,+,ccw,1,n,nw,anti,ccw,-,cw,1,w,nw,2
Q,gamma15,eta1,quarter,opp,anti,cw,+,ccw,1,n,nw,anti,ccw,,cw,0,w,n,1
Q,gamma15,alpha2,quarter,opp,anti,cw,-,ccw,1,n,sw,anti,ccw,+,cw,1,w,ne,2
Q,gamma15,gamma8,quarter,opp,anti,cw,-,ccw,1,n,sw,anti,ccw,-,cw,1,w,nw,2
Q,gamma15,zeta1,quarter,opp,anti,cw,-,ccw,1,n,sw,anti,ccw,,cw,0,w,n,1
Q,gamma15,zeta2,quarter,opp,anti,cw,,ccw,0,n,w,anti,ccw,+,cw,1,w,ne,1
Q,gamma15,eta8,quarter,opp,anti,cw,,ccw,0,n,w,anti,ccw,-,cw,1,w,nw,1
Q,gamma9,gamma4,quarter,opp,anti,cw,+,ccw,1,e,ne,anti,ccw,+,cw,1,n,se,2
Q,gamma9,beta2,quarter,opp,anti,cw,+,ccw,1,e,ne,anti,ccw,-,cw,1,n,ne,2
Q,gamma9,eta3,quarter,opp,anti,cw,+,ccw,1,e,ne,anti,ccw,,cw,0,n,e,1
Q,gamma9,alpha4,quarter,opp,anti,cw,-,ccw,1,e,nw,anti,ccw,+,cw,1,n,se,2
Q,gamma9,gamma2,quarter,opp,anti,cw,-,ccw,1,e,nw,anti,ccw,-,cw,1,n,ne,2
Q,gamma9,zeta3,quarter,opp,anti,cw,-,ccw,1,e,nw,anti,ccw,,cw,0,n,e,1
Q,gamma9,zeta4,quarter,opp,anti,cw,,ccw,0,e,n,anti,ccw,+,cw,1,n,se,1
Q,gamma9,eta2,quarter,opp,anti,cw,,ccw,0,e,n,anti,ccw,-,cw,1,n,ne,1
Q,gamma7,gamma14,quarter,opp,anti,ccw,+,cw,1,s,nw,anti,cw,+,ccw,1,w,sw,2
Q,gamma7,alpha4,quarter,opp,anti,ccw,+,cw,1,s,nw,anti,cw,-,ccw,1,w,se,2
Q,gamma7,zeta13,quarter,opp,anti,ccw,+,cw,1,s,nw,anti,cw,,ccw,0,w,s,1
Q,gamma7,beta6,quarter,opp,anti,ccw,-,cw,1,s,sw,anti,cw,+,ccw,1,w,sw,2
Q,gamma7,gamma12,quarter,opp,anti,ccw,-,cw,1,s,sw,anti,cw,-,ccw,1,w,se,2
Q,gamma7,eta13,quarter,opp,anti,ccw,-,cw,1,s,sw,anti,cw,,ccw,0,w,s,1
Q,gamma7,eta14,quarter,opp,anti,ccw,,cw,0,s,w,anti,cw,+,ccw,1,w,sw,1
Q,gamma7,zeta12,quarter,opp,anti,ccw,,cw,0,s,w,anti,cw,-,ccw,1,w,se,1
Q,gamma1,gamma16,quarter,opp,anti,ccw,+,cw,1,w,ne,anti,cw,+,ccw,1,n,nw,2
Q,gamma1,alpha6,quarter,opp,anti,ccw,+,cw,1,w,ne,anti,cw,-,ccw,1,n,sw,2
Q,gamma1,zeta15,quarter,opp,anti,ccw,+,cw,1,w,ne,anti,cw,,ccw,0,n,w,1
Q,gamma1,beta8,quarter,opp,anti,ccw,-,cw,1,w,nw,anti,cw,+,ccw,1,n,nw,2
Q,gamma1,gamma14,quarter,opp,anti,ccw,-,cw,1,w,nw,anti,cw,-,ccw,1,n,sw,2
Q,gamma1,eta15,quarter,opp,anti,ccw,-,cw,1,w,nw,anti,cw,,ccw,0,n,w,1
Q,gamma1,eta16,quarter,opp,anti,ccw,,cw,0,w,n,anti,cw,+,ccw,1,n,nw,1
Q,gamma1,zeta14,quarter,opp,anti,ccw,,cw,0,w,n,anti,cw,-,ccw,1,n,sw,1
Q,gamma5,gamma12,quarter,opp,anti,ccw,+,cw,1,e,sw,anti,cw,+,ccw,1,s,se,2
Q,gamma5,alpha2,quarter,opp,anti,ccw,+,cw,1,e,sw,anti,cw,-,ccw,1,s,ne,2
Q,gamma5,zeta11,quarter,opp,anti,ccw,+,cw,1,e,sw,anti,cw,,ccw,0,s,e,1
Q,gamma5,beta4,quarter,opp,anti,ccw,-,cw,1,e,se,anti,cw,+,ccw,1,s,se,2
Q,gamma5,gamma10,quarter,opp,anti,ccw,-,cw,1,e,se,anti,cw,-,ccw,1,s,ne,2
Q,gamma5,eta11,quarter,opp,anti,ccw,-,cw,1,e,se,anti,cw,,ccw,0,s,e,1
Q,gamma5,eta12,quarter,opp,anti,ccw,,cw,0,e,s,anti,cw,+,ccw,1,s,se,1
Q,gamma5,zeta10,quarter,opp,anti,ccw,,cw,0,e,s,anti,cw,-,ccw,1,s,ne,1
Q,gamma3,gamma10,quarter,opp,anti,ccw,+,cw,1,n,se,anti,cw,+,ccw,1,e,ne,2
Q,gamma3,alpha8,quarter,opp,anti,ccw,+,cw,1,n,se,anti,cw,-,ccw,1,e,nw,2
Q,gamma3,zeta9,quarter,opp,anti,ccw,+,cw,1,n,se,anti,cw,,ccw,0,e,n,1
Q,gamma3,beta2,quarter,opp,anti,ccw,-,cw,1,n,ne,anti,cw,+,ccw,1,e,ne,2
Q,gamma3,gamma16,quarter,opp,anti,ccw,-,cw,1,n,ne,anti,cw,-,ccw,1,e,nw,2
Q,gamma3,eta9,quarter,opp,anti,ccw,-,cw,1,n,ne,anti,cw,,ccw,0,e,n,1
Q,gamma3,eta10,quarter,opp,anti,ccw,,cw,0,n,e,anti,cw,+,ccw,1,e,ne,1
Q,gamma3,zeta16,quarter,opp,anti,ccw,,cw,0,n,e,anti,cw,-,ccw,1,e,nw,1
R,gamma11,gamma6,quarter,opp,anti,cw,+,ccw,1,s,se,pro,cw,+,cw,1,e,sw,2
R,gamma11,beta4,quarter,opp,anti,cw,+,ccw,1,s,se,pro,cw,-,cw,1,e,se,2
R,gamma11,eta5,quarter,opp,anti,cw,+,ccw,1,s,se,pro,cw,,cw,0,e,s,1
R,gamma11,alpha6,quarter,opp,anti,cw,-,ccw,1,s,ne,pro,cw,+,cw,1,e,sw,2
R,gamma11,gamma4,quarter,opp,anti,cw,-,ccw,1,s,ne,pro,cw,-,cw,1,e,se,2
R,gamma11,zeta5,quarter,opp,anti,cw,-,ccw,1,s,ne,pro,cw,,cw,0,e,s,1
R,gamma11,zeta6,quarter,opp,anti,cw,,ccw,0,s,e,pro,cw,+,cw,1,e,sw,1
R,gamma11,eta4,quarter,opp,anti,cw,,ccw,0,s,e,pro,cw,-,cw,1,e,se,1
R,gamma13,gamma8,quarter,opp,anti,cw,+,ccw,1,w,sw,pro,cw,+,cw,1,s,nw,2
R,gamma13,beta6,quarter,opp,anti,cw,+,ccw,1,w,sw,pro,cw,-,cw,1,s,sw,2
R,gamma13,eta7,quarter,opp,anti,cw,+,ccw,1,w,sw,pro,cw,,cw,0,s,w,1
R,gamma13,alpha8,quarter,opp,anti,cw,-,ccw,1,w,se,pro,cw,+,cw,1,s,nw,2
R,gamma13,gamma6,quarter,opp,anti,cw,-,ccw,1,w,se,pro,cw,-,cw,1,s,sw,2
R,gamma13,zeta7,quarter,opp,anti,cw,-,ccw,1,w,se,pro,cw,,cw,0,s,w,1
R,gamma13,zeta8,quarter,opp,anti,cw,,ccw,0,w,s,pro,cw,+,cw,1,s,nw,1
R,gamma13,eta6,quarter,opp,anti,cw,,ccw,0,w,s,pro,cw,-,cw,1,s,sw,1
R,gamma15,gamma2,quarter,opp,anti,cw,+,ccw,1,n,nw,pro,cw,+,cw,1,w,ne,2
R,gamma15,beta8,quarter,opp,anti,cw,+,ccw,1,n,nw,pro,cw,-,cw,1,w,nw,2
R,gamma15,eta1,quarter,opp,anti,cw,+,ccw,1,n,nw,pro,cw,,cw,0,w,n,1
R,gamma15,alpha2,quarter,opp,anti,cw,-,ccw,1,n,sw,pro,cw,+,cw,1,w,ne,2
R,gamma15,gamma8,quarter,opp,anti,cw,-,ccw,1,n,sw,pro,cw,-,cw,1,w,nw,2
R,gamma15,zeta1,quarter,opp,anti,cw,-,ccw,1,n,sw,pro,cw,,cw,0,w,n,1
R,gamma15,zeta2,quarter,opp,anti,cw,,ccw,0,n,w,pro,cw,+,cw,1,w,ne,1
R,gamma15,eta8,quarter,opp,anti,cw,,ccw,0,n,w,pro,cw,-,cw,1,w,nw,1
R,gamma9,gamma4,quarter,opp,anti,cw,+,ccw,1,e,ne,pro,cw,+,cw,1,n,se,2
R,gamma9,beta2,quarter,opp,anti,cw,+,ccw,1,e,ne,pro,cw,-,cw,1,n,ne,2
R,gamma9,eta3,quarter,opp,anti,cw,+,ccw,1,e,ne,pro,cw,,cw,0,n,e,1
R,gamma9,alpha4,quarter,opp,anti,cw,-,ccw,1,e,nw,pro,cw,+,cw,1,n,se,2
R,gamma9,gamma2,quarter,opp,anti,cw,-,ccw,1,e,nw,pro,cw,-,cw,1,n,ne,2
R,gamma9,zeta3,quarter,opp,anti,cw,-,ccw,1,e,nw,pro,cw,,cw,0,n,e,1
R,gamma9,zeta4,quarter,opp,anti,cw,,ccw,0,e,n,pro,cw,+,cw,1,n,se,1
R,gamma9,eta2,quarter,opp,anti,cw,,ccw,0,e,n,pro,cw,-,cw,1,n,ne,1
R,gamma7,gamma14,quarter,opp,anti,ccw,+,cw,1,s,nw,pro,ccw,+,ccw,1,w,sw,2
R,gamma7,alpha4,quarter,opp,anti,ccw,+,cw,1,s,nw,pro,ccw,-,ccw,1,w,se,2
R,gamma7,zeta13,quarter,opp,anti,ccw,+,cw,1,s,nw,pro,ccw,,ccw,0,w,s,1
R,gamma7,beta6,quarter,opp,anti,ccw,-,cw,1,s,sw,pro,ccw,+,ccw,1,w,sw,2
R,gamma7,gamma12,quarter,opp,anti,ccw,-,cw,1,s,sw,pro,ccw,-,ccw,1,w,se,2
R,gamma7,eta13,quarter,opp,anti,ccw,-,cw,1,s,sw,pro,ccw,,ccw,0,w,s,1
R,gamma7,eta14,quarter,opp,anti,ccw,,cw,0,s,w,pro,ccw,+,ccw,1,w,sw,1
R,gamma7,zeta12,quarter,opp,anti,ccw,,cw,0,s,w,pro,ccw,-,ccw,1,w,se,1
R,gamma1,gamma16,quarter,opp,anti,ccw,+,cw,1,w,ne,pro,ccw,+,ccw,1,n,nw,2
R,gamma1,alpha6,quarter,opp,anti,ccw,+,cw,1,w,ne,pro,ccw,-,ccw,1,n,sw,2
R,gamma1,zeta15,quarter,opp,anti,ccw,+,cw,1,w,ne,pro,ccw,,ccw,0,n,w,1
R,gamma1,beta8,quarter,opp,anti,ccw,-,cw,1,w,nw,pro,ccw,+,ccw,1,n,nw,2
R,gamma1,gamma14,quarter,opp,anti,ccw,-,cw,1,w,nw,pro,ccw,-,ccw,1,n,sw,2
R,gamma1,eta15,quarter,opp,anti,ccw,-,cw,1,w,nw,pro,ccw,,ccw,0,n,w,1
R,gamma1,eta16,quarter,opp,anti,ccw,,cw,0,w,n,pro,ccw,+,ccw,1,n,nw,1
R,gamma1,zeta14,quarter,opp,anti,ccw,,cw,0,w,n,pro,ccw,-,ccw,1,n,sw,1
R,gamma5,gamma12,quarter,opp,anti,ccw,+,cw,1,e,sw,pro,ccw,+,ccw,1,s,se,2
R,gamma5,alpha2,quarter,opp,anti,ccw,+,cw,1,e,sw,pro,ccw,-,ccw,1,s,ne,2
R,gamma5,zeta11,quarter,opp,anti,ccw,+,cw,1,e,sw,pro,ccw,,ccw,0,s,e,1
R,gamma5,beta4,quarter,opp,anti,ccw,-,cw,1,e,se,pro,ccw,+,ccw,1,s,se,2
R,gamma5,gamma10,quarter,opp,anti,ccw,-,cw,1,e,se,pro,ccw,-,ccw,1,s,ne,2
R,gamma5,eta11,quarter,opp,anti,ccw,-,cw,1,e,se,pro,ccw,,ccw,0,s,e,1
R,gamma5,eta12,quarter,opp,anti,ccw,,cw,0,e,s,pro,ccw,+,ccw,1,s,se,1
R,gamma5,zeta10,quarter,opp,anti,ccw,,cw,0,e,s,pro,ccw,-,ccw,1,s,ne,1
R,gamma3,gamma10,quarter,opp,anti,ccw,+,cw,1,n,se,pro,ccw,+,ccw,1,e,ne,2
R,gamma3,alpha8,quarter,opp,anti,ccw,+,cw,1,n,se,pro,ccw,-,ccw,1,e,nw,2
R,gamma3,zeta9,quarter,opp,anti,ccw,+,cw,1,n,se,pro,ccw,,ccw,0,e,n,1
R,gamma3,beta2,quarter,opp,anti,ccw,-,cw,1,n,ne,pro,ccw,+,ccw,1,e,ne,2
R,gamma3,gamma16,quarter,opp,anti,ccw,-,cw,1,n,ne,pro,ccw,-,ccw,1,e,nw,2
R,gamma3,eta9,quarter,opp,anti,ccw,-,cw,1,n,ne,pro,ccw,,ccw,0,e,n,1
R,gamma3,eta10,quarter,opp,anti,ccw,,cw,0,n,e,pro,ccw,+,ccw,1,e,ne,1
R,gamma3,zeta16,quarter,opp,anti,ccw,,cw,0,n,e,pro,ccw,-,ccw,1,e,nw,1
R,gamma11,gamma6,quarter,opp,pro,ccw,+,ccw,1,s,se,anti,ccw,+,cw,1,e,sw,2
R,gamma11,beta4,quarter,opp,pro,ccw,+,ccw,1,s,se,anti,ccw,-,cw,1,e,se,2
R,gamma11,eta5,quarter,opp,pro,ccw,+,ccw,1,s,se,anti,ccw,,cw,0,e,s,1
R,gamma11,alpha6,quarter,opp,pro,ccw,-,ccw,1,s,ne,anti,ccw,+,cw,1,e,sw,2
R,gamma11,gamma4,quarter,opp,pro,ccw,-,ccw,1,s,ne,anti,ccw,-,cw,1,e,se,2
R,gamma11,zeta5,quarter,opp,pro,ccw,-,ccw,1,s,ne,anti,ccw,,cw,0,e,s,1
R,gamma11,zeta6,quarter,opp,pro,ccw,,ccw,0,s,e,anti,ccw,+,cw,1,e,sw,1
R,gamma11,eta4,quarter,opp,pro,ccw,,ccw,0,s,e,anti,ccw,-,cw,1,e,se,1
R,gamma13,gamma8,quarter,opp,pro,ccw,+,ccw,1,w,sw,anti,ccw,+,cw,1,s,nw,2
R,gamma13,beta6,quarter,opp,pro,ccw,+,ccw,1,w,sw,anti,ccw,-,cw,1,s,sw,2
R,gamma13,eta7,quarter,opp,pro,ccw,+,ccw,1,w,sw,anti,ccw,,cw,0,s,w,1
R,gamma13,alpha8,quarter,opp,pro,ccw,-,ccw,1,w,se,anti,ccw,+,cw,1,s,nw,2
R,gamma13,gamma6,quarter,opp,pro,ccw,-,ccw,1,w,se,anti,ccw,-,cw,1,s,sw,2
R,gamma13,zeta7,quarter,opp,pro,ccw,-,ccw,1,w,se,anti,ccw,,cw,0,s,w,1
R,gamma13,zeta8,quarter,opp,pro,ccw,,ccw,0,w,s,anti,ccw,+,cw,1,s,nw,1
R,gamma13,eta6,quarter,opp,pro,ccw,,ccw,0,w,s,anti,ccw,-,cw,1,s,sw,1
R,gamma15,gamma2,quarter,opp,pro,ccw,+,ccw,1,n,nw,anti,ccw,+,cw,1,w,ne,2
R,gamma15,beta8,quarter,opp,pro,ccw,+,ccw,1,n,nw,anti,ccw,-,cw,1,w,nw,2
R,gamma15,eta1,quarter,opp,pro,ccw,+,ccw,1,n,nw,anti,ccw,,cw,0,w,n,1
R,gamma15,alpha2,quarter,opp,pro,ccw,-,ccw,1,n,sw,anti,ccw,+,cw,1,w,ne,2
R,gamma15,gamma8,quarter,opp,pro,ccw,-,ccw,1,n,sw,anti,ccw,-,cw,1,w,nw,2
R,gamma15,zeta1,quarter,opp,pro,ccw,-,ccw,1,n,sw,anti,ccw,,cw,0,w,n,1
R,gamma15,zeta2,quarter,opp,pro,ccw,,ccw,0,n,w,anti,ccw,+,cw,1,w,ne,1
R,gamma15,eta8,quarter,opp,pro,ccw,,ccw,0,n,w,anti,ccw,-,cw,1,w,nw,1
R,gamma9,gamma4,quarter,opp,pro,ccw,+,ccw,1,e,ne,anti,ccw,+,cw,1,n,se,2
R,gamma9,beta2,quarter,opp,pro,ccw,+,ccw,1,e,ne,anti,ccw,-,cw,1,n,ne,2
R,gamma9,eta3,quarter,opp,pro,ccw,+,ccw,1,e,ne,anti,ccw,,cw,0,n,e,1
R,gamma9,alpha4,quarter,opp,pro,ccw,-,ccw,1,e,nw,anti,ccw,+,cw,1,n,se,2
R,gamma9,gamma2,quarter,opp,pro,ccw,-,ccw,1,e,nw,anti,ccw,-,cw,1,n,ne,2
R,gamma9,zeta3,quarter,opp,pro,ccw,-,ccw,1,e,nw,anti,ccw,,cw,0,n,e,1
R,gamma9,zeta4,quarter,opp,pro,ccw,,ccw,0,e,n,anti,ccw,+,cw,1,n,se,1
R,gamma9,eta2,quarter,opp,pro,ccw,,ccw,0,e,n,anti,ccw,-,cw,1,n,ne,1
R,gamma7,gamma14,quarter,opp,pro,cw,+,cw,1,s,nw,anti,cw,+,ccw,1,w,sw,2
R,gamma7,alpha4,quarter,opp,pro,cw,+,cw,1,s,nw,anti,cw,-,ccw,1,w,se,2
R,gamma7,zeta13,quarter,opp,pro,cw,+,cw,1,s,nw,anti,cw,,ccw,0,w,s,1
R,gamma7,beta6,quarter,opp,pro,cw,-,cw,1,s,sw,anti,cw,+,ccw,1,w,sw,2
R,gamma7,gamma12,quarter,opp,pro,cw,-,cw,1,s,sw,anti,cw,-,ccw,1,w,se,2
R,gamma7,eta13,quarter,opp,pro,cw,-,cw,1,s,sw,anti,cw,,ccw,0,w,s,1
R,gamma7,eta14,quarter,opp,pro,cw,,cw,0,s,w,anti,cw,+,ccw,1,w,sw,1
R,gamma7,zeta12,quarter,opp,pro,cw,,cw,0,s,w,anti,cw,-,ccw,1,w,se,1
R,gamma1,gamma16,quarter,opp,pro,cw,+,cw,1,w,ne,anti,cw,+,ccw,1,n,nw,2
R,gamma1,alpha6,quarter,opp,pro,cw,+,cw,1,w,ne,anti,cw,-,ccw,1,n,sw,2
R,gamma1,zeta15,quarter,opp,pro,cw,+,cw,1,w,ne,anti,cw,,ccw,0,n,w,1
R,gamma1,beta8,quarter,opp,pro,cw,-,cw,1,w,nw,anti,cw,+,ccw,1,n,nw,2
R,gamma1,gamma14,quarter,opp,pro,cw,-,cw,1,w,nw,anti,cw,-,ccw,1,n,sw,2
R,gamma1,eta15,quarter,opp,pro,cw,-,cw,1,w,nw,anti,cw,,ccw,0,n,w,1
R,gamma1,eta16,quarter,opp,pro,cw,,cw,0,w,n,anti,cw,+,ccw,1,n,nw,1
R,gamma1,zeta14,quarter,opp,pro,cw,,cw,0,w,n,anti,cw,-,ccw,1,n,sw,1
R,gamma5,gamma12,quarter,opp,pro,cw,+,cw,1,e,sw,anti,cw,+,ccw,1,s,se,2
R,gamma5,alpha2,quarter,opp,pro,cw,+,cw,1,e,sw,anti,cw,-,ccw,1,s,ne,2
R,gamma5,zeta11,quarter,opp,pro,cw,+,cw,1,e,sw,anti,cw,,ccw,0,s,e,1
R,gamma5,beta4,quarter,opp,pro,cw,-,cw,1,e,se,anti,cw,+,ccw,1,s,se,2
R,gamma5,gamma10,quarter,opp,pro,cw,-,cw,1,e,se,anti,cw,-,ccw,1,s,ne,2
R,gamma5,eta11,quarter,opp,pro,cw,-,cw,1,e,se,anti,cw,,ccw,0,s,e,1
R,gamma5,eta12,quarter,opp,pro,cw,,cw,0,e,s,anti,cw,+,ccw,1,s,se,1
R,gamma5,zeta10,quarter,opp,pro,cw,,cw,0,e,s,anti,cw,-,ccw,1,s,ne,1
R,gamma3,gamma10,quarter,opp,pro,cw,+,cw,1,n,se,anti,cw,+,ccw,1,e,ne,2
R,gamma3,alpha8,quarter,opp,pro,cw,+,cw,1,n,se,anti,cw,-,ccw,1,e,nw,2
R,gamma3,zeta9,quarter,opp,pro,cw,+,cw,1,n,se,anti,cw,,ccw,0,e,n,1
R,gamma3,beta2,quarter,opp,pro,cw,-,cw,1,n,ne,anti,cw,+,ccw,1,e,ne,2
R,gamma3,gamma16,quarter,opp,pro,cw,-,cw,1,n,ne,anti,cw,-,ccw,1,e,nw,2
R,gamma3,eta9,quarter,opp,pro,cw,-,cw,1,n,ne,anti,cw,,ccw,0,e,n,1
R,gamma3,eta10,quarter,opp,pro,cw,,cw,0,n,e,anti,cw,+,ccw,1,e,ne,1
R,gamma3,zeta16,quarter,opp,pro,cw,,cw,0,n,e,anti,cw,-,ccw,1,e,nw,1
S,gamma3,gamma6,quarter,same,pro,cw,+,cw,1,n,se,pro,cw,+,cw,1,e,sw,2
S,gamma3,beta4,quarter,same,pro,cw,+,cw,1,n,se,pro,cw,-,cw,1,e,se,2
S,gamma3,eta5,quarter,same,pro,cw,+,cw,1,n,se,pro,cw,,cw,0,e,s,1
S,gamma3,alpha6,quarter,same,pro,cw,-,cw,1,n,ne,pro,cw,+,cw,1,e,sw,2
S,gamma3,gamma4,quarter,same,pro,cw,-,cw,1,n,ne,pro,cw,-,cw,1,e,se,2
S,gamma3,zeta5,quarter,same,pro,cw,-,cw,1,n,ne,pro,cw,,cw,0,e,s,1
S,gamma3,zeta6,quarter,same,pro,cw,,cw,0,n,e,pro,cw,+,cw,1,e,sw,1
S,gamma3,eta4,quarter,same,pro,cw,,cw,0,n,e,pro,cw,-,cw,1,e,se,1
S,gamma5,gamma8,quarter,same,pro,cw,+,cw,1,e,sw,pro,cw,+,cw,1,s,nw,2
S,gamma5,beta6,quarter,same,pro,cw,+,cw,1,e,sw,pro,cw,-,cw,1,s,sw,2
S,gamma5,eta7,quarter,same,pro,cw,+,cw,1,e,sw,pro,cw,,cw,0,s,w,1
S,gamma5,alpha8,quarter,same,pro,cw,-,cw,1,e,se,pro,cw,+,cw,1,s,nw,2
S,gamma5,gamma6,quarter,same,pro,cw,-,cw,1,e,se,pro,cw,-,cw,1,s,sw,2
S,gamma5,zeta7,quarter,same,pro,cw,-,cw,1,e,se,pro,cw,,cw,0,s,w,1
S,gamma5,zeta8,quarter,same,pro,cw,,cw,0,e,s,pro,cw,+,cw,1,s,nw,1
S,gamma5,eta6,quarter,same,pro,cw,,cw,0,e,s,pro,cw,-,cw,1,s,sw,1
S,gamma7,gamma2,quarter,same,pro,cw,+,cw,1,s,nw,pro,cw,+,cw,1,w,ne,2
S,gamma7,beta8,quarter,same,pro,cw,+,cw,1,s,nw,pro,cw,-,cw,1,w,nw,2
S,gamma7,eta1,quarter,same,pro,cw,+,cw,1,s,nw,pro,cw,,cw,0,w,n,1
S,gamma7,alpha2,quarter,same,pro,cw,-,cw,1,s,sw,pro,cw,+,cw,1,w,ne,2
S,gamma7,gamma8,quarter,same,pro,cw,-,cw,1,s,sw,pro,cw,-,cw,1,w,nw,2
S,gamma7,zeta1,quarter,same,pro,cw,-,cw,1,s,sw,pro,cw,,cw,0,w,n,1
S,gamma7,zeta2,quarter,same,pro,cw,,cw,0,s,w,pro,cw,+,cw,1,w,ne,1
S,gamma7,eta8,quarter,same,pro,cw,,cw,0,s,w,pro,cw,-,cw,1,w,nw,1
S,gamma1,gamma4,quarter,same,pro,cw,+,cw,1,w,ne,pro,cw,+,cw,1,n,se,2
S,gamma1,beta2,quarter,same,pro,cw,+,cw,1,w,ne,pro,cw,-,cw,1,n,ne,2
S,gamma1,eta3,quarter,same,pro,cw,+,cw,1,w,ne,pro,cw,,cw,0,n,e,1
S,gamma1,alpha4,quarter,same,pro,cw,-,cw,1,w,nw,pro,cw,+,cw,1,n,se,2
S,gamma1,gamma2,quarter,same,pro,cw,-,cw,1,w,nw,pro,cw,-,cw,1,n,ne,2
S,gamma1,zeta3,quarter,same,pro,cw,-,cw,1,w,nw,pro,cw,,cw,0,n,e,1
S,gamma1,zeta4,quarter,same,pro,cw,,cw,0,w,n,pro,cw,+,cw,1,n,se,1
S,gamma1,eta2,quarter,same,pro,cw,,cw,0,w,n,pro,cw,-,cw,1,n,ne,1
S,gamma15,gamma14,quarter,same,pro,ccw,+,ccw,1,n,nw,pro,ccw,+,ccw,1,w,sw,2
S,gamma15,alpha4,quarter,same,pro,ccw,+,ccw,1,n,nw,pro,ccw,-,ccw,1,w,se,2
S,gamma15,zeta13,quarter,same,pro,ccw,+,ccw,1,n,nw,pro,ccw,,ccw,0,w,s,1
S,gamma15,beta6,quarter,same,pro,ccw,-,ccw,1,n,sw,pro,ccw,+,ccw,1,w,sw,2
S,gamma15,gamma12,quarter,same,pro,ccw,-,ccw,1,n,sw,pro,ccw,-,ccw,1,w,se,2
S,gamma15,eta13,quarter,same,pro,ccw,-,ccw,1,n,sw,pro,ccw,,ccw,0,w,s,1
S,gamma15,eta14,quarter,same,pro,ccw,,ccw,0,n,w,pro,ccw,+,ccw,1,w,sw,1
S,gamma15,zeta12,quarter,same,pro,ccw,,ccw,0,n,w,pro,ccw,-,ccw,1,w,se,1
S,gamma9,gamma16,quarter,same,pro,ccw,+,ccw,1,e,ne,pro,ccw,+,ccw,1,n,nw,2
S,gamma9,alpha6,quarter,same,pro,ccw,+,ccw,1,e,ne,pro,ccw,-,ccw,1,n,sw,2
S,gamma9,zeta15,quarter,same,pro,ccw,+,ccw,1,e,ne,pro,ccw,,ccw,0,n,w,1
S,gamma9,beta8,quarter,same,pro,ccw,-,ccw,1,e,nw,pro,ccw,+,ccw,1,n,nw,2
S,gamma9,gamma14,quarter,same,pro,ccw,-,ccw,1,e,nw,pro,ccw,-,ccw,1,n,sw,2
S,gamma9,eta15,quarter,same,pro,ccw,-,ccw,1,e,nw,pro,ccw,,ccw,0,n,w,1
S,gamma9,eta16,quarter,same,pro,ccw,,ccw,0,e,n,pro,ccw,+,ccw,1,n,nw,1
S,gamma9,zeta14,quarter,same,pro,ccw,,ccw,0,e,n,pro,ccw,-,ccw,1,n,sw,1
S,gamma13,gamma12,quarter,same,pro,ccw,+,ccw,1,w,sw,pro,ccw,+,ccw,1,s,se,2
S,gamma13,alpha2,quarter,same,pro,ccw,+,ccw,1,w,sw,pro,ccw,-,ccw,1,s,ne,2
S,gamma13,zeta11,quarter,same,pro,ccw,+,ccw,1,w,sw,pro,ccw,,ccw,0,s,e,1
S,gamma13,beta4,quarter,same,pro,ccw,-,ccw,1,w,se,pro,ccw,+,ccw,1,s,se,2
S,gamma13,gamma10,quarter,same,pro,ccw,-,ccw,1,w,se,pro,ccw,-,ccw,1,s,ne,2
S,gamma13,eta11,quarter,same,pro,ccw,-,ccw,1,w,se,pro,ccw,,ccw,0,s,e,1
S,gamma13,eta12,quarter,same,pro,ccw,,ccw,0,w,s,pro,ccw,+,ccw,1,s,se,1
S,gamma13,zeta10,quarter,same,pro,ccw,,ccw,0,w,s,pro,ccw,-,ccw,1,s,ne,1
S,gamma11,gamma10,quarter,same,pro,ccw,+,ccw,1,s,se,pro,ccw,+,ccw,1,e,ne,2
S,gamma11,alpha8,quarter,same,pro,ccw,+,ccw,1,s,se,pro,ccw,-,ccw,1,e,nw,2
S,gamma11,zeta9,quarter,same,pro,ccw,+,ccw,1,s,se,pro,ccw,,ccw,0,e,n,1
S,gamma11,beta2,quarter,same,pro,ccw,-,ccw,1,s,ne,pro,ccw,+,ccw,1,e,ne,2
S,gamma11,gamma16,quarter,same,pro,ccw,-,ccw,1,s,ne,pro,ccw,-,ccw,1,e,nw,2
S,gamma11,eta9,quarter,same,pro,ccw,-,ccw,1,s,ne,pro,ccw,,ccw,0,e,n,1
S,gamma11,eta10,quarter,same,pro,ccw,,ccw,0,s,e,pro,ccw,+,ccw,1,e,ne,1
S,gamma11,zeta16,quarter,same,pro,ccw,,ccw,0,s,e,pro,ccw,-,ccw,1,e,nw,1
S,gamma11,gamma14,quarter,same,pro,cw,+,cw,1,s,nw,pro,cw,+,cw,1,e,sw,2
S,gamma11,alpha4,quarter,same,pro,cw,+,cw,1,s,nw,pro,cw,-,cw,1,e,se,2
S,gamma11,zeta13,quarter,same,pro,cw,+,cw,1,s,nw,pro,cw,,cw,0,e,s,1
S,gamma11,beta6,quarter,same,pro,cw,-,cw,1,s,sw,pro,cw,+,cw,1,e,sw,2
S,gamma11,gamma12,quarter,same,pro,cw,-,cw,1,s,sw,pro,cw,-,cw,1,e,se,2
S,gamma11,eta13,quarter,same,pro,cw,-,cw,1,s,sw,pro,cw,,cw,0,e,s,1
S,gamma11,eta14,quarter,same,pro,cw,,cw,0,s,w,pro,cw,+,cw,1,e,sw,1
S,gamma11,zeta12,quarter,same,pro,cw,,cw,0,s,w,pro,cw,-,cw,1,e,se,1
S,gamma13,gamma16,quarter,same,pro,cw,+,cw,1,w,ne,pro,cw,+,cw,1,s,nw,2
S,gamma13,alpha6,quarter,same,pro,cw,+,cw,1,w,ne,pro,cw,-,cw,1,s,sw,2
S,gamma13,zeta15,quarter,same,pro,cw,+,cw,1,w,ne,pro,cw,,cw,0,s,w,1
S,gamma13,beta8,quarter,same,pro,cw,-,cw,1,w,nw,pro,cw,+,cw,1,s,nw,2
S,gamma13,gamma14,quarter,same,pro,cw,-,cw,1,w,nw,pro,cw,-,cw,1,s,sw,2
S,gamma13,eta15,quarter,same,pro,cw,-,cw,1,w,nw,pro,cw,,cw,0,s,w,1
S,gamma13,eta16,quarter,same,pro,cw,,cw,0,w,n,pro,cw,+,cw,1,s,nw,1
S,gamma13,zeta14,quarter,same,pro,cw,,cw,0,w,n,pro,cw,-,cw,1,s,sw,1
S,gamma15,gamma10,quarter,same,pro,cw,+,cw,1,n,se,pro,cw,+,cw,1,w,ne,2
S,gamma15,alpha8,quarter,same,pro,cw,+,cw,1,n,se,pro,cw,-,cw,1,w,nw,2
S,gamma15,zeta9,quarter,same,pro,cw,+,cw,1,n,se,pro,cw,,cw,0,w,n,1
S,gamma15,beta2,quarter,same,pro,cw,-,cw,1,n,ne,pro,cw,+,cw,1,w,ne,2
S,gamma15,gamma16,quarter,same,pro,cw,-,cw,1,n,ne,pro,cw,-,cw,1,w,nw,2
S,gamma15,eta9,quarter,same,pro,cw,-,cw,1,n,ne,pro,cw,,cw,0,w,n,1
S,gamma15,eta10,quarter,same,pro,cw,,cw,0,n,e,pro,cw,+,cw,1,w,ne,1
S,gamma15,zeta16,quarter,same,pro,cw,,cw,0,n,e,pro,cw,-,cw,1,w,nw,1
S,gamma9,gamma12,quarter,same,pro,cw,+,cw,1,e,sw,pro,cw,+,cw,1,n,se,2
S,gamma9,alpha2,quarter,same,pro,cw,+,cw,1,e,sw,pro,cw,-,cw,1,n,ne,2
S,gamma9,zeta11,quarter,same,pro,cw,+,cw,1,e,sw,pro,cw,,cw,0,n,e,1
S,gamma9,beta4,quarter,same,pro,cw,-,cw,1,e,se,pro,cw,+,cw,1,n,se,2
S,gamma9,gamma10,quarter,same,pro,cw,-,cw,1,e,se,pro,cw,-,cw,1,n,ne,2
S,gamma9,eta11,quarter,same,pro,cw,-,cw,1,e,se,pro,cw,,cw,0,n,e,1
S,gamma9,eta12,quarter,same,pro,cw,,cw,0,e,s,pro,cw,+,cw,1,n,se,1
S,gamma9,zeta10,quarter,same,pro,cw,,cw,0,e,s,pro,cw,-,cw,1,n,ne,1
S,gamma7,gamma6,quarter,same,pro,ccw,+,ccw,1,s,se,pro,ccw,+,ccw,1,w,sw,2
S,gamma7,beta4,quarter,same,pro,ccw,+,ccw,1,s,se,pro,ccw,-,ccw,1,w,se,2
S,gamma7,eta5,quarter,same,pro,ccw,+,ccw,1,s,se,pro,ccw,,ccw,0,w,s,1
S,gamma7,alpha6,quarter,same,pro,ccw,-,ccw,1,s,ne,pro,ccw,+,ccw,1,w,sw,2
S,gamma7,gamma4,quarter,same,pro,ccw,-,ccw,1,s,ne,pro,ccw,-,ccw,1,w,se,2
S,gamma7,zeta5,quarter,same,pro,ccw,-,ccw,1,s,ne,pro,ccw,,ccw,0,w,s,1
S,gamma7,zeta6,quarter,same,pro,ccw,,ccw,0,s,e,pro,ccw,+,ccw,1,w,sw,1
S,gamma7,eta4,quarter,same,pro,ccw,,ccw,0,s,e,pro,ccw,-,ccw,1,w,se,1
S,gamma1,gamma8,quarter,same,pro,ccw,+,ccw,1,w,sw,pro,ccw,+,ccw,1,n,nw,2
S,gamma1,beta6,quarter,same,pro,ccw,+,ccw,1,w,sw,pro,ccw,-,ccw,1,n,sw,2
S,gamma1,eta7,quarter,same,pro,ccw,+,ccw,1,w,sw,pro,ccw,,ccw,0,n,w,1
S,gamma1,alpha8,quarter,same,pro,ccw,-,ccw,1,w,se,pro,ccw,+,ccw,1,n,nw,2
S,gamma1,gamma6,quarter,same,pro,ccw,-,ccw,1,w,se,pro,ccw,-,ccw,1,n,sw,2
S,gamma1,zeta7,quarter,same,pro,ccw,-,ccw,1,w,se,pro,ccw,,ccw,0,n,w,1
S,gamma1,zeta8,quarter,same,pro,ccw,,ccw,0,w,s,pro,ccw,+,ccw,1,n,nw,1
S,gamma1,eta6,quarter,same,pro,ccw,,ccw,0,w,s,pro,ccw,-,ccw,1,n,sw,1
S,gamma5,gamma4,quarter,same,pro,ccw,+,ccw,1,e,ne,pro,ccw,+,ccw,1,s,se,2
S,gamma5,beta2,quarter,same,pro,ccw,+,ccw,1,e,ne,pro,ccw,-,ccw,1,s,ne,2
S,gamma5,eta3,quarter,same,pro,ccw,+,ccw,1,e,ne,pro,ccw,,ccw,0,s,e,1
S,gamma5,alpha4,quarter,same,pro,ccw,-,ccw,1,e,nw,pro,ccw,+,ccw,1,s,se,2
S,gamma5,gamma2,quarter,same,pro,ccw,-,ccw,1,e,nw,pro,ccw,-,ccw,1,s,ne,2
S,gamma5,zeta3,quarter,same,pro,ccw,-,ccw,1,e,nw,pro,ccw,,ccw,0,s,e,1
S,gamma5,zeta4,quarter,same,pro,ccw,,ccw,0,e,n,pro,ccw,+,ccw,1,s,se,1
S,gamma5,eta2,quarter,same,pro,ccw,,ccw,0,e,n,pro,ccw,-,ccw,1,s,ne,1
S,gamma3,gamma2,quarter,same,pro,ccw,+,ccw,1,n,nw,pro,ccw,+,ccw,1,e,ne,2
S,gamma3,beta8,quarter,same,pro,ccw,+,ccw,1,n,nw,pro,ccw,-,ccw,1,e,nw,2
S,gamma3,eta1,quarter,same,pro,ccw,+,ccw,1,n,nw,pro,ccw,,ccw,0,e,n,1
S,gamma3,alpha2,quarter,same,pro,ccw,-,ccw,1,n,sw,pro,ccw,+,ccw,1,e,ne,2
S,gamma3,gamma8,quarter,same,pro,ccw,-,ccw,1,n,sw,pro,ccw,-,ccw,1,e,nw,2
S,gamma3,zeta1,quarter,same,pro,ccw,-,ccw,1,n,sw,pro,ccw,,ccw,0,e,n,1
S,gamma3,zeta2,quarter,same,pro,ccw,,ccw,0,n,w,pro,ccw,+,ccw,1,e,ne,1
S,gamma3,eta8,quarter,same,pro,ccw,,ccw,0,n,w,pro,ccw,-,ccw,1,e,nw,1
T,gamma3,gamma6,quarter,same,anti,ccw,+,cw,1,n,se,anti,ccw,+,cw,1,e,sw,2
T,gamma3,beta4,quarter,same,anti,ccw,+,cw,1,n,se,anti,ccw,-,cw,1,e,se,2
T,gamma3,eta5,quarter,same,anti,ccw,+,cw,1,n,se,anti,ccw,,cw,0,e,s,1
T,gamma3,alpha6,quarter,same,anti,ccw,-,cw,1,n,ne,anti,ccw,+,cw,1,e,sw,2
T,gamma3,gamma4,quarter,same,anti,ccw,-,cw,1,n,ne,anti,ccw,-,cw,1,e,se,2
T,gamma3,zeta5,quarter,same,anti,ccw,-,cw,1,n,ne,anti,ccw,,cw,0,e,s,1
T,gamma3,zeta6,quarter,same,anti,ccw,,cw,0,n,e,anti,ccw,+,cw,1,e,sw,1
T,gamma3,eta4,quarter,same,anti,ccw,,cw,0,n,e,anti,ccw,-,cw,1,e,se,1
T,gamma5,gamma8,quarter,same,anti,ccw,+,cw,1,e,sw,anti,ccw,+,cw,1,s,nw,2
T,gamma5,beta6,quarter,same,anti,ccw,+,cw,1,e,sw,anti,ccw,-,cw,1,s,sw,2
T,gamma5,eta7,quarter,same,anti,ccw,+,cw,1,e,sw,anti,ccw,,cw,0,s,w,1
T,gamma5,alpha8,quarter,same,anti,ccw,-,cw,1,e,se,anti,ccw,+,cw,1,s,nw,2
T,gamma5,gamma6,quarter,same,anti,ccw,-,cw,1,e,se,anti,ccw,-,cw,1,s,sw,2
T,gamma5,zeta7,quarter,same,anti,ccw,-,cw,1,e,se,anti,ccw,,cw,0,s,w,1
T,gamma5,zeta8,quarter,same,anti,ccw,,cw,0,e,s,anti,ccw,+,cw,1,s,nw,1
T,gamma5,eta6,quarter,same,anti,ccw,,cw,0,e,s,anti,ccw,-,cw,1,s,sw,1
T,gamma7,gamma2,quarter,same,anti,ccw,+,cw,1,s,nw,anti,ccw,+,cw,1,w,ne,2
T,gamma7,beta8,quarter,same,anti,ccw,+,cw,1,s,nw,anti,ccw,-,cw,1,w,nw,2
T,gamma7,eta1,quarter,same,anti,ccw,+,cw,1,s,nw,anti,ccw,,cw,0,w,n,1
T,gamma7,alpha2,quarter,same,anti,ccw,-,cw,1,s,sw,anti,ccw,+,cw,1,w,ne,2
T,gamma7,gamma8,quarter,same,anti,ccw,-,cw,1,s,sw,anti,ccw,-,cw,1,w,nw,2
T,gamma7,zeta1,quarter,same,anti,ccw,-,cw,1,s,sw,anti,ccw,,cw,0,w,n,1
T,gamma7,zeta2,quarter,same,anti,ccw,,cw,0,s,w,anti,ccw,+,cw,1,w,ne,1
T,gamma7,eta8,quarter,same,anti,ccw,,cw,0,s,w,anti,ccw,-,cw,1,w,nw,1
T,gamma1,gamma4,quarter,same,anti,ccw,+,cw,1,w,ne,anti,ccw,+,cw,1,n,se,2
T,gamma1,beta2,quarter,same,anti,ccw,+,cw,1,w,ne,anti,ccw,-,cw,1,n,ne,2
T,gamma1,eta3,quarter,same,anti,ccw,+,cw,1,w,ne,anti,ccw,,cw,0,n,e,1
T,gamma1,alpha4,quarter,same,anti,ccw,-,cw,1,w,nw,anti,ccw,+,cw,1,n,se,2
T,gamma1,gamma2,quarter,same,anti,ccw,-,cw,1,w,nw,anti,ccw,-,cw,1,n,ne,2
T,gamma1,zeta3,quarter,same,anti,ccw,-,cw,1,w,nw,anti,ccw,,cw,0,n,e,1
T,gamma1,zeta4,quarter,same,anti,ccw,,cw,0,w,n,anti,ccw,+,cw,1,n,se,1
T,gamma1,eta2,quarter,same,anti,ccw,,cw,0,w,n,anti,ccw,-,cw,1,n,ne,1
T,gamma15,gamma14,quarter,same,anti,cw,+,ccw,1,n,nw,anti,cw,+,ccw,1,w,sw,2
T,gamma15,alpha4,quarter,same,anti,cw,+,ccw,1,n,nw,anti,cw,-,ccw,1,w,se,2
T,gamma15,zeta13,quarter,same,anti,cw,+,ccw,1,n,nw,anti,cw,,ccw,0,w,s,1
T,gamma15,beta6,quarter,same,anti,cw,-,ccw,1,n,sw,anti,cw,+,ccw,1,w,sw,2
T,gamma15,gamma12,quarter,same,anti,cw,-,ccw,1,n,sw,anti,cw,-,ccw,1,w,se,2
T,gamma15,eta13,quarter,same,anti,cw,-,ccw,1,n,sw,anti,cw,,ccw,0,w,s,1
T,gamma15,eta14,quarter,same,anti,cw,,ccw,0,n,w,anti,cw,+,ccw,1,w,sw,1
T,gamma15,zeta12,quarter,same,anti,cw,,ccw,0,n,w,anti,cw,-,ccw,1,w,se,1
T,gamma9,gamma16,quarter,same,anti,cw,+,ccw,1,e,ne,anti,cw,+,ccw,1,n,nw,2
T,gamma9,alpha6,quarter,same,anti,cw,+,ccw,1,e,ne,anti,cw,-,ccw,1,n,sw,2
T,gamma9,zeta15,quarter,same,anti,cw,+,ccw,1,e,ne,anti,cw,,ccw,0,n,w,1
T,gamma9,beta8,quarter,same,anti,cw,-,ccw,1,e,nw,anti,cw,+,ccw,1,n,nw,2
T,gamma9,gamma14,quarter,same,anti,cw,-,ccw,1,e,nw,anti,cw,-,ccw,1,n,sw,2
T,gamma9,eta15,quarter,same,anti,cw,-,ccw,1,e,nw,anti,cw,,ccw,0,n,w,1
T,gamma9,eta16,quarter,same,anti,cw,,ccw,0,e,n,anti,cw,+,ccw,1,n,nw,1
T,gamma9,zeta14,quarter,same,anti,cw,,ccw,0,e,n,anti,cw,-,ccw,1,n,sw,1
T,gamma13,gamma12,quarter,same,anti,cw,+,ccw,1,w,sw,anti,cw,+,ccw,1,s,se,2
T,gamma13,alpha2,quarter,same,anti,cw,+,ccw,1,w,sw,anti,cw,-,ccw,1,s,ne,2
T,gamma13,zeta11,quarter,same,anti,cw,+,ccw,1,w,sw,anti,cw,,ccw,0,s,e,1
T,gamma13,beta4,quarter,same,anti,cw,-,ccw,1,w,se,anti,cw,+,ccw,1,s,se,2
T,gamma13,gamma10,quarter,same,anti,cw,-,ccw,1,w,se,anti,cw,-,ccw,1,s,ne,2
T,gamma13,eta11,quarter,same,anti,cw,-,ccw,1,w,se,anti,cw,,ccw,0,s,e,1
T,gamma13,eta12,quarter,same,anti,cw,,ccw,0,w,s,anti,cw,+,ccw,1,s,se,1
T,gamma13,zeta10,quarter,same,anti,cw,,ccw,0,w,s,anti,cw,-,ccw,1,s,ne,1
T,gamma11,gamma10,quarter,same,anti,cw,+,ccw,1,s,se,anti,cw,+,ccw,1,e,ne,2
T,gamma11,alpha8,quarter,same,anti,cw,+,ccw,1,s,se,anti,cw,-,ccw,1,e,nw,2
T,gamma11,zeta9,quarter,same,anti,cw,+,ccw,1,s,se,anti,cw,,ccw,0,e,n,1
T,gamma11,beta2,quarter,same,anti,cw,-,ccw,1,s,ne,anti,cw,+,ccw,1,e,ne,2
T,gamma11,gamma16,quarter,same,anti,cw,-,ccw,1,s,ne,anti,cw,-,ccw,1,e,nw,2
T,gamma11,eta9,quarter,same,anti,cw,-,ccw,1,s,ne,anti,cw,,ccw,0,e,n,1
T,gamma11,eta10,quarter,same,anti,cw,,ccw,0,s,e,anti,cw,+,ccw,1,e,ne,1
T,gamma11,zeta16,quarter,same,anti,cw,,ccw,0,s,e,anti,cw,-,ccw,1,e,nw,1
T,gamma11,gamma14,quarter,same,anti,ccw,+,cw,1,s,nw,anti,ccw,+,cw,1,e,sw,2
T,gamma11,alpha4,quarter,same,anti,ccw,+,cw,1,s,nw,anti,ccw,-,cw,1,e,se,2
T,gamma11,zeta13,quarter,same,anti,ccw,+,cw,1,s,nw,anti,ccw,,cw,0,e,s,1
T,gamma11,beta6,quarter,same,anti,ccw,-,cw,1,s,sw,anti,ccw,+,cw,1,e,sw,2
T,gamma11,gamma12,quarter,same,anti,ccw,-,cw,1,s,sw,anti,ccw,-,cw,1,e,se,2
T,gamma11,eta13,quarter,same,anti,ccw,-,cw,1,s,sw,anti,ccw,,cw,0,e,s,1
T,gamma11,eta14,quarter,same,anti,ccw,,cw,0,s,w,anti,ccw,+,cw,1,e,sw,1
T,gamma11,zeta12,quarter,same,anti,ccw,,cw,0,s,w,anti,ccw,-,cw,1,e,se,1
T,gamma13,gamma16,quarter,same,anti,ccw,+,cw,1,w,ne,anti,ccw,+,cw,1,s,nw,2
T,gamma13,alpha6,quarter,same,anti,ccw,+,cw,1,w,ne,anti,ccw,-,cw,1,s,sw,2
T,gamma13,zeta15,quarter,same,anti,ccw,+,cw,1,w,ne,anti,ccw,,cw,0,s,w,1
T,gamma13,beta8,quarter,same,anti,ccw,-,cw,1,w,nw,anti,ccw,+,cw,1,s,nw,2
T,gamma13,gamma14,quarter,same,anti,ccw,-,cw,1,w,nw,anti,ccw,-,cw,1,s,sw,2
T,gamma13,eta15,quarter,same,anti,ccw,-,cw,1,w,nw,anti,ccw,,cw,0,s,w,1
T,gamma13,eta16,quarter,same,anti,ccw,,cw,0,w,n,anti,ccw,+,cw,1,s,nw,1
T,gamma13,zeta14,quarter,same,anti,ccw,,cw,0,w,n,anti,ccw,-,cw,1,s,sw,1
T,gamma15,gamma10,quarter,same,anti,ccw,+,cw,1,n,se,anti,ccw,+,cw,1,w,ne,2
T,gamma15,alpha8,quarter,same,anti,ccw,+,cw,1,n,se,anti,ccw,-,cw,1,w,nw,2
T,gamma15,zeta9,quarter,same,anti,ccw,+,cw,1,n,se,anti,ccw,,cw,0,w,n,1
T,gamma15,beta2,quarter,same,anti,ccw,-,cw,1,n,ne,anti,ccw,+,cw,1,w,ne,2
T,gamma15,gamma16,quarter,same,anti,ccw,-,cw,1,n,ne,anti,ccw,-,cw,1,w,nw,2
T,gamma15,eta9,quarter,same,anti,ccw,-,cw,1,n,ne,anti,ccw,,cw,0,w,n,1
T,gamma15,eta10,quarter,same,anti,ccw,,cw,0,n,e,anti,ccw,+,cw,1,w,ne,1
T,gamma15,zeta16,quarter,same,anti,ccw,,cw,0,n,e,anti,ccw,-,cw,1,w,nw,1
T,gamma9,gamma12,quarter,same,anti,ccw,+,cw,1,e,sw,anti,ccw,+,cw,1,n,se,2
T,gamma9,alpha2,quarter,same,anti,ccw,+,cw,1,e,sw,anti,ccw,-,cw,1,n,ne,2
T,gamma9,zeta11,quarter,same,anti,ccw,+,cw,1,e,sw,anti,ccw,,cw,0,n,e,1
T,gamma9,beta4,quarter,same,anti,ccw,-,cw,1,e,se,anti,ccw,+,cw,1,n,se,2
T,gamma9,gamma10,quarter,same,anti,ccw,-,cw,1,e,se,anti,ccw,-,cw,1,n,ne,2
T,gamma9,eta11,quarter,same,anti,ccw,-,cw,1,e,se,anti,ccw,,cw,0,n,e,1
T,gamma9,eta12,quarter,same,anti,ccw,,cw,0,e,s,anti,ccw,+,cw,1,n,se,1
T,gamma9,zeta10,quarter,same,anti,ccw,,cw,0,e,s,anti,ccw,-,cw,1,n,ne,1
T,gamma7,gamma6,quarter,same,anti,cw,+,ccw,1,s,se,anti,cw,+,ccw,1,w,sw,2
T,gamma7,beta4,quarter,same,anti,cw,+,ccw,1,s,se,anti,cw,-,ccw,1,w,se,2
T,gamma7,eta5,quarter,same,anti,cw,+,ccw,1,s,se,anti,cw,,ccw,0,w,s,1
T,gamma7,alpha6,quarter,same,anti,cw,-,ccw,1,s,ne,anti,cw,+,ccw,1,w,sw,2
T,gamma7,gamma4,quarter,same,anti,cw,-,ccw,1,s,ne,anti,cw,-,ccw,1,w,se,2
T,gamma7,zeta5,quarter,same,anti,cw,-,ccw,1,s,ne,anti,cw,,ccw,0,w,s,1
T,gamma7,zeta6,quarter,same,anti,cw,,ccw,0,s,e,anti,cw,+,ccw,1,w,sw,1
T,gamma7,eta4,quarter,same,anti,cw,,ccw,0,s,e,anti,cw,-,ccw,1,w,se,1
T,gamma1,gamma8,quarter,same,anti,cw,+,ccw,1,w,sw,anti,cw,+,ccw,1,n,nw,2
T,gamma1,beta6,quarter,same,anti,cw,+,ccw,1,w,sw,anti,cw,-,ccw,1,n,sw,2
T,gamma1,eta7,quarter,same,anti,cw,+,ccw,1,w,sw,anti,cw,,ccw,0,n,w,1
T,gamma1,alpha8,quarter,same,anti,cw,-,ccw,1,w,se,anti,cw,+,ccw,1,n,nw,2
T,gamma1,gamma6,quarter,same,anti,cw,-,ccw,1,w,se,anti,cw,-,ccw,1,n,sw,2
T,gamma1,zeta7,quarter,same,anti,cw,-,ccw,1,w,se,anti,cw,,ccw,0,n,w,1
T,gamma1,zeta8,quarter,same,anti,cw,,ccw,0,w,s,anti,cw,+,ccw,1,n,nw,1
T,gamma1,eta6,quarter,same,anti,cw,,ccw,0,w,s,anti,cw,-,ccw,1,n,sw,1
T,gamma5,gamma4,quarter,same,anti,cw,+,ccw,1,e,ne,anti,cw,+,ccw,1,s,se,2
T,gamma5,beta2,quarter,same,anti,cw,+,ccw,1,e,ne,anti,cw,-,ccw,1,s,ne,2
T,gamma5,eta3,quarter,same,anti,cw,+,ccw,1,e,ne,anti,cw,,ccw,0,s,e,1
T,gamma5,alpha4,quarter,same,anti,cw,-,ccw,1,e,nw,anti,cw,+,ccw,1,s,se,2
T,gamma5,gamma2,quarter,same,anti,cw,-,ccw,1,e,nw,anti,cw,-,ccw,1,s,ne,2
T,gamma5,zeta3,quarter,same,anti,cw,-,ccw,1,e,nw,anti,cw,,ccw,0,s,e,1
T,gamma5,zeta4,quarter,same,anti,cw,,ccw,0,e,n,anti,cw,+,ccw,1,s,se,1
T,gamma5,eta2,quarter,same,anti,cw,,ccw,0,e,n,anti,cw,-,ccw,1,s,ne,1
T,gamma3,gamma2,quarter,same,anti,cw,+,ccw,1,n,nw,anti,cw,+,ccw,1,e,ne,2
T,gamma3,beta8,quarter,same,anti,cw,+,ccw,1,n,nw,anti,cw,-,ccw,1,e,nw,2
T,gamma3,eta1,quarter,same,anti,cw,+,ccw,1,n,nw,anti,cw,,ccw,0,e,n,1
T,gamma3,alpha2,quarter,same,anti,cw,-,ccw,1,n,sw,anti,cw,+,ccw,1,e,ne,2
T,gamma3,gamma8,quarter,same,anti,cw,-,ccw,1,n,sw,anti,cw,-,ccw,1,e,nw,2
T,gamma3,zeta1,quarter,same,anti,cw,-,ccw,1,n,sw,anti,cw,,ccw,0,e,n,1
T,gamma3,zeta2,quarter,same,anti,cw,,ccw,0,n,w,anti,cw,+,ccw,1,e,ne,1
T,gamma3,eta8,quarter,same,anti,cw,,ccw,0,n,w,anti,cw,-,ccw,1,e,nw,1
U,gamma11,gamma14,quarter,same,pro,cw,+,cw,1,s,nw,anti,ccw,+,cw,1,e,sw,2
U,gamma11,alpha4,quarter,same,pro,cw,+,cw,1,s,nw,anti,ccw,-,cw,1,e,se,2
U,gamma11,zeta13,quarter,same,pro,cw,+,cw,1,s,nw,anti,ccw,,cw,0,e,s,1
U,gamma11,beta6,quarter,same,pro,cw,-,cw,1,s,sw,anti,ccw,+,cw,1,e,sw,2
U,gamma11,gamma12,quarter,same,pro,cw,-,cw,1,s,sw,anti,ccw,-,cw,1,e,se,2
U,gamma11,eta13,quarter,same,pro,cw,-,cw,1,s,sw,anti,ccw,,cw,0,e,s,1
U,gamma11,eta14,quarter,same,pro,cw,,cw,0,s,w,anti,ccw,+,cw,1,e,sw,1
U,gamma11,zeta12,quarter,same,pro,cw,,cw,0,s,w,anti,ccw,-,cw,1,e,se,1
U,gamma13,gamma16,quarter,same,pro,cw,+,cw,1,w,ne,anti,ccw,+,cw,1,s,nw,2
U,gamma13,alpha6,quarter,same,pro,cw,+,cw,1,w,ne,anti,ccw,-,cw,1,s,sw,2
U,gamma13,zeta15,quarter,same,pro,cw,+,cw,1,w,ne,anti,ccw,,cw,0,s,w,1
U,gamma13,beta8,quarter,same,pro,cw,-,cw,1,w,nw,anti,ccw,+,cw,1,s,nw,2
U,gamma13,gamma14,quarter,same,pro,cw,-,cw,1,w,nw,anti,ccw,-,cw,1,s,sw,2
U,gamma13,eta15,quarter,same,pro,cw,-,cw,1,w,nw,anti,ccw,,cw,0,s,w,1
U,gamma13,eta16,quarter,same,pro,cw,,cw,0,w,n,anti,ccw,+,cw,1,s,nw,1
U,gamma13,zeta14,quarter,same,pro,cw,,cw,0,w,n,anti,ccw,-,cw,1,s,sw,1
U,gamma15,gamma10,quarter,same,pro,cw,+,cw,1,n,se,anti,ccw,+,cw,1,w,ne,2
U,gamma15,alpha8,quarter,same,pro,cw,+,cw,1,n,se,anti,ccw,-,cw,1,w,nw,2
U,gamma15,zeta9,quarter,same,pro,cw,+,cw,1,n,se,anti,ccw,,cw,0,w,n,1
U,gamma15,beta2,quarter,same,pro,cw,-,cw,1,n,ne,anti,ccw,+,cw,1,w,ne,2
U,gamma15,gamma16,quarter,same,pro,cw,-,cw,1,n,ne,anti,ccw,-,cw,1,w,nw,2
U,gamma15,eta9,quarter,same,pro,cw,-,cw,1,n,ne,anti,ccw,,cw,0,w,n,1
U,gamma15,eta10,quarter,same,pro,cw,,cw,0,n,e,anti,ccw,+,cw,1,w,ne,1
U,gamma15,zeta16,quarter,same,pro,cw,,cw,0,n,e,anti,ccw,-,cw,1,w,nw,1
U,gamma9,gamma12,quarter,same,pro,cw,+,cw,1,e,sw,anti,ccw,+,cw,1,n,se,2
U,gamma9,alpha2,quarter,same,pro,cw,+,cw,1,e,sw,anti,ccw,-,cw,1,n,ne,2
U,gamma9,zeta11,quarter,same,pro,cw,+,cw,1,e,sw,anti,ccw,,cw,0,n,e,1
U,gamma9,beta4,quarter,same,pro,cw,-,cw,1,e,se,anti,ccw,+,cw,1,n,se,2
U,gamma9,gamma10,quarter,same,pro,cw,-,cw,1,e,se,anti,ccw,-,cw,1,n,ne,2
U,gamma9,eta11,quarter,same,pro,cw,-,cw,1,e,se,anti,ccw,,cw,0,n,e,1
U,gamma9,eta12,quarter,same,pro,cw,,cw,0,e,s,anti,ccw,+,cw,1,n,se,1
U,gamma9,zeta10,quarter,same,pro,cw,,cw,0,e,s,anti,ccw,-,cw,1,n,ne,1
U,gamma3,gamma6,quarter,same,anti,ccw,+,cw,1,n,se,pro,cw,+,cw,1,e,sw,2
U,gamma3,beta4,quarter,same,anti,ccw,+,cw,1,n,se,pro,cw,-,cw,1,e,se,2
U,gamma3,eta5,quarter,same,anti,ccw,+,cw,1,n,se,pro,cw,,cw,0,e,s,1
U,gamma3,alpha6,quarter,same,anti,ccw,-,cw,1,n,ne,pro,cw,+,cw,1,e,sw,2
U,gamma3,gamma4,quarter,same,anti,ccw,-,cw,1,n,ne,pro,cw,-,cw,1,e,se,2
U,gamma3,zeta5,quarter,same,anti,ccw,-,cw,1,n,ne,pro,cw,,cw,0,e,s,1
U,gamma3,zeta6,quarter,same,anti,ccw,,cw,0,n,e,pro,cw,+,cw,1,e,sw,1
U,gamma3,eta4,quarter,same,anti,ccw,,cw,0,n,e,pro,cw,-,cw,1,e,se,1
U,gamma5,gamma8,quarter,same,anti,ccw,+,cw,1,e,sw,pro,cw,+,cw,1,s,nw,2
U,gamma5,beta6,quarter,same,anti,ccw,+,cw,1,e,sw,pro,cw,-,cw,1,s,sw,2
U,gamma5,eta7,quarter,same,anti,ccw,+,cw,1,e,sw,pro,cw,,cw,0,s,w,1
U,gamma5,alpha8,quarter,same,anti,ccw,-,cw,1,e,se,pro,cw,+,cw,1,s,nw,2
U,gamma5,gamma6,quarter,same,anti,ccw,-,cw,1,e,se,pro,cw,-,cw,1,s,sw,2
U,gamma5,zeta7,quarter,same,anti,ccw,-,cw,1,e,se,pro,cw,,cw,0,s,w,1
U,gamma5,zeta8,quarter,same,anti,ccw,,cw,0,e,s,pro,cw,+,cw,1,s,nw,1
U,gamma5,eta6,quarter,same,anti,ccw,,cw,0,e,s,pro,cw,-,cw,1,s,sw,1
U,gamma7,gamma2,quarter,same,anti,ccw,+,cw,1,s,nw,pro,cw,+,cw,1,w,ne,2
U,gamma7,beta8,quarter,same,anti,ccw,+,cw,1,s,nw,pro,cw,-,cw,1,w,nw,2
U,gamma7,eta1,quarter,same,anti,ccw,+,cw,1,s,nw,pro,cw,,cw,0,w,n,1
U,gamma7,alpha2,quarter,same,anti,ccw,-,cw,1,s,sw,pro,cw,+,cw,1,w,ne,2
U,gamma7,gamma8,quarter,same,anti,ccw,-,cw,1,s,sw,pro,cw,-,cw,1,w,nw,2
U,gamma7,zeta1,quarter,same,anti,ccw,-,cw,1,s,sw,pro,cw,,cw,0,w,n,1
U,gamma7,zeta2,quarter,same,anti,ccw,,cw,0,s,w,pro,cw,+,cw,1,w,ne,1
U,gamma7,eta8,quarter,same,anti,ccw,,cw,0,s,w,pro,cw,-,cw,1,w,nw,1
U,gamma1,gamma4,quarter,same,anti,ccw,+,cw,1,w,ne,pro,cw,+,cw,1,n,se,2
U,gamma1,beta2,quarter,same,anti,ccw,+,cw,1,w,ne,pro,cw,-,cw,1,n,ne,2
U,gamma1,eta3,quarter,same,anti,ccw,+,cw,1,w,ne,pro,cw,,cw,0,n,e,1
U,gamma1,alpha4,quarter,same,anti,ccw,-,cw,1,w,nw,pro,cw,+,cw,1,n,se,2
U,gamma1,gamma2,quarter,same,anti,ccw,-,cw,1,w,nw,pro,cw,-,cw,1,n,ne,2
U,gamma1,zeta3,quarter,same,anti,ccw,-,cw,1,w,nw,pro,cw,,cw,0,n,e,1
U,gamma1,zeta4,quarter,same,anti,ccw,,cw,0,w,n,pro,cw,+,cw,1,n,se,1
U,gamma1,eta2,quarter,same,anti,ccw,,cw,0,w,n,pro,cw,-,cw,1,n,ne,1
U,gamma7,gamma6,quarter,same,pro,ccw,+,ccw,1,s,se,anti,cw,+,ccw,1,w,sw,2
U,gamma7,beta4,quarter,same,pro,ccw,+,ccw,1,s,se,anti,cw,-,ccw,1,w,se,2
U,gamma7,eta5,quarter,same,pro,ccw,+,ccw,1,s,se,anti,cw,,ccw,0,w,s,1
U,gamma7,alpha6,quarter,same,pro,ccw,-,ccw,1,s,ne,anti,cw,+,ccw,1,w,sw,2
U,gamma7,gamma4,quarter,same,pro,ccw,-,ccw,1,s,ne,anti,cw,-,ccw,1,w,se,2
U,gamma7,zeta5,quarter,same,pro,ccw,-,ccw,1,s,ne,anti,cw,,ccw,0,w,s,1
U,gamma7,zeta6,quarter,same,pro,ccw,,ccw,0,s,e,anti,cw,+,ccw,1,w,sw,1
U,gamma7,eta4,quarter,same,pro,ccw,,ccw,0,s,e,anti,cw,-,ccw,1,w,se,1
U,gamma1,gamma8,quarter,same,pro,ccw,+,ccw,1,w,sw,anti,cw,+,ccw,1,n,nw,2
U,gamma1,beta6,quarter,same,pro,ccw,+,ccw,1,w,sw,anti,cw,-,ccw,1,n,sw,2
U,gamma1,eta7,quarter,same,pro,ccw,+,ccw,1,w,sw,anti,cw,,ccw,0,n,w,1
U,gamma1,alpha8,quarter,same,pro,ccw,-,ccw,1,w,se,anti,cw,+,ccw,1,n,nw,2
U,gamma1,gamma6,quarter,same,pro,ccw,-,ccw,1,w,se,anti,cw,-,ccw,1,n,sw,2
U,gamma1,zeta7,quarter,same,pro,ccw,-,ccw,1,w,se,anti,cw,,ccw,0,n,w,1
U,gamma1,zeta8,quarter,same,pro,ccw,,ccw,0,w,s,anti,cw,+,ccw,1,n,nw,1
U,gamma1,eta6,quarter,same,pro,ccw,,ccw,0,w,s,anti,cw,-,ccw,1,n,sw,1
U,gamma5,gamma4,quarter,same,pro,ccw,+,ccw,1,e,ne,anti,cw,+,ccw,1,s,se,2
U,gamma5,beta2,quarter,same,pro,ccw,+,ccw,1,e,ne,anti,cw,-,ccw,1,s,ne,2
U,gamma5,eta3,quarter,same,pro,ccw,+,ccw,1,e,ne,anti,cw,,ccw,0,s,e,1
U,gamma5,alpha4,quarter,same,pro,ccw,-,ccw,1,e,nw,anti,cw,+,ccw,1,s,se,2
U,gamma5,gamma2,quarter,same,pro,ccw,-,ccw,1,e,nw,anti,cw,-,ccw,1,s,ne,2
U,gamma5,zeta3,quarter,same,pro,ccw,-,ccw,1,e,nw,anti,cw,,ccw,0,s,e,1
U,gamma5,zeta4,quarter,same,pro,ccw,,ccw,0,e,n,anti,cw,+,ccw,1,s,se,1
U,gamma5,eta2,quarter,same,pro,ccw,,ccw,0,e,n,anti,cw,-,ccw,1,s,ne,1
U,gamma3,gamma2,quarter,same,pro,ccw,+,ccw,1,n,nw,anti,cw,+,ccw,1,e,ne,2
U,gamma3,beta8,quarter,same,pro,ccw,+,ccw,1,n,nw,anti,cw,-,ccw,1,e,nw,2
U,gamma3,eta1,quarter,same,pro,ccw,+,ccw,1,n,nw,anti,cw,,ccw,0,e,n,1
U,gamma3,alpha2,quarter,same,pro,ccw,-,ccw,1,n,sw,anti,cw,+,ccw,1,e,ne,2
U,gamma3,gamma8,quarter,same,pro,ccw,-,ccw,1,n,sw,anti,cw,-,ccw,1,e,nw,2
U,gamma3,zeta1,quarter,same,pro,ccw,-,ccw,1,n,sw,anti,cw,,ccw,0,e,n,1
U,gamma3,zeta2,quarter,same,pro,ccw,,ccw,0,n,w,anti,cw,+,ccw,1,e,ne,1
U,gamma3,eta8,quarter,same,pro,ccw,,ccw,0,n,w,anti,cw,-,ccw,1,e,nw,1
U,gamma15,gamma14,quarter,same,anti,cw,+,ccw,1,n,nw,pro,ccw,+,ccw,1,w,sw,2
U,gamma15,alpha4,quarter,same,anti,cw,+,ccw,1,n,nw,pro,ccw,-,ccw,1,w,se,2
U,gamma15,zeta13,quarter,same,anti,cw,+,ccw,1,n,nw,pro,ccw,,ccw,0,w,s,1
U,gamma15,beta6,quarter,same,anti,cw,-,ccw,1,n,sw,pro,ccw,+,ccw,1,w,sw,2
U,gamma15,gamma12,quarter,same,anti,cw,-,ccw,1,n,sw,pro,ccw,-,ccw,1,w,se,2
U,gamma15,eta13,quarter,same,anti,cw,-,ccw,1,n,sw,pro,ccw,,ccw,0,w,s,1
U,gamma15,eta14,quarter,same,anti,cw,,ccw,0,n,w,pro,ccw,+,ccw,1,w,sw,1
U,gamma15,zeta12,quarter,same,anti,cw,,ccw,0,n,w,pro,ccw,-,ccw,1,w,se,1
U,gamma9,gamma16,quarter,same,anti,cw,+,ccw,1,e,ne,pro,ccw,+,ccw,1,n,nw,2
U,gamma9,alpha6,quarter,same,anti,cw,+,ccw,1,e,ne,pro,ccw,-,ccw,1,n,sw,2
U,gamma9,zeta15,quarter,same,anti,cw,+,ccw,1,e,ne,pro,ccw,,ccw,0,n,w,1
U,gamma9,beta8,quarter,same,anti,cw,-,ccw,1,e,nw,pro,ccw,+,ccw,1,n,nw,2
U,gamma9,gamma14,quarter,same,anti,cw,-,ccw,1,e,nw,pro,ccw,-,ccw,1,n,sw,2
U,gamma9,eta15,quarter,same,anti,cw,-,ccw,1,e,nw,pro,ccw,,ccw,0,n,w,1
U,gamma9,eta16,quarter,same,anti,cw,,ccw,0,e,n,pro,ccw,+,ccw,1,n,nw,1
U,gamma9,zeta14,quarter,same,anti,cw,,ccw,0,e,n,pro,ccw,-,ccw,1,n,sw,1
U,gamma13,gamma12,quarter,same,anti,cw,+,ccw,1,w,sw,pro,ccw,+,ccw,1,s,se,2
U,gamma13,alpha2,quarter,same,anti,cw,+,ccw,1,w,sw,pro,ccw,-,ccw,1,s,ne,2
U,gamma13,zeta11,quarter,same,anti,cw,+,ccw,1,w,sw,pro,ccw,,ccw,0,s,e,1
U,gamma13,beta4,quarter,same,anti,cw,-,ccw,1,w,se,pro,ccw,+,ccw,1,s,se,2
U,gamma13,gamma10,quarter,same,anti,cw,-,ccw,1,w,se,pro,ccw,-,ccw,1,s,ne,2
U,gamma13,eta11,quarter,same,anti,cw,-,ccw,1,w,se,pro,ccw,,ccw,0,s,e,1
U,gamma13,eta12,quarter,same,anti,cw,,ccw,0,w,s,pro,ccw,+,ccw,1,s,se,1
U,gamma13,zeta10,quarter,same,anti,cw,,ccw,0,w,s,pro,ccw,-,ccw,1,s,ne,1
U,gamma11,gamma10,quarter,same,anti,cw,+,ccw,1,s,se,pro,ccw,+,ccw,1,e,ne,2
U,gamma11,alpha8,quarter,same,anti,cw,+,ccw,1,s,se,pro,ccw,-,ccw,1,e,nw,2
U,gamma11,zeta9,quarter,same,anti,cw,+,ccw,1,s,se,pro,ccw,,ccw,0,e,n,1
U,gamma11,beta2,quarter,same,anti,cw,-,ccw,1,s,ne,pro,ccw,+,ccw,1,e,ne,2
U,gamma11,gamma16,quarter,same,anti,cw,-,ccw,1,s,ne,pro,ccw,-,ccw,1,e,nw,2
U,gamma11,eta9,quarter,same,anti,cw,-,ccw,1,s,ne,pro,ccw,,ccw,0,e,n,1
U,gamma11,eta10,quarter,same,anti,cw,,ccw,0,s,e,pro,ccw,+,ccw,1,e,ne,1
U,gamma11,zeta16,quarter,same,anti,cw,,ccw,0,s,e,pro,ccw,-,ccw,1,e,nw,1
V,gamma11,gamma14,quarter,same,anti,ccw,+,cw,1,s,nw,pro,cw,+,cw,1,e,sw,2
V,gamma11,alpha4,quarter,same,anti,ccw,+,cw,1,s,nw,pro,cw,-,cw,1,e,se,2
V,gamma11,zeta13,quarter,same,anti,ccw,+,cw,1,s,nw,pro,cw,,cw,0,e,s,1
V,gamma11,beta6,quarter,same,anti,ccw,-,cw,1,s,sw,pro,cw,+,cw,1,e,sw,2
V,gamma11,gamma12,quarter,same,anti,ccw,-,cw,1,s,sw,pro,cw,-,cw,1,e,se,2
V,gamma11,eta13,quarter,same,anti,ccw,-,cw,1,s,sw,pro,cw,,cw,0,e,s,1
V,gamma11,eta14,quarter,same,anti,ccw,,cw,0,s,w,pro,cw,+,cw,1,e,sw,1
V,gamma11,zeta12,quarter,same,anti,ccw,,cw,0,s,w,pro,cw,-,cw,1,e,se,1
V,gamma13,gamma16,quarter,same,anti,ccw,+,cw,1,w,ne,pro,cw,+,cw,1,s,nw,2
V,gamma13,alpha6,quarter,same,anti,ccw,+,cw,1,w,ne,pro,cw,-,cw,1,s,sw,2
V,gamma13,zeta15,quarter,same,anti,ccw,+,cw,1,w,ne,pro,cw,,cw,0,s,w,1
V,gamma13,beta8,quarter,same,anti,ccw,-,cw,1,w,nw,pro,cw,+,cw,1,s,nw,2
V,gamma13,gamma14,quarter,same,anti,ccw,-,cw,1,w,nw,pro,cw,-,cw,1,s,sw,2
V,gamma13,eta15,quarter,same,anti,ccw,-,cw,1,w,nw,pro,cw,,cw,0,s,w,1
V,gamma13,eta16,quarter,same,anti,ccw,,cw,0,w,n,pro,cw,+,cw,1,s,nw,1
V,gamma13,zeta14,quarter,same,anti,ccw,,cw,0,w,n,pro,cw,-,cw,1,s,sw,1
V,gamma15,gamma10,quarter,same,anti,ccw,+,cw,1,n,se,pro,cw,+,cw,1,w,ne,2
V,gamma15,alpha8,quarter,same,anti,ccw,+,cw,1,n,se,pro,cw,-,cw,1,w,nw,2
V,gamma15,zeta9,quarter,same,anti,ccw,+,cw,1,n,se,pro,cw,,cw,0,w,n,1
V,gamma15,beta2,quarter,same,anti,ccw,-,cw,1,n,ne,pro,cw,+,cw,1,w,ne,2
V,gamma15,gamma16,quarter,same,anti,ccw,-,cw,1,n,ne,pro,cw,-,cw,1,w,nw,2
V,gamma15,eta9,quarter,same,anti,ccw,-,cw,1,n,ne,pro,cw,,cw,0,w,n,1
V,gamma15,eta10,quarter,same,anti,ccw,,cw,0,n,e,pro,cw,+,cw,1,w,ne,1
V,gamma15,zeta16,quarter,same,anti,ccw,,cw,0,n,e,pro,cw,-,cw,1,w,nw,1
V,gamma9,gamma12,quarter,same,anti,ccw,+,cw,1,e,sw,pro,cw,+,cw,1,n,se,2
V,gamma9,alpha2,quarter,same,anti,ccw,+,cw,1,e,sw,pro,cw,-,cw,1,n,ne,2
V,gamma9,zeta11,quarter,same,anti,ccw,+,cw,1,e,sw,pro,cw,,cw,0,n,e,1
V,gamma9,beta4,quarter,same,anti,ccw,-,cw,1,e,se,pro,cw,+,cw,1,n,se,2
V,gamma9,gamma10,quarter,same,anti,ccw,-,cw,1,e,se,pro,cw,-,cw,1,n,ne,2
V,gamma9,eta11,quarter,same,anti,ccw,-,cw,1,e,se,pro,cw,,cw,0,n,e,1
V,gamma9,eta12,quarter,same,anti,ccw,,cw,0,e,s,pro,cw,+,cw,1,n,se,1
V,gamma9,zeta10,quarter,same,anti,ccw,,cw,0,e,s,pro,cw,-,cw,1,n,ne,1
V,gamma3,gamma6,quarter,same,pro,cw,+,cw,1,n,se,anti,ccw,+,cw,1,e,sw,2
V,gamma3,beta4,quarter,same,pro,cw,+,cw,1,n,se,anti,ccw,-,cw,1,e,se,2
V,gamma3,eta5,quarter,same,pro,cw,+,cw,1,n,se,anti,ccw,,cw,0,e,s,1
V,gamma3,alpha6,quarter,same,pro,cw,-,cw,1,n,ne,anti,ccw,+,cw,1,e,sw,2
V,gamma3,gamma4,quarter,same,pro,cw,-,cw,1,n,ne,anti,ccw,-,cw,1,e,se,2
V,gamma3,zeta5,quarter,same,pro,cw,-,cw,1,n,ne,anti,ccw,,cw,0,e,s,1
V,gamma3,zeta6,quarter,same,pro,cw,,cw,0,n,e,anti,ccw,+,cw,1,e,sw,1
V,gamma3,eta4,quarter,same,pro,cw,,cw,0,n,e,anti,ccw,-,cw,1,e,se,1
V,gamma5,gamma8,quarter,same,pro,cw,+,cw,1,e,sw,anti,ccw,+,cw,1,s,nw,2
V,gamma5,beta6,quarter,same,pro,cw,+,cw,1,e,sw,anti,ccw,-,cw,1,s,sw,2
V,gamma5,eta7,quarter,same,pro,cw,+,cw,1,e,sw,anti,ccw,,cw,0,s,w,1
V,gamma5,alpha8,quarter,same,pro,cw,-,cw,1,e,se,anti,ccw,+,cw,1,s,nw,2
V,gamma5,gamma6,quarter,same,pro,cw,-,cw,1,e,se,anti,ccw,-,cw,1,s,sw,2
V,gamma5,zeta7,quarter,same,pro,cw,-,cw,1,e,se,anti,ccw,,cw,0,s,w,1
V,gamma5,zeta8,quarter,same,pro,cw,,cw,0,e,s,anti,ccw,+,cw,1,s,nw,1
V,gamma5,eta6,quarter,same,pro,cw,,cw,0,e,s,anti,ccw,-,cw,1,s,sw,1
V,gamma7,gamma2,quarter,same,pro,cw,+,cw,1,s,nw,anti,ccw,+,cw,1,w,ne,2
V,gamma7,beta8,quarter,same,pro,cw,+,cw,1,s,nw,anti,ccw,-,cw,1,w,nw,2
V,gamma7,eta1,quarter,same,pro,cw,+,cw,1,s,nw,anti,ccw,,cw,0,w,n,1
V,gamma7,alpha2,quarter,same,pro,cw,-,cw,1,s,sw,anti,ccw,+,cw,1,w,ne,2
V,gamma7,gamma8,quarter,same,pro,cw,-,cw,1,s,sw,anti,ccw,-,cw,1,w,nw,2
V,gamma7,zeta1,quarter,same,pro,cw,-,cw,1,s,sw,anti,ccw,,cw,0,w,n,1
V,gamma7,zeta2,quarter,same,pro,cw,,cw,0,s,w,anti,ccw,+,cw,1,w,ne,1
V,gamma7,eta8,quarter,same,pro,cw,,cw,0,s,w,anti,ccw,-,cw,1,w,nw,1
V,gamma1,gamma4,quarter,same,pro,cw,+,cw,1,w,ne,anti,ccw,+,cw,1,n,se,2
V,gamma1,beta2,quarter,same,pro,cw,+,cw,1,w,ne,anti,ccw,-,cw,1,n,ne,2
V,gamma1,eta3,quarter,same,pro,cw,+,cw,1,w,ne,anti,ccw,,cw,0,n,e,1
V,gamma1,alpha4,quarter,same,pro,cw,-,cw,1,w,nw,anti,ccw,+,cw,1,n,se,2
V,gamma1,gamma2,quarter,same,pro,cw,-,cw,1,w,nw,anti,ccw,-,cw,1,n,ne,2
V,gamma1,zeta3,quarter,same,pro,cw,-,cw,1,w,nw,anti,ccw,,cw,0,n,e,1
V,gamma1,zeta4,quarter,same,pro,cw,,cw,0,w,n,anti,ccw,+,cw,1,n,se,1
V,gamma1,eta2,quarter,same,pro,cw,,cw,0,w,n,anti,ccw,-,cw,1,n,ne,1
V,gamma7,gamma6,quarter,same,anti,cw,+,ccw,1,s,se,pro,ccw,+,ccw,1,w,sw,2
V,gamma7,beta4,quarter,same,anti,cw,+,ccw,1,s,se,pro,ccw,-,ccw,1,w,se,2
V,gamma7,eta5,quarter,same,anti,cw,+,ccw,1,s,se,pro,ccw,,ccw,0,w,s,1
V,gamma7,alpha6,quarter,same,anti,cw,-,ccw,1,s,ne,pro,ccw,+,ccw,1,w,sw,2
V,gamma7,gamma4,quarter,same,anti,cw,-,ccw,1,s,ne,pro,ccw,-,ccw,1,w,se,2
V,gamma7,zeta5,quarter,same,anti,cw,-,ccw,1,s,ne,pro,ccw,,ccw,0,w,s,1
V,gamma7,zeta6,quarter,same,anti,cw,,ccw,0,s,e,pro,ccw,+,ccw,1,w,sw,1
V,gamma7,eta4,quarter,same,anti,cw,,ccw,0,s,e,pro,ccw,-,ccw,1,w,se,1
V,gamma1,gamma8,quarter,same,anti,cw,+,ccw,1,w,sw,pro,ccw,+,ccw,1,n,nw,2
V,gamma1,beta6,quarter,same,anti,cw,+,ccw,1,w,sw,pro,ccw,-,ccw,1,n,sw,2
V,gamma1,eta7,quarter,same,anti,cw,+,ccw,1,w,sw,pro,ccw,,ccw,0,n,w,1
V,gamma1,alpha8,quarter,same,anti,cw,-,ccw,1,w,se,pro,ccw,+,ccw,1,n,nw,2
V,gamma1,gamma6,quarter,same,anti,cw,-,ccw,1,w,se,pro,ccw,-,ccw,1,n,sw,2
V,gamma1,zeta7,quarter,same,anti,cw,-,ccw,1,w,se,pro,ccw,,ccw,0,n,w,1
V,gamma1,zeta8,quarter,same,anti,cw,,ccw,0,w,s,pro,ccw,+,ccw,1,n,nw,1
V,gamma1,eta6,quarter,same,anti,cw,,ccw,0,w,s,pro,ccw,-,ccw,1,n,sw,1
V,gamma5,gamma4,quarter,same,anti,cw,+,ccw,1,e,ne,pro,ccw,+,ccw,1,s,se,2
V,gamma5,beta2,quarter,same,anti,cw,+,ccw,1,e,ne,pro,ccw,-,ccw,1,s,ne,2
V,gamma5,eta3,quarter,same,anti,cw,+,ccw,1,e,ne,pro,ccw,,ccw,0,s,e,1
V,gamma5,alpha4,quarter,same,anti,cw,-,ccw,1,e,nw,pro,ccw,+,ccw,1,s,se,2
V,gamma5,gamma2,quarter,same,anti,cw,-,ccw,1,e,nw,pro,ccw,-,ccw,1,s,ne,2
V,gamma5,zeta3,quarter,same,anti,cw,-,ccw,1,e,nw,pro,ccw,,ccw,0,s,e,1
V,gamma5,zeta4,quarter,same,anti,cw,,ccw,0,e,n,pro,ccw,+,ccw,1,s,se,1
V,gamma5,eta2,quarter,same,anti,cw,,ccw,0,e,n,pro,ccw,-,ccw,1,s,ne,1
V,gamma3,gamma2,quarter,same,anti,cw,+,ccw,1,n,nw,pro,ccw,+,ccw,1,e,ne,2
V,gamma3,beta8,quarter,same,anti,cw,+,ccw,1,n,nw,pro,ccw,-,ccw,1,e,nw,2
V,gamma3,eta1,quarter,same,anti,cw,+,ccw,1,n,nw,pro,ccw,,ccw,0,e,n,1
V,gamma3,alpha2,quarter,same,anti,cw,-,ccw,1,n,sw,pro,ccw,+,ccw,1,e,ne,2
V,gamma3,gamma8,quarter,same,anti,cw,-,ccw,1,n,sw,pro,ccw,-,ccw,1,e,nw,2
V,gamma3,zeta1,quarter,same,anti,cw,-,ccw,1,n,sw,pro,ccw,,ccw,0,e,n,1
V,gamma3,zeta2,quarter,same,anti,cw,,ccw,0,n,w,pro,ccw,+,ccw,1,e,ne,1
V,gamma3,eta8,quarter,same,anti,cw,,ccw,0,n,w,pro,ccw,-,ccw,1,e,nw,1
V,gamma15,gamma14,quarter,same,pro,ccw,+,ccw,1,n,nw,anti,cw,+,ccw,1,w,sw,2
V,gamma15,alpha4,quarter,same,pro,ccw,+,ccw,1,n,nw,anti,cw,-,ccw,1,w,se,2
V,gamma15,zeta13,quarter,same,pro,ccw,+,ccw,1,n,nw,anti,cw,,ccw,0,w,s,1
V,gamma15,beta6,quarter,same,pro,ccw,-,ccw,1,n,sw,anti,cw,+,ccw,1,w,sw,2
V,gamma15,gamma12,quarter,same,pro,ccw,-,ccw,1,n,sw,anti,cw,-,ccw,1,w,se,2
V,gamma15,eta13,quarter,same,pro,ccw,-,ccw,1,n,sw,anti,cw,,ccw,0,w,s,1
V,gamma15,eta14,quarter,same,pro,ccw,,ccw,0,n,w,anti,cw,+,ccw,1,w,sw,1
V,gamma15,zeta12,quarter,same,pro,ccw,,ccw,0,n,w,anti,cw,-,ccw,1,w,se,1
V,gamma9,gamma16,quarter,same,pro,ccw,+,ccw,1,e,ne,anti,cw,+,ccw,1,n,nw,2
V,gamma9,alpha6,quarter,same,pro,ccw,+,ccw,1,e,ne,anti,cw,-,ccw,1,n,sw,2
V,gamma9,zeta15,quarter,same,pro,ccw,+,ccw,1,e,ne,anti,cw,,ccw,0,n,w,1
V,gamma9,beta8,quarter,same,pro,ccw,-,ccw,1,e,nw,anti,cw,+,ccw,1,n,nw,2
V,gamma9,gamma14,quarter,same,pro,ccw,-,ccw,1,e,nw,anti,cw,-,ccw,1,n,sw,2
V,gamma9,eta15,quarter,same,pro,ccw,-,ccw,1,e,nw,anti,cw,,ccw,0,n,w,1
V,gamma9,eta16,quarter,same,pro,ccw,,ccw,0,e,n,anti,cw,+,ccw,1,n,nw,1
V,gamma9,zeta14,quarter,same,pro,ccw,,ccw,0,e,n,anti,cw,-,ccw,1,n,sw,1
V,gamma13,gamma12,quarter,same,pro,ccw,+,ccw,1,w,sw,anti,cw,+,ccw,1,s,se,2
V,gamma13,alpha2,quarter,same,pro,ccw,+,ccw,1,w,sw,anti,cw,-,ccw,1,s,ne,2
V,gamma13,zeta11,quarter,same,pro,ccw,+,ccw,1,w,sw,anti,cw,,ccw,0,s,e,1
V,gamma13,beta4,quarter,same,pro,ccw,-,ccw,1,w,se,anti,cw,+,ccw,1,s,se,2
V,gamma13,gamma10,quarter,same,pro,ccw,-,ccw,1,w,se,anti,cw,-,ccw,1,s,ne,2
V,gamma13,eta11,quarter,same,pro,ccw,-,ccw,1,w,se,anti,cw,,ccw,0,s,e,1
V,gamma13,eta12,quarter,same,pro,ccw,,ccw,0,w,s,anti,cw,+,ccw,1,s,se,1
V,gamma13,zeta10,quarter,same,pro,ccw,,ccw,0,w,s,anti,cw,-,ccw,1,s,ne,1
V,gamma11,gamma10,quarter,same,pro,ccw,+,ccw,1,s,se,anti,cw,+,ccw,1,e,ne,2
V,gamma11,alpha8,quarter,same,pro,ccw,+,ccw,1,s,se,anti,cw,-,ccw,1,e,nw,2
V,gamma11,zeta9,quarter,same,pro,ccw,+,ccw,1,s,se,anti,cw,,ccw,0,e,n,1
V,gamma11,beta2,quarter,same,pro,ccw,-,ccw,1,s,ne,anti,cw,+,ccw,1,e,ne,2
V,gamma11,gamma16,quarter,same,pro,ccw,-,ccw,1,s,ne,anti,cw,-,ccw,1,e,nw,2
V,gamma11,eta9,quarter,same,pro,ccw,-,ccw,1,s,ne,anti,cw,,ccw,0,e,n,1
V,gamma11,eta10,quarter,same,pro,ccw,,ccw,0,s,e,anti,cw,+,ccw,1,e,ne,1
V,gamma11,zeta16,quarter,same,pro,ccw,,ccw,0,s,e,anti,cw,-,ccw,1,e,nw,1
W,gamma3,zeta14,none,none,static,noRotation,,static,0,n,n,pro,cw,+,cw,1,e,sw,1
W,gamma3,zeta4,none,none,static,noRotation,,static,0,n,n,pro,cw,-,cw,1,e,se,1
W,gamma5,zeta16,none,none,static,noRotation,,static,0,e,e,pro,cw,+,cw,1,s,nw,1
W,gamma5,zeta6,none,none,static,noRotation,,static,0,e,e,pro,cw,-,cw,1,s,sw,1
W,gamma7,zeta10,none,none,static,noRotation,,static,0,s,s,pro,cw,+,cw,1,w,ne,1
W,gamma7,zeta8,none,none,static,noRotation,,static,0,s,s,pro,cw,-,cw,1,w,nw,1
W,gamma1,zeta12,none,none,static,noRotation,,static,0,w,w,pro,cw,+,cw,1,n,se,1
W,gamma1,zeta2,none,none,static,noRotation,,static,0,w,w,pro,cw,-,cw,1,n,ne,1
W,gamma15,zeta14,none,none,static,noRotation,,static,0,n,n,pro,ccw,+,ccw,1,w,sw,1
W,gamma15,zeta4,none,none,static,noRotation,,static,0,n,n,pro,ccw,-,ccw,1,w,se,1
W,gamma9,zeta16,none,none,static,noRotation,,static,0,e,e,pro,ccw,+,ccw,1,n,nw,1
W,gamma9,zeta6,none,none,static,noRotation,,static,0,e,e,pro,ccw,-,ccw,1,n,sw,1
W,gamma13,zeta12,none,none,static,noRotation,,static,0,w,w,pro,ccw,+,ccw,1,s,se,1
W,gamma13,zeta2,none,none,static,noRotation,,static,0,w,w,pro,ccw,-,ccw,1,s,ne,1
W,gamma11,zeta10,none,none,static,noRotation,,static,0,s,s,pro,ccw,+,ccw,1,e,ne,1
W,gamma11,zeta8,none,none,static,noRotation,,static,0,s,s,pro,ccw,-,ccw,1,e,nw,1
W,gamma9,zeta1,none,none,pro,cw,+,cw,1,e,sw,static,noRotation,,static,0,n,n,1
W,gamma9,zeta9,none,none,pro,cw,-,cw,1,e,se,static,noRotation,,static,0,n,n,1
W,gamma11,zeta3,none,none,pro,cw,+,cw,1,s,nw,static,noRotation,,static,0,e,e,1
W,gamma11,zeta11,none,none,pro,cw,-,cw,1,s,sw,static,noRotation,,static,0,e,e,1
W,gamma13,zeta5,none,none,pro,cw,+,cw,1,w,ne,static,noRotation,,static,0,s,s,1
W,gamma13,zeta13,none,none,pro,cw,-,cw,1,w,nw,static,noRotation,,static,0,s,s,1
W,gamma15,zeta7,none,none,pro,cw,+,cw,1,n,se,static,noRotation,,static,0,w,w,1
W,gamma15,zeta15,none,none,pro,cw,-,cw,1,n,ne,static,noRotation,,static,0,w,w,1
W,gamma1,zeta1,none,none,pro,ccw,+,ccw,1,w,sw,static,noRotation,,static,0,n,n,1
W,gamma1,zeta9,none,none,pro,ccw,-,ccw,1,w,se,static,noRotation,,static,0,n,n,1
W,gamma3,zeta3,none,none,pro,ccw,+,ccw,1,n,nw,static,noRotation,,static,0,e,e,1
W,gamma3,zeta11,none,none,pro,ccw,-,ccw,1,n,sw,static,noRotation,,static,0,e,e,1
W,gamma7,zeta7,none,none,pro,ccw,+,ccw,1,s,se,static,noRotation,,static,0,w,w,1
W,gamma7,zeta15,none,none,pro,ccw,-,ccw,1,s,ne,static,noRotation,,static,0,w,w,1
W,gamma5,zeta5,none,none,pro,ccw,+,ccw,1,e,ne,static,noRotation,,static,0,s,s,1
W,gamma5,zeta13,none,none,pro,ccw,-,ccw,1,e,nw,static,noRotation,,static,0,s,s,1
X,gamma3,zeta14,none,none,static,noRotation,,static,0,n,n,anti,ccw,+,cw,1,e,sw,1
X,gamma3,zeta4,none,none,static,noRotation,,static,0,n,n,anti,ccw,-,cw,1,e,se,1
X,gamma5,zeta16,none,none,static,noRotation,,static,0,e,e,anti,ccw,+,cw,1,s,nw,1
X,gamma5,zeta6,none,none,static,noRotation,,static,0,e,e,anti,ccw,-,cw,1,s,sw,1
X,gamma7,zeta10,none,none,static,noRotation,,static,0,s,s,anti,ccw,+,cw,1,w,ne,1
X,gamma7,zeta8,none,none,static,noRotation,,static,0,s,s,anti,ccw,-,cw,1,w,nw,1
X,gamma1,zeta12,none,none,static,noRotation,,static,0,w,w,anti,ccw,+,cw,1,n,se,1
X,gamma1,zeta2,none,none,static,noRotation,,static,0,w,w,anti,ccw,-,cw,1,n,ne,1
X,gamma15,zeta14,none,none,static,noRotation,,static,0,n,n,anti,cw,+,ccw,1,w,sw,1
X,gamma15,zeta4,none,none,static,noRotation,,static,0,n,n,anti,cw,-,ccw,1,w,se,1
X,gamma9,zeta16,none,none,static,noRotation,,static,0,e,e,anti,cw,+,ccw,1,n,nw,1
X,gamma9,zeta6,none,none,static,noRotation,,static,0,e,e,anti,cw,-,ccw,1,n,sw,1
X,gamma13,zeta12,none,none,static,noRotation,,static,0,w,w,anti,cw,+,ccw,1,s,se,1
X,gamma13,zeta2,none,none,static,noRotation,,static,0,w,w,anti,cw,-,ccw,1,s,ne,1
X,gamma11,zeta10,none,none,static,noRotation,,static,0,s,s,anti,cw,+,ccw,1,e,ne,1
X,gamma11,zeta8,none,none,static,noRotation,,static,0,s,s,anti,cw,-,ccw,1,e,nw,1
X,gamma9,zeta1,none,none,anti,ccw,+,cw,1,e,sw,static,noRotation,,static,0,n,n,1
X,gamma9,zeta9,none,none,anti,ccw,-,cw,1,e,se,static,noRotation,,static,0,n,n,1
X,gamma11,zeta3,none,none,anti,ccw,+,cw,1,s,nw,static,noRotation,,static,0,e,e,1
X,gamma11,zeta11,none,none,anti,ccw,-,cw,1,s,sw,static,noRotation,,static,0,e,e,1
X,gamma13,zeta5,none,none,anti,ccw,+,cw,1,w,ne,static,noRotation,,static,0,s,s,1
X,gamma13,zeta13,none,none,anti,ccw,-,cw,1,w,nw,static,noRotation,,static,0,s,s,1
X,gamma15,zeta7,none,none,anti,ccw,+,cw,1,n,se,static,noRotation,,static,0,w,w,1
X,gamma15,zeta15,none,none,anti,ccw,-,cw,1,n,ne,static,noRotation,,static,0,w,w,1
X,gamma1,zeta1,none,none,anti,cw,+,ccw,1,w,sw,static,noRotation,,static,0,n,n,1
X,gamma1,zeta9,none,none,anti,cw,-,ccw,1,w,se,static,noRotation,,static,0,n,n,1
X,gamma3,zeta3,none,none,anti,cw,+,ccw,1,n,nw,static,noRotation,,static,0,e,e,1
X,gamma3,zeta11,none,none,anti,cw,-,ccw,1,n,sw,static,noRotation,,static,0,e,e,1
X,gamma7,zeta7,none,none,anti,cw,+,ccw,1,s,se,static,noRotation,,static,0,w,w,1
X,gamma7,zeta15,none,none,anti,cw,-,ccw,1,s,ne,static,noRotation,,static,0,w,w,1
X,gamma5,zeta5,none,none,anti,cw,+,ccw,1,e,ne,static,noRotation,,static,0,s,s,1
X,gamma5,zeta13,none,none,anti,cw,-,ccw,1,e,nw,static,noRotation,,static,0,s,s,1
Y,gamma11,eta6,none,none,static,noRotation,,static,0,s,s,pro,cw,+,cw,1,e,sw,1
Y,gamma11,eta12,none,none,static,noRotation,,static,0,s,s,pro,cw,-,cw,1,e,se,1
Y,gamma13,eta8,none,none,static,noRotation,,static,0,w,w,pro,cw,+,cw,1,s,nw,1
Y,gamma13,eta14,none,none,static,noRotation,,static,0,w,w,pro,cw,-,cw,1,s,sw,1
Y,gamma15,eta2,none,none,static,noRotation,,static,0,n,n,pro,cw,+,cw,1,w,ne,1
Y,gamma15,eta16,none,none,static,noRotation,,static,0,n,n,pro,cw,-,cw,1,w,nw,1
Y,gamma9,eta4,none,none,static,noRotation,,static,0,e,e,pro,cw,+,cw,1,n,se,1
Y,gamma9,eta10,none,none,static,noRotation,,static,0,e,e,pro,cw,-,cw,1,n,ne,1
Y,gamma7,eta6,none,none,static,noRotation,,static,0,s,s,pro,ccw,+,ccw,1,w,sw,1
Y,gamma7,eta12,none,none,static,noRotation,,static,0,s,s,pro,ccw,-,ccw,1,w,se,1
Y,gamma1,eta8,none,none,static,noRotation,,static,0,w,w,pro,ccw,+,ccw,1,n,nw,1
Y,gamma1,eta14,none,none,static,noRotation,,static,0,w,w,pro,ccw,-,ccw,1,n,sw,1
Y,gamma5,eta4,none,none,static,noRotation,,static,0,e,e,pro,ccw,+,ccw,1,s,se,1
Y,gamma5,eta10,none,none,static,noRotation,,static,0,e,e,pro,ccw,-,ccw,1,s,ne,1
Y,gamma3,eta2,none,none,static,noRotation,,static,0,n,n,pro,ccw,+,ccw,1,e,ne,1
Y,gamma3,eta16,none,none,static,noRotation,,static,0,n,n,pro,ccw,-,ccw,1,e,nw,1
Y,gamma5,eta13,none,none,pro,cw,+,cw,1,e,sw,static,noRotation,,static,0,s,s,1
Y,gamma5,eta5,none,none,pro,cw,-,cw,1,e,se,static,noRotation,,static,0,s,s,1
Y,gamma7,eta15,none,none,pro,cw,+,cw,1,s,nw,static,noRotation,,static,0,w,w,1
Y,gamma7,eta7,none,none,pro,cw,-,cw,1,s,sw,static,noRotation,,static,0,w,w,1
Y,gamma1,eta9,none,none,pro,cw,+,cw,1,w,ne,static,noRotation,,static,0,n,n,1
Y,gamma1,eta1,none,none,pro,cw,-,cw,1,w,nw,static,noRotation,,static,0,n,n,1
Y,gamma3,eta11,none,none,pro,cw,+,cw,1,n,se,static,noRotation,,static,0,e,e,1
Y,gamma3,eta3,none,none,pro,cw,-,cw,1,n,ne,static,noRotation,,static,0,e,e,1
Y,gamma13,eta13,none,none,pro,ccw,+,ccw,1,w,sw,static,noRotation,,static,0,s,s,1
Y,gamma13,eta5,none,none,pro,ccw,-,ccw,1,w,se,static,noRotation,,static,0,s,s,1
Y,gamma15,eta15,none,none,pro,ccw,+,ccw,1,n,nw,static,noRotation,,static,0,w,w,1
Y,gamma15,eta7,none,none,pro,ccw,-,ccw,1,n,sw,static,noRotation,,static,0,w,w,1
Y,gamma11,eta11,none,none,pro,ccw,+,ccw,1,s,se,static,noRotation,,static,0,e,e,1
Y,gamma11,eta3,none,none,pro,ccw,-,ccw,1,s,ne,static,noRotation,,static,0,e,e,1
Y,gamma9,eta9,none,none,pro,ccw,+,ccw,1,e,ne,static,noRotation,,static,0,n,n,1
Y,gamma9,eta1,none,none,pro,ccw,-,ccw,1,e,nw,static,noRotation,,static,0,n,n,1
Z,gamma11,eta6,none,none,static,noRotation,,static,0,s,s,anti,ccw,+,cw,1,e,sw,1
Z,gamma11,eta12,none,none,static,noRotation,,static,0,s,s,anti,ccw,-,cw,1,e,se,1
Z,gamma13,eta8,none,none,static,noRotation,,static,0,w,w,anti,ccw,+,cw,1,s,nw,1
Z,gamma13,eta14,none,none,static,noRotation,,static,0,w,w,anti,ccw,-,cw,1,s,sw,1
Z,gamma15,eta2,none,none,static,noRotation,,static,0,n,n,anti,ccw,+,cw,1,w,ne,1
Z,gamma15,eta16,none,none,static,noRotation,,static,0,n,n,anti,ccw,-,cw,1,w,nw,1
Z,gamma9,eta4,none,none,static,noRotation,,static,0,e,e,anti,ccw,+,cw,1,n,se,1
Z,gamma9,eta10,none,none,static,noRotation,,static,0,e,e,anti,ccw,-,cw,1,n,ne,1
Z,gamma7,eta6,none,none,static,noRotation,,static,0,s,s,anti,cw,+,ccw,1,w,sw,1
Z,gamma7,eta12,none,none,static,noRotation,,static,0,s,s,anti,cw,-,ccw,1,w,se,1
Z,gamma1,eta8,none,none,static,noRotation,,static,0,w,w,anti,cw,+,ccw,1,n,nw,1
Z,gamma1,eta14,none,none,static,noRotation,,static,0,w,w,anti,cw,-,ccw,1,n,sw,1
Z,gamma5,eta4,none,none,static,noRotation,,static,0,e,e,anti,cw,+,ccw,1,s,se,1
Z,gamma5,eta10,none,none,static,noRotation,,static,0,e,e,anti,cw,-,ccw,1,s,ne,1
Z,gamma3,eta2,none,none,static,noRotation,,static,0,n,n,anti,cw,+,ccw,1,e,ne,1
Z,gamma3,eta16,none,none,static,noRotation,,static,0,n,n,anti,cw,-,ccw,1,e,nw,1
Z,gamma5,eta13,none,none,anti,ccw,+,cw,1,e,sw,static,noRotation,,static,0,s,s,1
Z,gamma5,eta5,none,none,anti,ccw,-,cw,1,e,se,static,noRotation,,static,0,s,s,1
Z,gamma7,eta15,none,none,anti,ccw,+,cw,1,s,nw,static,noRotation,,static,0,w,w,1
Z,gamma7,eta7,none,none,anti,ccw,-,cw,1,s,sw,static,noRotation,,static,0,w,w,1
Z,gamma1,eta9,none,none,anti,ccw,+,cw,1,w,ne,static,noRotation,,static,0,n,n,1
Z,gamma1,eta1,none,none,anti,ccw,-,cw,1,w,nw,static,noRotation,,static,0,n,n,1
Z,gamma3,eta11,none,none,anti,ccw,+,cw,1,n,se,static,noRotation,,static,0,e,e,1
Z,gamma3,eta3,none,none,anti,ccw,-,cw,1,n,ne,static,noRotation,,static,0,e,e,1
Z,gamma13,eta13,none,none,anti,cw,+,ccw,1,w,sw,static,noRotation,,static,0,s,s,1
Z,gamma13,eta5,none,none,anti,cw,-,ccw,1,w,se,static,noRotation,,static,0,s,s,1
Z,gamma15,eta15,none,none,anti,cw,+,ccw,1,n,nw,static,noRotation,,static,0,w,w,1
Z,gamma15,eta7,none,none,anti,cw,-,ccw,1,n,sw,static,noRotation,,static,0,w,w,1
Z,gamma11,eta11,none,none,anti,cw,+,ccw,1,s,se,static,noRotation,,static,0,e,e,1
Z,gamma11,eta3,none,none,anti,cw,-,ccw,1,s,ne,static,noRotation,,static,0,e,e,1
Z,gamma9,eta9,none,none,anti,cw,+,ccw,1,e,ne,static,noRotation,,static,0,n,n,1
Z,gamma9,eta1,none,none,anti,cw,-,ccw,1,e,nw,static,noRotation,,static,0,n,n,1
Σ,alpha3,eta14,none,none,static,noRotation,,static,0,w,w,pro,cw,+,cw,1,e,sw,1
Σ,alpha3,zeta12,none,none,static,noRotation,,static,0,w,w,pro,cw,-,cw,1,e,se,1
Σ,alpha5,eta16,none,none,static,noRotation,,static,0,n,n,pro,cw,+,cw,1,s,nw,1
Σ,alpha5,zeta14,none,none,static,noRotation,,static,0,n,n,pro,cw,-,cw,1,s,sw,1
Σ,alpha7,eta10,none,none,static,noRotation,,static,0,e,e,pro,cw,+,cw,1,w,ne,1
Σ,alpha7,zeta16,none,none,static,noRotation,,static,0,e,e,pro,cw,-,cw,1,w,nw,1
Σ,alpha1,eta12,none,none,static,noRotation,,static,0,s,s,pro,cw,+,cw,1,n,se,1
Σ,alpha1,zeta10,none,none,static,noRotation,,static,0,s,s,pro,cw,-,cw,1,n,ne,1
Σ,alpha7,zeta6,none,none,static,noRotation,,static,0,e,e,pro,ccw,+,ccw,1,w,sw,1
Σ,alpha7,eta4,none,none,static,noRotation,,static,0,e,e,pro,ccw,-,ccw,1,w,se,1
Σ,alpha1,zeta8,none,none,static,noRotation,,static,0,s,s,pro,ccw,+,ccw,1,n,nw,1
Σ,alpha1,eta6,none,none,static,noRotation,,static,0,s,s,pro,ccw,-,ccw,1,n,sw,1
Σ,alpha5,zeta4,none,none,static,noRotation,,static,0,n,n,pro,ccw,+,ccw,1,s,se,1
Σ,alpha5,eta2,none,none,static,noRotation,,static,0,n,n,pro,ccw,-,ccw,1,s,ne,1
Σ,alpha3,zeta2,none,none,static,noRotation,,static,0,w,w,pro,ccw,+,ccw,1,e,ne,1
Σ,alpha3,eta8,none,none,static,noRotation,,static,0,w,w,pro,ccw,-,ccw,1,e,nw,1
Σ,alpha7,eta7,none,none,pro,cw,+,cw,1,e,sw,static,noRotation,,static,0,w,w,1
Σ,alpha7,zeta7,none,none,pro,cw,-,cw,1,e,se,static,noRotation,,static,0,w,w,1
Σ,alpha1,eta1,none,none,pro,cw,+,cw,1,s,nw,static,noRotation,,static,0,n,n,1
Σ,alpha1,zeta1,none,none,pro,cw,-,cw,1,s,sw,static,noRotation,,static,0,n,n,1
Σ,alpha3,eta3,none,none,pro,cw,+,cw,1,w,ne,static,noRotation,,static,0,e,e,1
Σ,alpha3,zeta3,none,none,pro,cw,-,cw,1,w,nw,static,noRotation,,static,0,e,e,1
Σ,alpha5,eta5,none,none,pro,cw,+,cw,1,n,se,static,noRotation,,static,0,s,s,1
Σ,alpha5,zeta5,none,none,pro,cw,-,cw,1,n,ne,static,noRotation,,static,0,s,s,1
Σ,alpha3,zeta11,none,none,pro,ccw,+,ccw,1,w,sw,static,noRotation,,static,0,e,e,1
Σ,alpha3,eta11,none,none,pro,ccw,-,ccw,1,w,se,static,noRotation,,static,0,e,e,1
Σ,alpha5,zeta13,none,none,pro,ccw,+,ccw,1,n,nw,static,noRotation,,static,0,s,s,1
Σ,alpha5,eta13,none,none,pro,ccw,-,ccw,1,n,sw,static,noRotation,,static,0,s,s,1
Σ,alpha1,zeta9,none,none,pro,ccw,+,ccw,1,s,se,static,noRotation,,static,0,n,n,1
Σ,alpha1,eta9,none,none,pro,ccw,-,ccw,1,s,ne,static,noRotation,,static,0,n,n,1
Σ,alpha7,zeta15,none,none,pro,ccw,+,ccw,1,e,ne,static,noRotation,,static,0,w,w,1
Σ,alpha7,eta15,none,none,pro,ccw,-,ccw,1,e,nw,static,noRotation,,static,0,w,w,1
Δ,alpha3,eta14,none,none,static,noRotation,,static,0,w,w,anti,ccw,+,cw,1,e,sw,1
Δ,alpha3,zeta12,none,none,static,noRotation,,static,0,w,w,anti,ccw,-,cw,1,e,se,1
Δ,alpha5,eta16,none,none,static,noRotation,,static,0,n,n,anti,ccw,+,cw,1,s,nw,1
Δ,alpha5,zeta14,none,none,static,noRotation,,static,0,n,n,anti,ccw,-,cw,1,s,sw,1
Δ,alpha7,eta10,none,none,static,noRotation,,static,0,e,e,anti,ccw,+,cw,1,w,ne,1
Δ,alpha7,zeta16,none,none,static,noRotation,,static,0,e,e,anti,ccw,-,cw,1,w,nw,1
Δ,alpha1,eta12,none,none,static,noRotation,,static,0,s,s,anti,ccw,+,cw,1,n,se,1
Δ,alpha1,zeta10,none,none,static,noRotation,,static,0,s,s,anti,ccw,-,cw,1,n,ne,1
Δ,alpha7,zeta6,none,none,static,noRotation,,static,0,e,e,anti,cw,+,ccw,1,w,sw,1
Δ,alpha7,eta4,none,none,static,noRotation,,static,0,e,e,anti,cw,-,ccw,1,w,se,1
Δ,alpha1,zeta8,none,none,static,noRotation,,static,0,s,s,anti,cw,+,ccw,1,n,nw,1
Δ,alpha1,eta6,none,none,static,noRotation,,static,0,s,s,anti,cw,-,ccw,1,n,sw,1
Δ,alpha5,zeta4,none,none,static,noRotation,,static,0,n,n,anti,cw,+,ccw,1,s,se,1
Δ,alpha5,eta2,none,none,static,noRotation,,static,0,n,n,anti,cw,-,ccw,1,s,ne,1
Δ,alpha3,zeta2,none,none,static,noRotation,,static,0,w,w,anti,cw,+,ccw,1,e,ne,1
Δ,alpha3,eta8,none,none,static,noRotation,,static,0,w,w,anti,cw,-,ccw,1,e,nw,1
Δ,alpha7,eta7,none,none,anti,ccw,+,cw,1,e,sw,static,noRotation,,static,0,w,w,1
Δ,alpha7,zeta7,none,none,anti,ccw,-,cw,1,e,se,static,noRotation,,static,0,w,w,1
Δ,alpha1,eta1,none,none,anti,ccw,+,cw,1,s,nw,static,noRotation,,static,0,n,n,1
Δ,alpha1,zeta1,none,none,anti,ccw,-,cw,1,s,sw,static,noRotation,,static,0,n,n,1
Δ,alpha3,eta3,none,none,anti,ccw,+,cw,1,w,ne,static,noRotation,,static,0,e,e,1
Δ,alpha3,zeta3,none,none,anti,ccw,-,cw,1,w,nw,static,noRotation,,static,0,e,e,1
Δ,alpha5,eta5,none,none,anti,ccw,+,cw,1,n,se,static,noRotation,,static,0,s,s,1
Δ,alpha5,zeta5,none,none,anti,ccw,-,cw,1,n,ne,static,noRotation,,static,0,s,s,1
Δ,alpha3,zeta11,none,none,anti,cw,+,ccw,1,w,sw,static,noRotation,,static,0,e,e,1
Δ,alpha3,eta11,none,none,anti,cw,-,ccw,1,w,se,static,noRotation,,static,0,e,e,1
Δ,alpha5,zeta13,none,none,anti,cw,+,ccw,1,n,nw,static,noRotation,,static,0,s,s,1
Δ,alpha5,eta13,none,none,anti,cw,-,ccw,1,n,sw,static,noRotation,,static,0,s,s,1
Δ,alpha1,zeta9,none,none,anti,cw,+,ccw,1,s,se,static,noRotation,,static,0,n,n,1
Δ,alpha1,eta9,none,none,anti,cw,-,ccw,1,s,ne,static,noRotation,,static,0,n,n,1
Δ,alpha7,zeta15,none,none,anti,cw,+,ccw,1,e,ne,static,noRotation,,static,0,w,w,1
Δ,alpha7,eta15,none,none,anti,cw,-,ccw,1,e,nw,static,noRotation,,static,0,w,w,1
Θ,beta3,zeta6,none,none,static,noRotation,,static,0,e,e,pro,cw,+,cw,1,e,sw,1
Θ,beta3,eta4,none,none,static,noRotation,,static,0,e,e,pro,cw,-,cw,1,e,se,1
Θ,beta5,zeta8,none,none,static,noRotation,,static,0,s,s,pro,cw,+,cw,1,s,nw,1
Θ,beta5,eta6,none,none,static,noRotation,,static,0,s,s,pro,cw,-,cw,1,s,sw,1
Θ,beta7,zeta2,none,none,static,noRotation,,static,0,w,w,pro,cw,+,cw,1,w,ne,1
Θ,beta7,eta8,none,none,static,noRotation,,static,0,w,w,pro,cw,-,cw,1,w,nw,1
Θ,beta1,zeta4,none,none,static,noRotation,,static,0,n,n,pro,cw,+,cw,1,n,se,1
Θ,beta1,eta2,none,none,static,noRotation,,static,0,n,n,pro,cw,-,cw,1,n,ne,1
Θ,beta7,eta14,none,none,static,noRotation,,static,0,w,w,pro,ccw,+,ccw,1,w,sw,1
Θ,beta7,zeta12,none,none,static,noRotation,,static,0,w,w,pro,ccw,-,ccw,1,w,se,1
Θ,beta1,eta16,none,none,static,noRotation,,static,0,n,n,pro,ccw,+,ccw,1,n,nw,1
Θ,beta1,zeta14,none,none,static,noRotation,,static,0,n,n,pro,ccw,-,ccw,1,n,sw,1
Θ,beta5,eta12,none,none,static,noRotation,,static,0,s,s,pro,ccw,+,ccw,1,s,se,1
Θ,beta5,zeta10,none,none,static,noRotation,,static,0,s,s,pro,ccw,-,ccw,1,s,ne,1
Θ,beta3,eta10,none,none,static,noRotation,,static,0,e,e,pro,ccw,+,ccw,1,e,ne,1
Θ,beta3,zeta16,none,none,static,noRotation,,static,0,e,e,pro,ccw,-,ccw,1,e,nw,1
Θ,beta3,zeta11,none,none,pro,cw,+,cw,1,e,sw,static,noRotation,,static,0,e,e,1
Θ,beta3,eta11,none,none,pro,cw,-,cw,1,e,se,static,noRotation,,static,0,e,e,1
Θ,beta5,zeta13,none,none,pro,cw,+,cw,1,s,nw,static,noRotation,,static,0,s,s,1
Θ,beta5,eta13,none,none,pro,cw,-,cw,1,s,sw,static,noRotation,,static,0,s,s,1
Θ,beta7,zeta15,none,none,pro,cw,+,cw,1,w,ne,static,noRotation,,static,0,w,w,1
Θ,beta7,eta15,none,none,pro,cw,-,cw,1,w,nw,static,noRotation,,static,0,w,w,1
Θ,beta1,zeta9,none,none,pro,cw,+,cw,1,n,se,static,noRotation,,static,0,n,n,1
Θ,beta1,eta9,none,none,pro,cw,-,cw,1,n,ne,static,noRotation,,static,0,n,n,1
Θ,beta7,eta7,none,none,pro,ccw,+,ccw,1,w,sw,static,noRotation,,static,0,w,w,1
Θ,beta7,zeta7,none,none,pro,ccw,-,ccw,1,w,se,static,noRotation,,static,0,w,w,1
Θ,beta1,eta1,none,none,pro,ccw,+,ccw,1,n,nw,static,noRotation,,static,0,n,n,1
Θ,beta1,zeta1,none,none,pro,ccw,-,ccw,1,n,sw,static,noRotation,,static,0,n,n,1
Θ,beta5,eta5,none,none,pro,ccw,+,ccw,1,s,se,static,noRotation,,static,0,s,s,1
Θ,beta5,zeta5,none,none,pro,ccw,-,ccw,1,s,ne,static,noRotation,,static,0,s,s,1
Θ,beta3,eta3,none,none,pro,ccw,+,ccw,1,e,ne,static,noRotation,,static,0,e,e,1
Θ,beta3,zeta3,none,none,pro,ccw,-,ccw,1,e,nw,static,noRotation,,static,0,e,e,1
Ω,beta3,zeta6,none,none,static,noRotation,,static,0,e,e,anti,ccw,+,cw,1,e,sw,1
Ω,beta3,eta4,none,none,static,noRotation,,static,0,e,e,anti,ccw,-,cw,1,e,se,1
Ω,beta5,zeta8,none,none,static,noRotation,,static,0,s,s,anti,ccw,+,cw,1,s,nw,1
Ω,beta5,eta6,none,none,static,noRotation,,static,0,s,s,anti,ccw,-,cw,1,s,sw,1
Ω,beta7,zeta2,none,none,static,noRotation,,static,0,w,w,anti,ccw,+,cw,1,w,ne,1
Ω,beta7,eta8,none,none,static,noRotation,,static,0,w,w,anti,ccw,-,cw,1,w,nw,1
Ω,beta1,zeta4,none,none,static,noRotation,,static,0,n,n,anti,ccw,+,cw,1,n,se,1
Ω,beta1,eta2,none,none,static,noRotation,,static,0,n,n,anti,ccw,-,cw,1,n,ne,1
Ω,beta7,eta14,none,none,static,noRotation,,static,0,w,w,anti,cw,+,ccw,1,w,sw,1
Ω,beta7,zeta12,none,none,static,noRotation,,static,0,w,w,anti,cw,-,ccw,1,w,se,1
Ω,beta1,eta16,none,none,static,noRotation,,static,0,n,n,anti,cw,+,ccw,1,n,nw,1
Ω,beta1,zeta14,none,none,static,noRotation,,static,0,n,n,anti,cw,-,ccw,1,n,sw,1
Ω,beta5,eta12,none,none,static,noRotation,,static,0,s,s,anti,cw,+,ccw,1,s,se,1
Ω,beta5,zeta10,none,none,static,noRotation,,static,0,s,s,anti,cw,-,ccw,1,s,ne,1
Ω,beta3,eta10,none,none,static,noRotation,,static,0,e,e,anti,cw,+,ccw,1,e,ne,1
Ω,beta3,zeta16,none,none,static,noRotation,,static,0,e,e,anti,cw,-,ccw,1,e,nw,1
Ω,beta3,zeta11,none,none,anti,ccw,+,cw,1,e,sw,static,noRotation,,static,0,e,e,1
Ω,beta3,eta11,none,none,anti,ccw,-,cw,1,e,se,static,noRotation,,static,0,e,e,1
Ω,beta5,zeta13,none,none,anti,ccw,+,cw,1,s,nw,static,noRotation,,static,0,s,s,1
Ω,beta5,eta13,none,none,anti,ccw,-,cw,1,s,sw,static,noRotation,,static,0,s,s,1
Ω,beta7,zeta15,none,none,anti,ccw,+,cw,1,w,ne,static,noRotation,,static,0,w,w,1
Ω,beta7,eta15,none,none,anti,ccw,-,cw,1,w,nw,static,noRotation,,static,0,w,w,1
Ω,beta1,zeta9,none,none,anti,ccw,+,cw,1,n,se,static,noRotation,,static,0,n,n,1
Ω,beta1,eta9,none,none,anti,ccw,-,cw,1,n,ne,static,noRotation,,static,0,n,n,1
Ω,beta7,eta7,none,none,anti,cw,+,ccw,1,w,sw,static,noRotation,,static,0,w,w,1
Ω,beta7,zeta7,none,none,anti,cw,-,ccw,1,w,se,static,noRotation,,static,0,w,w,1
Ω,beta1,eta1,none,none,anti,cw,+,ccw,1,n,nw,static,noRotation,,static,0,n,n,1
Ω,beta1,zeta1,none,none,anti,cw,-,ccw,1,n,sw,static,noRotation,,static,0,n,n,1
Ω,beta5,eta5,none,none,anti,cw,+,ccw,1,s,se,static,noRotation,,static,0,s,s,1
Ω,beta5,zeta5,none,none,anti,cw,-,ccw,1,s,ne,static,noRotation,,static,0,s,s,1
Ω,beta3,eta3,none,none,anti,cw,+,ccw,1,e,ne,static,noRotation,,static,0,e,e,1
Ω,beta3,zeta3,none,none,anti,cw,-,ccw,1,e,nw,static,noRotation,,static,0,e,e,1
W-,gamma11,zeta14,none,none,dash,noRotation,,dash,0,s,n,pro,cw,+,cw,1,e,sw,1
W-,gamma11,zeta4,none,none,dash,noRotation,,dash,0,s,n,pro,cw,-,cw,1,e,se,1
W-,gamma13,zeta16,none,none,dash,noRotation,,dash,0,w,e,pro,cw,+,cw,1,s,nw,1
W-,gamma13,zeta6,none,none,dash,noRotation,,dash,0,w,e,pro,cw,-,cw,1,s,sw,1
W-,gamma15,zeta10,none,none,dash,noRotation,,dash,0,n,s,pro,cw,+,cw,1,w,ne,1
W-,gamma15,zeta8,none,none,dash,noRotation,,dash,0,n,s,pro,cw,-,cw,1,w,nw,1
W-,gamma9,zeta12,none,none,dash,noRotation,,dash,0,e,w,pro,cw,+,cw,1,n,se,1
W-,gamma9,zeta2,none,none,dash,noRotation,,dash,0,e,w,pro,cw,-,cw,1,n,ne,1
W-,gamma7,zeta14,none,none,dash,noRotation,,dash,0,s,n,pro,ccw,+,ccw,1,w,sw,1
W-,gamma7,zeta4,none,none,dash,noRotation,,dash,0,s,n,pro,ccw,-,ccw,1,w,se,1
W-,gamma1,zeta16,none,none,dash,noRotation,,dash,0,w,e,pro,ccw,+,ccw,1,n,nw,1
W-,gamma1,zeta6,none,none,dash,noRotation,,dash,0,w,e,pro,ccw,-,ccw,1,n,sw,1
W-,gamma5,zeta12,none,none,dash,noRotation,,dash,0,e,w,pro,ccw,+,ccw,1,s,se,1
W-,gamma5,zeta2,none,none,dash,noRotation,,dash,0,e,w,pro,ccw,-,ccw,1,s,ne,1
W-,gamma3,zeta10,none,none,dash,noRotation,,dash,0,n,s,pro,ccw,+,ccw,1,e,ne,1
W-,gamma3,zeta8,none,none,dash,noRotation,,dash,0,n,s,pro,ccw,-,ccw,1,e,nw,1
W-,gamma5,zeta1,none,none,pro,cw,+,cw,1,e,sw,dash,noRotation,,dash,0,s,n,1
W-,gamma5,zeta9,none,none,pro,cw,-,cw,1,e,se,dash,noRotation,,dash,0,s,n,1
W-,gamma7,zeta3,none,none,pro,cw,+,cw,1,s,nw,dash,noRotation,,dash,0,w,e,1
W-,gamma7,zeta11,none,none,pro,cw,-,cw,1,s,sw,dash,noRotation,,dash,0,w,e,1
W-,gamma1,zeta5,none,none,pro,cw,+,cw,1,w,ne,dash,noRotation,,dash,0,n,s,1
W-,gamma1,zeta13,none,none,pro,cw,-,cw,1,w,nw,dash,noRotation,,dash,0,n,s,1
W-,gamma3,zeta7,none,none,pro,cw,+,cw,1,n,se,dash,noRotation,,dash,0,e,w,1
W-,gamma3,zeta15,none,none,pro,cw,-,cw,1,n,ne,dash,noRotation,,dash,0,e,w,1
W-,gamma13,zeta1,none,none,pro,ccw,+,ccw,1,w,sw,dash,noRotation,,dash,0,s,n,1
W-,gamma13,zeta9,none,none,pro,ccw,-,ccw,1,w,se,dash,noRotation,,dash,0,s,n,1
W-,gamma15,zeta3,none,none,pro,ccw,+,ccw,1,n,nw,dash,noRotation,,dash,0,w,e,1
W-,gamma15,zeta11,none,none,pro,ccw,-,ccw,1,n,sw,dash,noRotation,,dash,0,w,e,1
W-,gamma11,zeta7,none,none,pro,ccw,+,ccw,1,s,se,dash,noRotation,,dash,0,e,w,1
W-,gamma11,zeta15,none,none,pro,ccw,-,ccw,1,s,ne,dash,noRotation,,dash,0,e,w,1
W-,gamma9,zeta5,none,none,pro,ccw,+,ccw,1,e,ne,dash,noRotation,,dash,0,n,s,1
W-,gamma9,zeta13,none,none,pro,ccw,-,ccw,1,e,nw,dash,noRotation,,dash,0,n,s,1
X-,gamma11,zeta14,none,none,dash,noRotation,,dash,0,s,n,anti,ccw,+,cw,1,e,sw,1
X-,gamma11,zeta4,none,none,dash,noRotation,,dash,0,s,n,anti,ccw,-,cw,1,e,se,1
X-,gamma13,zeta16,none,none,dash,noRotation,,dash,0,w,e,anti,ccw,+,cw,1,s,nw,1
X-,gamma13,zeta6,none,none,dash,noRotation,,dash,0,w,e,anti,ccw,-,cw,1,s,sw,1
X-,gamma15,zeta10,none,none,dash,noRotation,,dash,0,n,s,anti,ccw,+,cw,1,w,ne,1
X-,gamma15,zeta8,none,none,dash,noRotation,,dash,0,n,s,anti,ccw,-,cw,1,w,nw,1
X-,gamma9,zeta12,none,none,dash,noRotation,,dash,0,e,w,anti,ccw,+,cw,1,n,se,1
X-,gamma9,zeta2,none,none,dash,noRotation,,dash,0,e,w,anti,ccw,-,cw,1,n,ne,1
X-,gamma7,zeta14,none,none,dash,noRotation,,dash,0,s,n,anti,cw,+,ccw,1,w,sw,1
X-,gamma7,zeta4,none,none,dash,noRotation,,dash,0,s,n,anti,cw,-,ccw,1,w,se,1
X-,gamma1,zeta16,none,none,dash,noRotation,,dash,0,w,e,anti,cw,+,ccw,1,n,nw,1
X-,gamma1,zeta6,none,none,dash,noRotation,,dash,0,w,e,anti,cw,-,ccw,1,n,sw,1
X-,gamma5,zeta12,none,none,dash,noRotation,,dash,0,e,w,anti,cw,+,ccw,1,s,se,1
X-,gamma5,zeta2,none,none,dash,noRotation,,dash,0,e,w,anti,cw,-,ccw,1,s,ne,1
X-,gamma3,zeta10,none,none,dash,noRotation,,dash,0,n,s,anti,cw,+,ccw,1,e,ne,1
X-,gamma3,zeta8,none,none,dash,noRotation,,dash,0,n,s,anti,cw,-,ccw,1,e,nw,1
X-,gamma5,zeta1,none,none,anti,ccw,+,cw,1,e,sw,dash,noRotation,,dash,0,s,n,1
X-,gamma5,zeta9,none,none,anti,ccw,-,cw,1,e,se,dash,noRotation,,dash,0,s,n,1
X-,gamma7,zeta3,none,none,anti,ccw,+,cw,1,s,nw,dash,noRotation,,dash,0,w,e,1
X-,gamma7,zeta11,none,none,anti,ccw,-,cw,1,s,sw,dash,noRotation,,dash,0,w,e,1
X-,gamma1,zeta5,none,none,anti,ccw,+,cw,1,w,ne,dash,noRotation,,dash,0,n,s,1
X-,gamma1,zeta13,none,none,anti,ccw,-,cw,1,w,nw,dash,noRotation,,dash,0,n,s,1
X-,gamma3,zeta7,none,none,anti,ccw,+,cw,1,n,se,dash,noRotation,,dash,0,e,w,1
X-,gamma3,zeta15,none,none,anti,ccw,-,cw,1,n,ne,dash,noRotation,,dash,0,e,w,1
X-,gamma13,zeta1,none,none,anti,cw,+,ccw,1,w,sw,dash,noRotation,,dash,0,s,n,1
X-,gamma13,zeta9,none,none,anti,cw,-,ccw,1,w,se,dash,noRotation,,dash,0,s,n,1
X-,gamma15,zeta3,none,none,anti,cw,+,ccw,1,n,nw,dash,noRotation,,dash,0,w,e,1
X-,gamma15,zeta11,none,none,anti,cw,-,ccw,1,n,sw,dash,noRotation,,dash,0,w,e,1
X-,gamma11,zeta7,none,none,anti,cw,+,ccw,1,s,se,dash,noRotation,,dash,0,e,w,1
X-,gamma11,zeta15,none,none,anti,cw,-,ccw,1,s,ne,dash,noRotation,,dash,0,e,w,1
X-,gamma9,zeta5,none,none,anti,cw,+,ccw,1,e,ne,dash,noRotation,,dash,0,n,s,1
X-,gamma9,zeta13,none,none,anti,cw,-,ccw,1,e,nw,dash,noRotation,,dash,0,n,s,1
Y-,gamma3,eta6,none,none,dash,noRotation,,dash,0,n,s,pro,cw,+,cw,1,e,sw,1
Y-,gamma3,eta12,none,none,dash,noRotation,,dash,0,n,s,pro,cw,-,cw,1,e,se,1
Y-,gamma5,eta8,none,none,dash,noRotation,,dash,0,e,w,pro,cw,+,cw,1,s,nw,1
Y-,gamma5,eta14,none,none,dash,noRotation,,dash,0,e,w,pro,cw,-,cw,1,s,sw,1
Y-,gamma7,eta2,none,none,dash,noRotation,,dash,0,s,n,pro,cw,+,cw,1,w,ne,1
Y-,gamma7,eta16,none,none,dash,noRotation,,dash,0,s,n,pro,cw,-,cw,1,w,nw,1
Y-,gamma1,eta4,none,none,dash,noRotation,,dash,0,w,e,pro,cw,+,cw,1,n,se,1
Y-,gamma1,eta10,none,none,dash,noRotation,,dash,0,w,e,pro,cw,-,cw,1,n,ne,1
Y-,gamma15,eta6,none,none,dash,noRotation,,dash,0,n,s,pro,ccw,+,ccw,1,w,sw,1
Y-,gamma15,eta12,none,none,dash,noRotation,,dash,0,n,s,pro,ccw,-,ccw,1,w,se,1
Y-,gamma9,eta8,none,none,dash,noRotation,,dash,0,e,w,pro,ccw,+,ccw,1,n,nw,1
Y-,gamma9,eta14,none,none,dash,noRotation,,dash,0,e,w,pro,ccw,-,ccw,1,n,sw,1
Y-,gamma13,eta4,none,none,dash,noRotation,,dash,0,w,e,pro,ccw,+,ccw,1,s,se,1
Y-,gamma13,eta10,none,none,dash,noRotation,,dash,0,w,e,pro,ccw,-,ccw,1,s,ne,1
Y-,gamma11,eta2,none,none,dash,noRotation,,dash,0,s,n,pro,ccw,+,ccw,1,e,ne,1
Y-,gamma11,eta16,none,none,dash,noRotation,,dash,0,s,n,pro,ccw,-,ccw,1,e,nw,1
Y-,gamma9,eta13,none,none,pro,cw,+,cw,1,e,sw,dash,noRotation,,dash,0,n,s,1
Y-,gamma9,eta5,none,none,pro,cw,-,cw,1,e,se,dash,noRotation,,dash,0,n,s,1
Y-,gamma11,eta15,none,none,pro,cw,+,cw,1,s,nw,dash,noRotation,,dash,0,e,w,1
Y-,gamma11,eta7,none,none,pro,cw,-,cw,1,s,sw,dash,noRotation,,dash,0,e,w,1
Y-,gamma13,eta9,none,none,pro,cw,+,cw,1,w,ne,dash,noRotation,,dash,0,s,n,1
Y-,gamma13,eta1,none,none,pro,cw,-,cw,1,w,nw,dash,noRotation,,dash,0,s,n,1
Y-,gamma15,eta11,none,none,pro,cw,+,cw,1,n,se,dash,noRotation,,dash,0,w,e,1
Y-,gamma15,eta3,none,none,pro,cw,-,cw,1,n,ne,dash,noRotation,,dash,0,w,e,1
Y-,gamma1,eta13,none,none,pro,ccw,+,ccw,1,w,sw,dash,noRotation,,dash,0,n,s,1
Y-,gamma1,eta5,none,none,pro,ccw,-,ccw,1,w,se,dash,noRotation,,dash,0,n,s,1
Y-,gamma3,eta15,none,none,pro,ccw,+,ccw,1,n,nw,dash,noRotation,,dash,0,e,w,1
Y-,gamma3,eta7,none,none,pro,ccw,-,ccw,1,n,sw,dash,noRotation,,dash,0,e,w,1
Y-,gamma7,eta11,none,none,pro,ccw,+,ccw,1,s,se,dash,noRotation,,dash,0,w,e,1
Y-,gamma7,eta3,none,none,pro,ccw,-,ccw,1,s,ne,dash,noRotation,,dash,0,w,e,1
Y-,gamma5,eta9,none,none,pro,ccw,+,ccw,1,e,ne,dash,noRotation,,dash,0,s,n,1
Y-,gamma5,eta1,none,none,pro,ccw,-,ccw,1,e,nw,dash,noRotation,,dash,0,s,n,1
Z-,gamma3,eta6,none,none,dash,noRotation,,dash,0,n,s,anti,ccw,+,cw,1,e,sw,1
Z-,gamma3,eta12,none,none,dash,noRotation,,dash,0,n,s,anti,ccw,-,cw,1,e,se,1
Z-,gamma5,eta8,none,none,dash,noRotation,,dash,0,e,w,anti,ccw,+,cw,1,s,nw,1
Z-,gamma5,eta14,none,none,dash,noRotation,,dash,0,e,w,anti,ccw,-,cw,1,s,sw,1
Z-,gamma7,eta2,none,none,dash,noRotation,,dash,0,s,n,anti,ccw,+,cw,1,w,ne,1
Z-,gamma7,eta16,none,none,dash,noRotation,,dash,0,s,n,anti,ccw,-,cw,1,w,nw,1
Z-,gamma1,eta4,none,none,dash,noRotation,,dash,0,w,e,anti,ccw,+,cw,1,n,se,1
Z-,gamma1,eta10,none,none,dash,noRotation,,dash,0,w,e,anti,ccw,-,cw,1,n,ne,1
Z-,gamma15,eta6,none,none,dash,noRotation,,dash,0,n,s,anti,cw,+,ccw,1,w,sw,1
Z-,gamma15,eta12,none,none,dash,noRotation,,dash,0,n,s,anti,cw,-,ccw,1,w,se,1
Z-,gamma9,eta8,none,none,dash,noRotation,,dash,0,e,w,anti,cw,+,ccw,1,n,nw,1
Z-,gamma9,eta14,none,none,dash,noRotation,,dash,0,e,w,anti,cw,-,ccw,1,n,sw,1
Z-,gamma13,eta4,none,none,dash,noRotation,,dash,0,w,e,anti,cw,+,ccw,1,s,se,1
Z-,gamma13,eta10,none,none,dash,noRotation,,dash,0,w,e,anti,cw,-,ccw,1,s,ne,1
Z-,gamma11,eta2,none,none,dash,noRotation,,dash,0,s,n,anti,cw,+,ccw,1,e,ne,1
Z-,gamma11,eta16,none,none,dash,noRotation,,dash,0,s,n,anti,cw,-,ccw,1,e,nw,1
Z-,gamma9,eta13,none,none,anti,ccw,+,cw,1,e,sw,dash,noRotation,,dash,0,n,s,1
Z-,gamma9,eta5,none,none,anti,ccw,-,cw,1,e,se,dash,noRotation,,dash,0,n,s,1
Z-,gamma11,eta15,none,none,anti,ccw,+,cw,1,s,nw,dash,noRotation,,dash,0,e,w,1
Z-,gamma11,eta7,none,none,anti,ccw,-,cw,1,s,sw,dash,noRotation,,dash,0,e,w,1
Z-,gamma13,eta9,none,none,anti,ccw,+,cw,1,w,ne,dash,noRotation,,dash,0,s,n,1
Z-,gamma13,eta1,none,none,anti,ccw,-,cw,1,w,nw,dash,noRotation,,dash,0,s,n,1
Z-,gamma15,eta11,none,none,anti,ccw,+,cw,1,n,se,dash,noRotation,,dash,0,w,e,1
Z-,gamma15,eta3,none,none,anti,ccw,-,cw,1,n,ne,dash,noRotation,,dash,0,w,e,1
Z-,gamma1,eta13,none,none,anti,cw,+,ccw,1,w,sw,dash,noRotation,,dash,0,n,s,1
Z-,gamma1,eta5,none,none,anti,cw,-,ccw,1,w,se,dash,noRotation,,dash,0,n,s,1
Z-,gamma3,eta15,none,none,anti,cw,+,ccw,1,n,nw,dash,noRotation,,dash,0,e,w,1
Z-,gamma3,eta7,none,none,anti,cw,-,ccw,1,n,sw,dash,noRotation,,dash,0,e,w,1
Z-,gamma7,eta11,none,none,anti,cw,+,ccw,1,s,se,dash,noRotation,,dash,0,w,e,1
Z-,gamma7,eta3,none,none,anti,cw,-,ccw,1,s,ne,dash,noRotation,,dash,0,w,e,1
Z-,gamma5,eta9,none,none,anti,cw,+,ccw,1,e,ne,dash,noRotation,,dash,0,s,n,1
Z-,gamma5,eta1,none,none,anti,cw,-,ccw,1,e,nw,dash,noRotation,,dash,0,s,n,1
Σ-,beta3,eta14,none,none,dash,noRotation,,dash,0,e,w,pro,cw,+,cw,1,e,sw,1
Σ-,beta3,zeta12,none,none,dash,noRotation,,dash,0,e,w,pro,cw,-,cw,1,e,se,1
Σ-,beta5,eta16,none,none,dash,noRotation,,dash,0,s,n,pro,cw,+,cw,1,s,nw,1
Σ-,beta5,zeta14,none,none,dash,noRotation,,dash,0,s,n,pro,cw,-,cw,1,s,sw,1
Σ-,beta7,eta10,none,none,dash,noRotation,,dash,0,w,e,pro,cw,+,cw,1,w,ne,1
Σ-,beta7,zeta16,none,none,dash,noRotation,,dash,0,w,e,pro,cw,-,cw,1,w,nw,1
Σ-,beta1,eta12,none,none,dash,noRotation,,dash,0,n,s,pro,cw,+,cw,1,n,se,1
Σ-,beta1,zeta10,none,none,dash,noRotation,,dash,0,n,s,pro,cw,-,cw,1,n,ne,1
Σ-,beta7,zeta6,none,none,dash,noRotation,,dash,0,w,e,pro,ccw,+,ccw,1,w,sw,1
Σ-,beta7,eta4,none,none,dash,noRotation,,dash,0,w,e,pro,ccw,-,ccw,1,w,se,1
Σ-,beta1,zeta8,none,none,dash,noRotation,,dash,0,n,s,pro,ccw,+,ccw,1,n,nw,1
Σ-,beta1,eta6,none,none,dash,noRotation,,dash,0,n,s,pro,ccw,-,ccw,1,n,sw,1
Σ-,beta5,zeta4,none,none,dash,noRotation,,dash,0,s,n,pro,ccw,+,ccw,1,s,se,1
Σ-,beta5,eta2,none,none,dash,noRotation,,dash,0,s,n,pro,ccw,-,ccw,1,s,ne,1
Σ-,beta3,zeta2,none,none,dash,noRotation,,dash,0,e,w,pro,ccw,+,ccw,1,e,ne,1
Σ-,beta3,eta8,none,none,dash,noRotation,,dash,0,e,w,pro,ccw,-,ccw,1,e,nw,1
Σ-,beta3,eta7,none,none,pro,cw,+,cw,1,e,sw,dash,noRotation,,dash,0,e,w,1
Σ-,beta3,zeta7,none,none,pro,cw,-,cw,1,e,se,dash,noRotation,,dash,0,e,w,1
Σ-,beta5,eta1,none,none,pro,cw,+,cw,1,s,nw,dash,noRotation,,dash,0,s,n,1
Σ-,beta5,zeta1,none,none,pro,cw,-,cw,1,s,sw,dash,noRotation,,dash,0,s,n,1
Σ-,beta7,eta3,none,none,pro,cw,+,cw,1,w,ne,dash,noRotation,,dash,0,w,e,1
Σ-,beta7,zeta3,none,none,pro,cw,-,cw,1,w,nw,dash,noRotation,,dash,0,w,e,1
Σ-,beta1,eta5,none,none,pro,cw,+,cw,1,n,se,dash,noRotation,,dash,0,n,s,1
Σ-,beta1,zeta5,none,none,pro,cw,-,cw,1,n,ne,dash,noRotation,,dash,0,n,s,1
Σ-,beta7,zeta11,none,none,pro,ccw,+,ccw,1,w,sw,dash,noRotation,,dash,0,w,e,1
Σ-,beta7,eta11,none,none,pro,ccw,-,ccw,1,w,se,dash,noRotation,,dash,0,w,e,1
Σ-,beta1,zeta13,none,none,pro,ccw,+,ccw,1,n,nw,dash,noRotation,,dash,0,n,s,1
Σ-,beta1,eta13,none,none,pro,ccw,-,ccw,1,n,sw,dash,noRotation,,dash,0,n,s,1
Σ-,beta5,zeta9,none,none,pro,ccw,+,ccw,1,s,se,dash,noRotation,,dash,0,s,n,1
Σ-,beta5,eta9,none,none,pro,ccw,-,ccw,1,s,ne,dash,noRotation,,dash,0,s,n,1
Σ-,beta3,zeta15,none,none,pro,ccw,+,ccw,1,e,ne,dash,noRotation,,dash,0,e,w,1
Σ-,beta3,eta15,none,none,pro,ccw,-,ccw,1,e,nw,dash,noRotation,,dash,0,e,w,1
Δ-,beta3,eta14,none,none,dash,noRotation,,dash,0,e,w,anti,ccw,+,cw,1,e,sw,1
Δ-,beta3,zeta12,none,none,dash,noRotation,,dash,0,e,w,anti,ccw,-,cw,1,e,se,1
Δ-,beta5,eta16,none,none,dash,noRotation,,dash,0,s,n,anti,ccw,+,cw,1,s,nw,1
Δ-,beta5,zeta14,none,none,dash,noRotation,,dash,0,s,n,anti,ccw,-,cw,1,s,sw,1
Δ-,beta7,eta10,none,none,dash,noRotation,,dash,0,w,e,anti,ccw,+,cw,1,w,ne,1
Δ-,beta7,zeta16,none,none,dash,noRotation,,dash,0,w,e,anti,ccw,-,cw,1,w,nw,1
Δ-,beta1,eta12,none,none,dash,noRotation,,dash,0,n,s,anti,ccw,+,cw,1,n,se,1
Δ-,beta1,zeta10,none,none,dash,noRotation,,dash,0,n,s,anti,ccw,-,cw,1,n,ne,1
Δ-,beta7,zeta6,none,none,dash,noRotation,,dash,0,w,e,anti,cw,+,ccw,1,w,sw,1
Δ-,beta7,eta4,none,none,dash,noRotation,,dash,0,w,e,anti,cw,-,ccw,1,w,se,1
Δ-,beta1,zeta8,none,none,dash,noRotation,,dash,0,n,s,anti,cw,+,ccw,1,n,nw,1
Δ-,beta1,eta6,none,none,dash,noRotation,,dash,0,n,s,anti,cw,-,ccw,1,n,sw,1
Δ-,beta5,zeta4,none,none,dash,noRotation,,dash,0,s,n,anti,cw,+,ccw,1,s,se,1
Δ-,beta5,eta2,none,none,dash,noRotation,,dash,0,s,n,anti,cw,-,ccw,1,s,ne,1
Δ-,beta3,zeta2,none,none,dash,noRotation,,dash,0,e,w,anti,cw,+,ccw,1,e,ne,1
Δ-,beta3,eta8,none,none,dash,noRotation,,dash,0,e,w,anti,cw,-,ccw,1,e,nw,1
Δ-,beta3,eta7,none,none,anti,ccw,+,cw,1,e,sw,dash,noRotation,,dash,0,e,w,1
Δ-,beta3,zeta7,none,none,anti,ccw,-,cw,1,e,se,dash,noRotation,,dash,0,e,w,1
Δ-,beta5,eta1,none,none,anti,ccw,+,cw,1,s,nw,dash,noRotation,,dash,0,s,n,1
Δ-,beta5,zeta1,none,none,anti,ccw,-,cw,1,s,sw,dash,noRotation,,dash,0,s,n,1
Δ-,beta7,eta3,none,none,anti,ccw,+,cw,1,w,ne,dash,noRotation,,dash,0,w,e,1
Δ-,beta7,zeta3,none,none,anti,ccw,-,cw,1,w,nw,dash,noRotation,,dash,0,w,e,1
Δ-,beta1,eta5,none,none,anti,ccw,+,cw,1,n,se,dash,noRotation,,dash,0,n,s,1
Δ-,beta1,zeta5,none,none,anti,ccw,-,cw,1,n,ne,dash,noRotation,,dash,0,n,s,1
Δ-,beta7,zeta11,none,none,anti,cw,+,ccw,1,w,sw,dash,noRotation,,dash,0,w,e,1
Δ-,beta7,eta11,none,none,anti,cw,-,ccw,1,w,se,dash,noRotation,,dash,0,w,e,1
Δ-,beta1,zeta13,none,none,anti,cw,+,ccw,1,n,nw,dash,noRotation,,dash,0,n,s,1
Δ-,beta1,eta13,none,none,anti,cw,-,ccw,1,n,sw,dash,noRotation,,dash,0,n,s,1
Δ-,beta5,zeta9,none,none,anti,cw,+,ccw,1,s,se,dash,noRotation,,dash,0,s,n,1
Δ-,beta5,eta9,none,none,anti,cw,-,ccw,1,s,ne,dash,noRotation,,dash,0,s,n,1
Δ-,beta3,zeta15,none,none,anti,cw,+,ccw,1,e,ne,dash,noRotation,,dash,0,e,w,1
Δ-,beta3,eta15,none,none,anti,cw,-,ccw,1,e,nw,dash,noRotation,,dash,0,e,w,1
Θ-,alpha3,zeta6,none,none,dash,noRotation,,dash,0,w,e,pro,cw,+,cw,1,e,sw,1
Θ-,alpha3,eta4,none,none,dash,noRotation,,dash,0,w,e,pro,cw,-,cw,1,e,se,1
Θ-,alpha5,zeta8,none,none,dash,noRotation,,dash,0,n,s,pro,cw,+,cw,1,s,nw,1
Θ-,alpha5,eta6,none,none,dash,noRotation,,dash,0,n,s,pro,cw,-,cw,1,s,sw,1
Θ-,alpha7,zeta2,none,none,dash,noRotation,,dash,0,e,w,pro,cw,+,cw,1,w,ne,1
Θ-,alpha7,eta8,none,none,dash,noRotation,,dash,0,e,w,pro,cw,-,cw,1,w,nw,1
Θ-,alpha1,zeta4,none,none,dash,noRotation,,dash,0,s,n,pro,cw,+,cw,1,n,se,1
Θ-,alpha1,eta2,none,none,dash,noRotation,,dash,0,s,n,pro,cw,-,cw,1,n,ne,1
Θ-,alpha7,eta14,none,none,dash,noRotation,,dash,0,e,w,pro,ccw,+,ccw,1,w,sw,1
Θ-,alpha7,zeta12,none,none,dash,noRotation,,dash,0,e,w,pro,ccw,-,ccw,1,w,se,1
Θ-,alpha1,eta16,none,none,dash,noRotation,,dash,0,s,n,pro,ccw,+,ccw,1,n,nw,1
Θ-,alpha1,zeta14,none,none,dash,noRotation,,dash,0,s,n,pro,ccw,-,ccw,1,n,sw,1
Θ-,alpha5,eta12,none,none,dash,noRotation,,dash,0,n,s,pro,ccw,+,ccw,1,s,se,1
Θ-,alpha5,zeta10,none,none,dash,noRotation,,dash,0,n,s,pro,ccw,-,ccw,1,s,ne,1
Θ-,alpha3,eta10,none,none,dash,noRotation,,dash,0,w,e,pro,ccw,+,ccw,1,e,ne,1
Θ-,alpha3,zeta16,none,none,dash,noRotation,,dash,0,w,e,pro,ccw,-,ccw,1,e,nw,1
Θ-,alpha7,zeta11,none,none,pro,cw,+,cw,1,e,sw,dash,noRotation,,dash,0,w,e,1
Θ-,alpha7,eta11,none,none,pro,cw,-,cw,1,e,se,dash,noRotation,,dash,0,w,e,1
Θ-,alpha1,zeta13,none,none,pro,cw,+,cw,1,s,nw,dash,noRotation,,dash,0,n,s,1
Θ-,alpha1,eta13,none,none,pro,cw,-,cw,1,s,sw,dash,noRotation,,dash,0,n,s,1
Θ-,alpha3,zeta15,none,none,pro,cw,+,cw,1,w,ne,dash,noRotation,,dash,0,e,w,1
Θ-,alpha3,eta15,none,none,pro,cw,-,cw,1,w,nw,dash,noRotation,,dash,0,e,w,1
Θ-,alpha5,zeta9,none,none,pro,cw,+,cw,1,n,se,dash,noRotation,,dash,0,s,n,1
Θ-,alpha5,eta9,none,none,pro,cw,-,cw,1,n,ne,dash,noRotation,,dash,0,s,n,1
Θ-,alpha3,eta7,none,none,pro,ccw,+,ccw,1,w,sw,dash,noRotation,,dash,0,e,w,1
Θ-,alpha3,zeta7,none,none,pro,ccw,-,ccw,1,w,se,dash,noRotation,,dash,0,e,w,1
Θ-,alpha5,eta1,none,none,pro,ccw,+,ccw,1,n,nw,dash,noRotation,,dash,0,s,n,1
Θ-,alpha5,zeta1,none,none,pro,ccw,-,ccw,1,n,sw,dash,noRotation,,dash,0,s,n,1
Θ-,alpha1,eta5,none,none,pro,ccw,+,ccw,1,s,se,dash,noRotation,,dash,0,n,s,1
Θ-,alpha1,zeta5,none,none,pro,ccw,-,ccw,1,s,ne,dash,noRotation,,dash,0,n,s,1
Θ-,alpha7,eta3,none,none,pro,ccw,+,ccw,1,e,ne,dash,noRotation,,dash,0,w,e,1
Θ-,alpha7,zeta3,none,none,pro,ccw,-,ccw,1,e,nw,dash,noRotation,,dash,0,w,e,1
Ω-,alpha3,zeta6,none,none,dash,noRotation,,dash,0,w,e,anti,ccw,+,cw,1,e,sw,1
Ω-,alpha3,eta4,none,none,dash,noRotation,,dash,0,w,e,anti,ccw,-,cw,1,e,se,1
Ω-,alpha5,zeta8,none,none,dash,noRotation,,dash,0,n,s,anti,ccw,+,cw,1,s,nw,1
Ω-,alpha5,eta6,none,none,dash,noRotation,,dash,0,n,s,anti,ccw,-,cw,1,s,sw,1
Ω-,alpha7,zeta2,none,none,dash,noRotation,,dash,0,e,w,anti,ccw,+,cw,1,w,ne,1
Ω-,alpha7,eta8,none,none,dash,noRotation,,dash,0,e,w,anti,ccw,-,cw,1,w,nw,1
Ω-,alpha1,zeta4,none,none,dash,noRotation,,dash,0,s,n,anti,ccw,+,cw,1,n,se,1
Ω-,alpha1,eta2,none,none,dash,noRotation,,dash,0,s,n,anti,ccw,-,cw,1,n,ne,1
Ω-,alpha7,eta14,none,none,dash,noRotation,,dash,0,e,w,anti,cw,+,ccw,1,w,sw,1
Ω-,alpha7,zeta12,none,none,dash,noRotation,,dash,0,e,w,anti,cw,-,ccw,1,w,se,1
Ω-,alpha1,eta16,none,none,dash,noRotation,,dash,0,s,n,anti,cw,+,ccw,1,n,nw,1
Ω-,alpha1,zeta14,none,none,dash,noRotation,,dash,0,s,n,anti,cw,-,ccw,1,n,sw,1
Ω-,alpha5,eta12,none,none,dash,noRotation,,dash,0,n,s,anti,cw,+,ccw,1,s,se,1
Ω-,alpha5,zeta10,none,none,dash,noRotation,,dash,0,n,s,anti,cw,-,ccw,1,s,ne,1
Ω-,alpha3,eta10,none,none,dash,noRotation,,dash,0,w,e,anti,cw,+,ccw,1,e,ne,1
Ω-,alpha3,zeta16,none,none,dash,noRotation,,dash,0,w,e,anti,cw,-,ccw,1,e,nw,1
Ω-,alpha7,zeta11,none,none,anti,ccw,+,cw,1,e,sw,dash,noRotation,,dash,0,w,e,1
Ω-,alpha7,eta11,none,none,anti,ccw,-,cw,1,e,se,dash,noRotation,,dash,0,w,e,1
Ω-,alpha1,zeta13,none,none,anti,ccw,+,cw,1,s,nw,dash,noRotation,,dash,0,n,s,1
Ω-,alpha1,eta13,none,none,anti,ccw,-,cw,1,s,sw,dash,noRotation,,dash,0,n,s,1
Ω-,alpha3,zeta15,none,none,anti,ccw,+,cw,1,w,ne,dash,noRotation,,dash,0,e,w,1
Ω-,alpha3,eta15,none,none,anti,ccw,-,cw,1,w,nw,dash,noRotation,,dash,0,e,w,1
Ω-,alpha5,zeta9,none,none,anti,ccw,+,cw,1,n,se,dash,noRotation,,dash,0,s,n,1
Ω-,alpha5,eta9,none,none,anti,ccw,-,cw,1,n,ne,dash,noRotation,,dash,0,s,n,1
Ω-,alpha3,eta7,none,none,anti,cw,+,ccw,1,w,sw,dash,noRotation,,dash,0,e,w,1
Ω-,alpha3,zeta7,none,none,anti,cw,-,ccw,1,w,se,dash,noRotation,,dash,0,e,w,1
Ω-,alpha5,eta1,none,none,anti,cw,+,ccw,1,n,nw,dash,noRotation,,dash,0,s,n,1
Ω-,alpha5,zeta1,none,none,anti,cw,-,ccw,1,n,sw,dash,noRotation,,dash,0,s,n,1
Ω-,alpha1,eta5,none,none,anti,cw,+,ccw,1,s,se,dash,noRotation,,dash,0,n,s,1
Ω-,alpha1,zeta5,none,none,anti,cw,-,ccw,1,s,ne,dash,noRotation,,dash,0,n,s,1
Ω-,alpha7,eta3,none,none,anti,cw,+,ccw,1,e,ne,dash,noRotation,,dash,0,w,e,1
Ω-,alpha7,zeta3,none,none,anti,cw,-,ccw,1,e,nw,dash,noRotation,,dash,0,w,e,1
A,alpha2,alpha5,split,same,pro,cw,+,cw,1,sw,n,pro,cw,+,cw,1,ne,s,2
A,alpha2,gamma3,split,same,pro,cw,+,cw,1,sw,n,pro,cw,-,cw,1,ne,e,2
A,alpha2,zeta4,split,same,pro,cw,+,cw,1,sw,n,pro,cw,,cw,0,ne,se,1
A,alpha2,gamma13,split,same,pro,cw,-,cw,1,sw,w,pro,cw,+,cw,1,ne,s,2
A,alpha2,alpha3,split,same,pro,cw,-,cw,1,sw,w,pro,cw,-,cw,1,ne,e,2
A,alpha2,zeta12,split,same,pro,cw,-,cw,1,sw,w,pro,cw,,cw,0,ne,se,1
A,alpha2,zeta13,split,same,pro,cw,,cw,0,sw,nw,pro,cw,+,cw,1,ne,s,1
A,alpha2,zeta3,split,same,pro,cw,,cw,0,sw,nw,pro,cw,-,cw,1,ne,e,1
A,alpha4,alpha7,split,same,pro,cw,+,cw,1,nw,e,pro,cw,+,cw,1,se,w,2
A,alpha4,gamma5,split,same,pro,cw,+,cw,1,nw,e,pro,cw,-,cw,1,se,s,2
A,alpha4,zeta6,split,same,pro,cw,+,cw,1,nw,e,pro,cw,,cw,0,se,sw,1
A,alpha4,gamma15,split,same,pro,cw,-,cw,1,nw,n,pro,cw,+,cw,1,se,w,2
A,alpha4,alpha5,split,same,pro,cw,-,cw,1,nw,n,pro,cw,-,cw,1,se,s,2
A,alpha4,zeta14,split,same,pro,cw,-,cw,1,nw,n,pro,cw,,cw,0,se,sw,1
A,alpha4,zeta15,split,same,pro,cw,,cw,0,nw,ne,pro,cw,+,cw,1,se,w,1
A,alpha4,zeta5,split,same,pro,cw,,cw,0,nw,ne,pro,cw,-,cw,1,se,s,1
A,alpha6,alpha1,split,same,pro,cw,+,cw,1,ne,s,pro,cw,+,cw,1,sw,n,2
A,alpha6,gamma7,split,same,pro,cw,+,cw,1,ne,s,pro,cw,-,cw,1,sw,w,2
A,alpha6,zeta8,split,same,pro,cw,+,cw,1,ne,s,pro,cw,,cw,0,sw,nw,1
A,alpha6,gamma9,split,same,pro,cw,-,cw,1,ne,e,pro,cw,+,cw,1,sw,n,2
A,alpha6,alpha7,split,same,pro,cw,-,cw,1,ne,e,pro,cw,-,cw,1,sw,w,2
A,alpha6,zeta16,split,same,pro,cw,-,cw,1,ne,e,pro,cw,,cw,0,sw,nw,1
A,alpha6,zeta9,split,same,pro,cw,,cw,0,ne,se,pro,cw,+,cw,1,sw,n,1
A,alpha6,zeta7,split,same,pro,cw,,cw,0,ne,se,pro,cw,-,cw,1,sw,w,1
A,alpha8,alpha3,split,same,pro,cw,+,cw,1,se,w,pro,cw,+,cw,1,nw,e,2
A,alpha8,gamma1,split,same,pro,cw,+,cw,1,se,w,pro,cw,-,cw,1,nw,n,2
A,alpha8,zeta2,split,same,pro,cw,+,cw,1,se,w,pro,cw,,cw,0,nw,ne,1
A,alpha8,gamma11,split,same,pro,cw,-,cw,1,se,s,pro,cw,+,cw,1,nw,e,2
A,alpha8,alpha1,split,same,pro,cw,-,cw,1,se,s,pro,cw,-,cw,1,nw,n,2
A,alpha8,zeta10,split,same,pro,cw,-,cw,1,se,s,pro,cw,,cw,0,nw,ne,1
A,alpha8,zeta11,split,same,pro,cw,,cw,0,se,sw,pro,cw,+,cw,1,nw,e,1
A,alpha8,zeta1,split,same,pro,cw,,cw,0,se,sw,pro,cw,-,cw,1,nw,n,1
A,alpha2,alpha1,split,same,pro,ccw,+,ccw,1,sw,s,pro,ccw,+,ccw,1,ne,n,2
A,alpha2,gamma7,split,same,pro,ccw,+,ccw,1,sw,s,pro,ccw,-,ccw,1,ne,w,2
A,alpha2,zeta8,split,same,pro,ccw,+,ccw,1,sw,s,pro,ccw,,ccw,0,ne,nw,1
A,alpha2,gamma9,split,same,pro,ccw,-,ccw,1,sw,e,pro,ccw,+,ccw,1,ne,n,2
A,alpha2,alpha7,split,same,pro,ccw,-,ccw,1,sw,e,pro,ccw,-,ccw,1,ne,w,2
A,alpha2,zeta16,split,same,pro,ccw,-,ccw,1,sw,e,pro,ccw,,ccw,0,ne,nw,1
A,alpha2,zeta9,split,same,pro,ccw,,ccw,0,sw,se,pro,ccw,+,ccw,1,ne,n,1
A,alpha2,zeta7,split,same,pro,ccw,,ccw,0,sw,se,pro,ccw,-,ccw,1,ne,w,1
A,alpha8,alpha7,split,same,pro,ccw,+,ccw,1,se,e,pro,ccw,+,ccw,1,nw,w,2
A,alpha8,gamma5,split,same,pro,ccw,+,ccw,1,se,e,pro,ccw,-,ccw,1,nw,s,2
A,alpha8,zeta6,split,same,pro,ccw,+,ccw,1,se,e,pro,ccw,,ccw,0,nw,sw,1
A,alpha8,gamma15,split,same,pro,ccw,-,ccw,1,se,n,pro,ccw,+,ccw,1,nw,w,2
A,alpha8,alpha5,split,same,pro,ccw,-,ccw,1,se,n,pro,ccw,-,ccw,1,nw,s,2
A,alpha8,zeta14,split,same,pro,ccw,-,ccw,1,se,n,pro,ccw,,ccw,0,nw,sw,1
A,alpha8,zeta15,split,same,pro,ccw,,ccw,0,se,ne,pro,ccw,+,ccw,1,nw,w,1
A,alpha8,zeta5,split,same,pro,ccw,,ccw,0,se,ne,pro,ccw,-,ccw,1,nw,s,1
A,alpha6,alpha5,split,same,pro,ccw,+,ccw,1,ne,n,pro,ccw,+,ccw,1,sw,s,2
A,alpha6,gamma3,split,same,pro,ccw,+,ccw,1,ne,n,pro,ccw,-,ccw,1,sw,e,2
A,alpha6,zeta4,split,same,pro,ccw,+,ccw,1,ne,n,pro,ccw,,ccw,0,sw,se,1
A,alpha6,gamma13,split,same,pro,ccw,-,ccw,1,ne,w,pro,ccw,+,ccw,1,sw,s,2
A,alpha6,alpha3,split,same,pro,ccw,-,ccw,1,ne,w,pro,ccw,-,ccw,1,sw,e,2
A,alpha6,zeta12,split,same,pro,ccw,-,ccw,1,ne,w,pro,ccw,,ccw,0,sw,se,1
A,alpha6,zeta13,split,same,pro,ccw,,ccw,0,ne,nw,pro,ccw,+,ccw,1,sw,s,1
A,alpha6,zeta3,split,same,pro,ccw,,ccw,0,ne,nw,pro,ccw,-,ccw,1,sw,e,1
A,alpha4,alpha3,split,same,pro,ccw,+,ccw,1,nw,w,pro,ccw,+,ccw,1,se,e,2
A,alpha4,gamma1,split,same,pro,ccw,+,ccw,1,nw,w,pro,ccw,-,ccw,1,se,n,2
A,alpha4,zeta2,split,same,pro,ccw,+,ccw,1,nw,w,pro,ccw,,ccw,0,se,ne,1
A,alpha4,gamma11,split,same,pro,ccw,-,ccw,1,nw,s,pro,ccw,+,ccw,1,se,e,2
A,alpha4,alpha1,split,same,pro,ccw,-,ccw,1,nw,s,pro,ccw,-,ccw,1,se,n,2
A,alpha4,zeta10,split,same,pro,ccw,-,ccw,1,nw,s,pro,ccw,,ccw,0,se,ne,1
A,alpha4,zeta11,split,same,pro,ccw,,ccw,0,nw,sw,pro,ccw,+,ccw,1,se,e,1
A,alpha4,zeta1,split,same,pro,ccw,,ccw,0,nw,sw,pro,ccw,-,ccw,1,se,n,1
B,alpha2,alpha5,split,same,anti,ccw,+,cw,1,sw,n,anti,ccw,+,cw,1,ne,s,2
B,alpha2,gamma3,split,same,anti,ccw,+,cw,1,sw,n,anti,ccw,-,cw,1,ne,e,2
B,alpha2,zeta4,split,same,anti,ccw,+,cw,1,sw,n,anti,ccw,,cw,0,ne,se,1
B,alpha2,gamma13,split,same,anti,ccw,-,cw,1,sw,w,anti,ccw,+,cw,1,ne,s,2
B,alpha2,alpha3,split,same,anti,ccw,-,cw,1,sw,w,anti,ccw,-,cw,1,ne,e,2
B,alpha2,zeta12,split,same,anti,ccw,-,cw,1,sw,w,anti,ccw,,cw,0,ne,se,1
B,alpha2,zeta13,split,same,anti,ccw,,cw,0,sw,nw,anti,ccw,+,cw,1,ne,s,1
B,alpha2,zeta3,split,same,anti,ccw,,cw,0,sw,nw,anti,ccw,-,cw,1,ne,e,1
B,alpha4,alpha7,split,same,anti,ccw,+,cw,1,nw,e,anti,ccw,+,cw,1,se,w,2
B,alpha4,gamma5,split,same,anti,ccw,+,cw,1,nw,e,anti,ccw,-,cw,1,se,s,2
B,alpha4,zeta6,split,same,anti,ccw,+,cw,1,nw,e,anti,ccw,,cw,0,se,sw,1
B,alpha4,gamma15,split,same,anti,ccw,-,cw,1,nw,n,anti,ccw,+,cw,1,se,w,2
B,alpha4,alpha5,split,same,anti,ccw,-,cw,1,nw,n,anti,ccw,-,cw,1,se,s,2
B,alpha4,zeta14,split,same,anti,ccw,-,cw,1,nw,n,anti,ccw,,cw,0,se,sw,1
B,alpha4,zeta15,split,same,anti,ccw,,cw,0,nw,ne,anti,ccw,+,cw,1,se,w,1
B,alpha4,zeta5,split,same,anti,ccw,,cw,0,nw,ne,anti,ccw,-,cw,1,se,s,1
B,alpha6,alpha1,split,same,anti,ccw,+,cw,1,ne,s,anti,ccw,+,cw,1,sw,n,2
B,alpha6,gamma7,split,same,anti,ccw,+,cw,1,ne,s,anti,ccw,-,cw,1,sw,w,2
B,alpha6,zeta8,split,same,anti,ccw,+,cw,1,ne,s,anti,ccw,,cw,0,sw,nw,1
B,alpha6,gamma9,split,same,anti,ccw,-,cw,1,ne,e,anti,ccw,+,cw,1,sw,n,2
B,alpha6,alpha7,split,same,anti,ccw,-,cw,1,ne,e,anti,ccw,-,cw,1,sw,w,2
B,alpha6,zeta16,split,same,anti,ccw,-,cw,1,ne,e,anti,ccw,,cw,0,sw,nw,1
B,alpha6,zeta9,split,same,anti,ccw,,cw,0,ne,se,anti,ccw,+,cw,1,sw,n,1
B,alpha6,zeta7,split,same,anti,ccw,,cw,0,ne,se,anti,ccw,-,cw,1,sw,w,1
B,alpha8,alpha3,split,same,anti,ccw,+,cw,1,se,w,anti,ccw,+,cw,1,nw,e,2
B,alpha8,gamma1,split,same,anti,ccw,+,cw,1,se,w,anti,ccw,-,cw,1,nw,n,2
B,alpha8,zeta2,split,same,anti,ccw,+,cw,1,se,w,anti,ccw,,cw,0,nw,ne,1
B,alpha8,gamma11,split,same,anti,ccw,-,cw,1,se,s,anti,ccw,+,cw,1,nw,e,2
B,alpha8,alpha1,split,same,anti,ccw,-,cw,1,se,s,anti,ccw,-,cw,1,nw,n,2
B,alpha8,zeta10,split,same,anti,ccw,-,cw,1,se,s,anti,ccw,,cw,0,nw,ne,1
B,alpha8,zeta11,split,same,anti,ccw,,cw,0,se,sw,anti,ccw,+,cw,1,nw,e,1
B,alpha8,zeta1,split,same,anti,ccw,,cw,0,se,sw,anti,ccw,-,cw,1,nw,n,1
B,alpha2,alpha1,split,same,anti,cw,+,ccw,1,sw,s,anti,cw,+,ccw,1,ne,n,2
B,alpha2,gamma7,split,same,anti,cw,+,ccw,1,sw,s,anti,cw,-,ccw,1,ne,w,2
B,alpha2,zeta8,split,same,anti,cw,+,ccw,1,sw,s,anti,cw,,ccw,0,ne,nw,1
B,alpha2,gamma9,split,same,anti,cw,-,ccw,1,sw,e,anti,cw,+,ccw,1,ne,n,2
B,alpha2,alpha7,split,same,anti,cw,-,ccw,1,sw,e,anti,cw,-,ccw,1,ne,w,2
B,alpha2,zeta16,split,same,anti,cw,-,ccw,1,sw,e,anti,cw,,ccw,0,ne,nw,1
B,alpha2,zeta9,split,same,anti,cw,,ccw,0,sw,se,anti,cw,+,ccw,1,ne,n,1
B,alpha2,zeta7,split,same,anti,cw,,ccw,0,sw,se,anti,cw,-,ccw,1,ne,w,1
B,alpha8,alpha7,split,same,anti,cw,+,ccw,1,se,e,anti,cw,+,ccw,1,nw,w,2
B,alpha8,gamma5,split,same,anti,cw,+,ccw,1,se,e,anti,cw,-,ccw,1,nw,s,2
B,alpha8,zeta6,split,same,anti,cw,+,ccw,1,se,e,anti,cw,,ccw,0,nw,sw,1
B,alpha8,gamma15,split,same,anti,cw,-,ccw,1,se,n,anti,cw,+,ccw,1,nw,w,2
B,alpha8,alpha5,split,same,anti,cw,-,ccw,1,se,n,anti,cw,-,ccw,1,nw,s,2
B,alpha8,zeta14,split,same,anti,cw,-,ccw,1,se,n,anti,cw,,ccw,0,nw,sw,1
B,alpha8,zeta15,split,same,anti,cw,,ccw,0,se,ne,anti,cw,+,ccw,1,nw,w,1
B,alpha8,zeta5,split,same,anti,cw,,ccw,0,se,ne,anti,cw,-,ccw,1,nw,s,1
B,alpha6,alpha5,split,same,anti,cw,+,ccw,1,ne,n,anti,cw,+,ccw,1,sw,s,2
B,alpha6,gamma3,split,same,anti,cw,+,ccw,1,ne,n,anti,cw,-,ccw,1,sw,e,2
B,alpha6,zeta4,split,same,anti,cw,+,ccw,1,ne,n,anti,cw,,ccw,0,sw,se,1
B,alpha6,gamma13,split,same,anti,cw,-,ccw,1,ne,w,anti,cw,+,ccw,1,sw,s,2
B,alpha6,alpha3,split,same,anti,cw,-,ccw,1,ne,w,anti,cw,-,ccw,1,sw,e,2
B,alpha6,zeta12,split,same,anti,cw,-,ccw,1,ne,w,anti,cw,,ccw,0,sw,se,1
B,alpha6,zeta13,split,same,anti,cw,,ccw,0,ne,nw,anti,cw,+,ccw,1,sw,s,1
B,alpha6,zeta3,split,same,anti,cw,,ccw,0,ne,nw,anti,cw,-,ccw,1,sw,e,1
B,alpha4,alpha3,split,same,anti,cw,+,ccw,1,nw,w,anti,cw,+,ccw,1,se,e,2
B,alpha4,gamma1,split,same,anti,cw,+,ccw,1,nw,w,anti,cw,-,ccw,1,se,n,2
B,alpha4,zeta2,split,same,anti,cw,+,ccw,1,nw,w,anti,cw,,ccw,0,se,ne,1
B,alpha4,gamma11,split,same,anti,cw,-,ccw,1,nw,s,anti,cw,+,ccw,1,se,e,2
B,alpha4,alpha1,split,same,anti,cw,-,ccw,1,nw,s,anti,cw,-,ccw,1,se,n,2
B,alpha4,zeta10,split,same,anti,cw,-,ccw,1,nw,s,anti,cw,,ccw,0,se,ne,1
B,alpha4,zeta11,split,same,anti,cw,,ccw,0,nw,sw,anti,cw,+,ccw,1,se,e,1
B,alpha4,zeta1,split,same,anti,cw,,ccw,0,nw,sw,anti,cw,-,ccw,1,se,n,1
C,alpha2,alpha5,split,same,anti,ccw,+,cw,1,sw,n,pro,cw,+,cw,1,ne,s,2
C,alpha2,gamma3,split,same,anti,ccw,+,cw,1,sw,n,pro,cw,-,cw,1,ne,e,2
C,alpha2,zeta4,split,same,anti,ccw,+,cw,1,sw,n,pro,cw,,cw,0,ne,se,1
C,alpha2,gamma13,split,same,anti,ccw,-,cw,1,sw,w,pro,cw,+,cw,1,ne,s,2
C,alpha2,alpha3,split,same,anti,ccw,-,cw,1,sw,w,pro,cw,-,cw,1,ne,e,2
C,alpha2,zeta12,split,same,anti,ccw,-,cw,1,sw,w,pro,cw,,cw,0,ne,se,1
C,alpha2,zeta13,split,same,anti,ccw,,cw,0,sw,nw,pro,cw,+,cw,1,ne,s,1
C,alpha2,zeta3,split,same,anti,ccw,,cw,0,sw,nw,pro,cw,-,cw,1,ne,e,1
C,alpha4,alpha7,split,same,anti,ccw,+,cw,1,nw,e,pro,cw,+,cw,1,se,w,2
C,alpha4,gamma5,split,same,anti,ccw,+,cw,1,nw,e,pro,cw,-,cw,1,se,s,2
C,alpha4,zeta6,split,same,anti,ccw,+,cw,1,nw,e,pro,cw,,cw,0,se,sw,1
C,alpha4,gamma15,split,same,anti,ccw,-,cw,1,nw,n,pro,cw,+,cw,1,se,w,2
C,alpha4,alpha5,split,same,anti,ccw,-,cw,1,nw,n,pro,cw,-,cw,1,se,s,2
C,alpha4,zeta14,split,same,anti,ccw,-,cw,1,nw,n,pro,cw,,cw,0,se,sw,1
C,alpha4,zeta15,split,same,anti,ccw,,cw,0,nw,ne,pro,cw,+,cw,1,se,w,1
C,alpha4,zeta5,split,same,anti,ccw,,cw,0,nw,ne,pro,cw,-,cw,1,se,s,1
C,alpha6,alpha1,split,same,anti,ccw,+,cw,1,ne,s,pro,cw,+,cw,1,sw,n,2
C,alpha6,gamma7,split,same,anti,ccw,+,cw,1,ne,s,pro,cw,-,cw,1,sw,w,2
C,alpha6,zeta8,split,same,anti,ccw,+,cw,1,ne,s,pro,cw,,cw,0,sw,nw,1
C,alpha6,gamma9,split,same,anti,ccw,-,cw,1,ne,e,pro,cw,+,cw,1,sw,n,2
C,alpha6,alpha7,split,same,anti,ccw,-,cw,1,ne,e,pro,cw,-,cw,1,sw,w,2
C,alpha6,zeta16,split,same,anti,ccw,-,cw,1,ne,e,pro,cw,,cw,0,sw,nw,1
C,alpha6,zeta9,split,same,anti,ccw,,cw,0,ne,se,pro,cw,+,cw,1,sw,n,1
C,alpha6,zeta7,split,same,anti,ccw,,cw,0,ne,se,pro,cw,-,cw,1,sw,w,1
C,alpha8,alpha3,split,same,anti,ccw,+,cw,1,se,w,pro,cw,+,cw,1,nw,e,2
C,alpha8,gamma1,split,same,anti,ccw,+,cw,1,se,w,pro,cw,-,cw,1,nw,n,2
C,alpha8,zeta2,split,same,anti,ccw,+,cw,1,se,w,pro,cw,,cw,0,nw,ne,1
C,alpha8,gamma11,split,same,anti,ccw,-,cw,1,se,s,pro,cw,+,cw,1,nw,e,2
C,alpha8,alpha1,split,same,anti,ccw,-,cw,1,se,s,pro,cw,-,cw,1,nw,n,2
C,alpha8,zeta10,split,same,anti,ccw,-,cw,1,se,s,pro,cw,,cw,0,nw,ne,1
C,alpha8,zeta11,split,same,anti,ccw,,cw,0,se,sw,pro,cw,+,cw,1,nw,e,1
C,alpha8,zeta1,split,same,anti,ccw,,cw,0,se,sw,pro,cw,-,cw,1,nw,n,1
C,alpha2,alpha1,split,same,anti,cw,+,ccw,1,sw,s,pro,ccw,+,ccw,1,ne,n,2
C,alpha2,gamma7,split,same,anti,cw,+,ccw,1,sw,s,pro,ccw,-,ccw,1,ne,w,2
C,alpha2,zeta8,split,same,anti,cw,+,ccw,1,sw,s,pro,ccw,,ccw,0,ne,nw,1
C,alpha2,gamma9,split,same,anti,cw,-,ccw,1,sw,e,pro,ccw,+,ccw,1,ne,n,2
C,alpha2,alpha7,split,same,anti,cw,-,ccw,1,sw,e,pro,ccw,-,ccw,1,ne,w,2
C,alpha2,zeta16,split,same,anti,cw,-,ccw,1,sw,e,pro,ccw,,ccw,0,ne,nw,1
C,alpha2,zeta9,split,same,anti,cw,,ccw,0,sw,se,pro,ccw,+,ccw,1,ne,n,1
C,alpha2,zeta7,split,same,anti,cw,,ccw,0,sw,se,pro,ccw,-,ccw,1,ne,w,1
C,alpha8,alpha7,split,same,anti,cw,+,ccw,1,se,e,pro,ccw,+,ccw,1,nw,w,2
C,alpha8,gamma5,split,same,anti,cw,+,ccw,1,se,e,pro,ccw,-,ccw,1,nw,s,2
C,alpha8,zeta6,split,same,anti,cw,+,ccw,1,se,e,pro,ccw,,ccw,0,nw,sw,1
C,alpha8,gamma15,split,same,anti,cw,-,ccw,1,se,n,pro,ccw,+,ccw,1,nw,w,2
C,alpha8,alpha5,split,same,anti,cw,-,ccw,1,se,n,pro,ccw,-,ccw,1,nw,s,2
C,alpha8,zeta14,split,same,anti,cw,-,ccw,1,se,n,pro,ccw,,ccw,0,nw,sw,1
C,alpha8,zeta15,split,same,anti,cw,,ccw,0,se,ne,pro,ccw,+,ccw,1,nw,w,1
C,alpha8,zeta5,split,same,anti,cw,,ccw,0,se,ne,pro,ccw,-,ccw,1,nw,s,1
C,alpha6,alpha5,split,same,anti,cw,+,ccw,1,ne,n,pro,ccw,+,ccw,1,sw,s,2
C,alpha6,gamma3,split,same,anti,cw,+,ccw,1,ne,n,pro,ccw,-,ccw,1,sw,e,2
C,alpha6,zeta4,split,same,anti,cw,+,ccw,1,ne,n,pro,ccw,,ccw,0,sw,se,1
C,alpha6,gamma13,split,same,anti,cw,-,ccw,1,ne,w,pro,ccw,+,ccw,1,sw,s,2
C,alpha6,alpha3,split,same,anti,cw,-,ccw,1,ne,w,pro,ccw,-,ccw,1,sw,e,2
C,alpha6,zeta12,split,same,anti,cw,-,ccw,1,ne,w,pro,ccw,,ccw,0,sw,se,1
C,alpha6,zeta13,split,same,anti,cw,,ccw,0,ne,nw,pro,ccw,+,ccw,1,sw,s,1
C,alpha6,zeta3,split,same,anti,cw,,ccw,0,ne,nw,pro,ccw,-,ccw,1,sw,e,1
C,alpha4,alpha3,split,same,anti,cw,+,ccw,1,nw,w,pro,ccw,+,ccw,1,se,e,2
C,alpha4,gamma1,split,same,anti,cw,+,ccw,1,nw,w,pro,ccw,-,ccw,1,se,n,2
C,alpha4,zeta2,split,same,anti,cw,+,ccw,1,nw,w,pro,ccw,,ccw,0,se,ne,1
C,alpha4,gamma11,split,same,anti,cw,-,ccw,1,nw,s,pro,ccw,+,ccw,1,se,e,2
C,alpha4,alpha1,split,same,anti,cw,-,ccw,1,nw,s,pro,ccw,-,ccw,1,se,n,2
C,alpha4,zeta10,split,same,anti,cw,-,ccw,1,nw,s,pro,ccw,,ccw,0,se,ne,1
C,alpha4,zeta11,split,same,anti,cw,,ccw,0,nw,sw,pro,ccw,+,ccw,1,se,e,1
C,alpha4,zeta1,split,same,anti,cw,,ccw,0,nw,sw,pro,ccw,-,ccw,1,se,n,1
C,alpha2,alpha5,split,same,pro,cw,+,cw,1,sw,n,anti,ccw,+,cw,1,ne,s,2
C,alpha2,gamma3,split,same,pro,cw,+,cw,1,sw,n,anti,ccw,-,cw,1,ne,e,2
C,alpha2,zeta4,split,same,pro,cw,+,cw,1,sw,n,anti,ccw,,cw,0,ne,se,1
C,alpha2,gamma13,split,same,pro,cw,-,cw,1,sw,w,anti,ccw,+,cw,1,ne,s,2
C,alpha2,alpha3,split,same,pro,cw,-,cw,1,sw,w,anti,ccw,-,cw,1,ne,e,2
C,alpha2,zeta12,split,same,pro,cw,-,cw,1,sw,w,anti,ccw,,cw,0,ne,se,1
C,alpha2,zeta13,split,same,pro,cw,,cw,0,sw,nw,anti,ccw,+,cw,1,ne,s,1
C,alpha2,zeta3,split,same,pro,cw,,cw,0,sw,nw,anti,ccw,-,cw,1,ne,e,1
C,alpha4,alpha7,split,same,pro,cw,+,cw,1,nw,e,anti,ccw,+,cw,1,se,w,2
C,alpha4,gamma5,split,same,pro,cw,+,cw,1,nw,e,anti,ccw,-,cw,1,se,s,2
C,alpha4,zeta6,split,same,pro,cw,+,cw,1,nw,e,anti,ccw,,cw,0,se,sw,1
C,alpha4,gamma15,split,same,pro,cw,-,cw,1,nw,n,anti,ccw,+,cw,1,se,w,2
C,alpha4,alpha5,split,same,pro,cw,-,cw,1,nw,n,anti,ccw,-,cw,1,se,s,2
C,alpha4,zeta14,split,same,pro,cw,-,cw,1,nw,n,anti,ccw,,cw,0,se,sw,1
C,alpha4,zeta15,split,same,pro,cw,,cw,0,nw,ne,anti,ccw,+,cw,1,se,w,1
C,alpha4,zeta5,split,same,pro,cw,,cw,0,nw,ne,anti,ccw,-,cw,1,se,s,1
C,alpha6,alpha1,split,same,pro,cw,+,cw,1,ne,s,anti,ccw,+,cw,1,sw,n,2
C,alpha6,gamma7,split,same,pro,cw,+,cw,1,ne,s,anti,ccw,-,cw,1,sw,w,2
C,alpha6,zeta8,split,same,pro,cw,+,cw,1,ne,s,anti,ccw,,cw,0,sw,nw,1
C,alpha6,gamma9,split,same,pro,cw,-,cw,1,ne,e,anti,ccw,+,cw,1,sw,n,2
C,alpha6,alpha7,split,same,pro,cw,-,cw,1,ne,e,anti,ccw,-,cw,1,sw,w,2
C,alpha6,zeta16,split,same,pro,cw,-,cw,1,ne,e,anti,ccw,,cw,0,sw,nw,1
C,alpha6,zeta9,split,same,pro,cw,,cw,0,ne,se,anti,ccw,+,cw,1,sw,n,1
C,alpha6,zeta7,split,same,pro,cw,,cw,0,ne,se,anti,ccw,-,cw,1,sw,w,1
C,alpha8,alpha3,split,same,pro,cw,+,cw,1,se,w,anti,ccw,+,cw,1,nw,e,2
C,alpha8,gamma1,split,same,pro,cw,+,cw,1,se,w,anti,ccw,-,cw,1,nw,n,2
C,alpha8,zeta2,split,same,pro,cw,+,cw,1,se,w,anti,ccw,,cw,0,nw,ne,1
C,alpha8,gamma11,split,same,pro,cw,-,cw,1,se,s,anti,ccw,+,cw,1,nw,e,2
C,alpha8,alpha1,split,same,pro,cw,-,cw,1,se,s,anti,ccw,-,cw,1,nw,n,2
C,alpha8,zeta10,split,same,pro,cw,-,cw,1,se,s,anti,ccw,,cw,0,nw,ne,1
C,alpha8,zeta11,split,same,pro,cw,,cw,0,se,sw,anti,ccw,+,cw,1,nw,e,1
C,alpha8,zeta1,split,same,pro,cw,,cw,0,se,sw,anti,ccw,-,cw,1,nw,n,1
C,alpha2,alpha1,split,same,pro,ccw,+,ccw,1,sw,s,anti,cw,+,ccw,1,ne,n,2
C,alpha2,gamma7,split,same,pro,ccw,+,ccw,1,sw,s,anti,cw,-,ccw,1,ne,w,2
C,alpha2,zeta8,split,same,pro,ccw,+,ccw,1,sw,s,anti,cw,,ccw,0,ne,nw,1
C,alpha2,gamma9,split,same,pro,ccw,-,ccw,1,sw,e,anti,cw,+,ccw,1,ne,n,2
C,alpha2,alpha7,split,same,pro,ccw,-,ccw,1,sw,e,anti,cw,-,ccw,1,ne,w,2
C,alpha2,zeta16,split,same,pro,ccw,-,ccw,1,sw,e,anti,cw,,ccw,0,ne,nw,1
C,alpha2,zeta9,split,same,pro,ccw,,ccw,0,sw,se,anti,cw,+,ccw,1,ne,n,1
C,alpha2,zeta7,split,same,pro,ccw,,ccw,0,sw,se,anti,cw,-,ccw,1,ne,w,1
C,alpha8,alpha7,split,same,pro,ccw,+,ccw,1,se,e,anti,cw,+,ccw,1,nw,w,2
C,alpha8,gamma5,split,same,pro,ccw,+,ccw,1,se,e,anti,cw,-,ccw,1,nw,s,2
C,alpha8,zeta6,split,same,pro,ccw,+,ccw,1,se,e,anti,cw,,ccw,0,nw,sw,1
C,alpha8,gamma15,split,same,pro,ccw,-,ccw,1,se,n,anti,cw,+,ccw,1,nw,w,2
C,alpha8,alpha5,split,same,pro,ccw,-,ccw,1,se,n,anti,cw,-,ccw,1,nw,s,2
C,alpha8,zeta14,split,same,pro,ccw,-,ccw,1,se,n,anti,cw,,ccw,0,nw,sw,1
C,alpha8,zeta15,split,same,pro,ccw,,ccw,0,se,ne,anti,cw,+,ccw,1,nw,w,1
C,alpha8,zeta5,split,same,pro,ccw,,ccw,0,se,ne,anti,cw,-,ccw,1,nw,s,1
C,alpha6,alpha5,split,same,pro,ccw,+,ccw,1,ne,n,anti,cw,+,ccw,1,sw,s,2
C,alpha6,gamma3,split,same,pro,ccw,+,ccw,1,ne,n,anti,cw,-,ccw,1,sw,e,2
C,alpha6,zeta4,split,same,pro,ccw,+,ccw,1,ne,n,anti,cw,,ccw,0,sw,se,1
C,alpha6,gamma13,split,same,pro,ccw,-,ccw,1,ne,w,anti,cw,+,ccw,1,sw,s,2
C,alpha6,alpha3,split,same,pro,ccw,-,ccw,1,ne,w,anti,cw,-,ccw,1,sw,e,2
C,alpha6,zeta12,split,same,pro,ccw,-,ccw,1,ne,w,anti,cw,,ccw,0,sw,se,1
C,alpha6,zeta13,split,same,pro,ccw,,ccw,0,ne,nw,anti,cw,+,ccw,1,sw,s,1
C,alpha6,zeta3,split,same,pro,ccw,,ccw,0,ne,nw,anti,cw,-,ccw,1,sw,e,1
C,alpha4,alpha3,split,same,pro,ccw,+,ccw,1,nw,w,anti,cw,+,ccw,1,se,e,2
C,alpha4,gamma1,split,same,pro,ccw,+,ccw,1,nw,w,anti,cw,-,ccw,1,se,n,2
C,alpha4,zeta2,split,same,pro,ccw,+,ccw,1,nw,w,anti,cw,,ccw,0,se,ne,1
C,alpha4,gamma11,split,same,pro,ccw,-,ccw,1,nw,s,anti,cw,+,ccw,1,se,e,2
C,alpha4,alpha1,split,same,pro,ccw,-,ccw,1,nw,s,anti,cw,-,ccw,1,se,n,2
C,alpha4,zeta10,split,same,pro,ccw,-,ccw,1,nw,s,anti,cw,,ccw,0,se,ne,1
C,alpha4,zeta11,split,same,pro,ccw,,ccw,0,nw,sw,anti,cw,+,ccw,1,se,e,1
C,alpha4,zeta1,split,same,pro,ccw,,ccw,0,nw,sw,anti,cw,-,ccw,1,se,n,1
D,beta2,alpha5,split,opp,pro,ccw,+,ccw,1,ne,n,pro,cw,+,cw,1,ne,s,2
D,beta2,gamma3,split,opp,pro,ccw,+,ccw,1,ne,n,pro,cw,-,cw,1,ne,e,2
D,beta2,zeta4,split,opp,pro,ccw,+,ccw,1,ne,n,pro,cw,,cw,0,ne,se,1
D,beta2,gamma13,split,opp,pro,ccw,-,ccw,1,ne,w,pro,cw,+,cw,1,ne,s,2
D,beta2,alpha3,split,opp,pro,ccw,-,ccw,1,ne,w,pro,cw,-,cw,1,ne,e,2
D,beta2,zeta12,split,opp,pro,ccw,-,ccw,1,ne,w,pro,cw,,cw,0,ne,se,1
D,beta2,zeta13,split,opp,pro,ccw,,ccw,0,ne,nw,pro,cw,+,cw,1,ne,s,1
D,beta2,zeta3,split,opp,pro,ccw,,ccw,0,ne,nw,pro,cw,-,cw,1,ne,e,1
D,beta4,alpha7,split,opp,pro,ccw,+,ccw,1,se,e,pro,cw,+,cw,1,se,w,2
D,beta4,gamma5,split,opp,pro,ccw,+,ccw,1,se,e,pro,cw,-,cw,1,se,s,2
D,beta4,zeta6,split,opp,pro,ccw,+,ccw,1,se,e,pro,cw,,cw,0,se,sw,1
D,beta4,gamma15,split,opp,pro,ccw,-,ccw,1,se,n,pro,cw,+,cw,1,se,w,2
D,beta4,alpha5,split,opp,pro,ccw,-,ccw,1,se,n,pro,cw,-,cw,1,se,s,2
D,beta4,zeta14,split,opp,pro,ccw,-,ccw,1,se,n,pro,cw,,cw,0,se,sw,1
D,beta4,zeta15,split,opp,pro,ccw,,ccw,0,se,ne,pro,cw,+,cw,1,se,w,1
D,beta4,zeta5,split,opp,pro,ccw,,ccw,0,se,ne,pro,cw,-,cw,1,se,s,1
D,beta6,alpha1,split,opp,pro,ccw,+,ccw,1,sw,s,pro,cw,+,cw,1,sw,n,2
D,beta6,gamma7,split,opp,pro,ccw,+,ccw,1,sw,s,pro,cw,-,cw,1,sw,w,2
D,beta6,zeta8,split,opp,pro,ccw,+,ccw,1,sw,s,pro,cw,,cw,0,sw,nw,1
D,beta6,gamma9,split,opp,pro,ccw,-,ccw,1,sw,e,pro,cw,+,cw,1,sw,n,2
D,beta6,alpha7,split,opp,pro,ccw,-,ccw,1,sw,e,pro,cw,-,cw,1,sw,w,2
D,beta6,zeta16,split,opp,pro,ccw,-,ccw,1,sw,e,pro,cw,,cw,0,sw,nw,1
D,beta6,zeta9,split,opp,pro,ccw,,ccw,0,sw,se,pro,cw,+,cw,1,sw,n,1
D,beta6,zeta7,split,opp,pro,ccw,,ccw,0,sw,se,pro,cw,-,cw,1,sw,w,1
D,beta8,alpha3,split,opp,pro,ccw,+,ccw,1,nw,w,pro,cw,+,cw,1,nw,e,2
D,beta8,gamma1,split,opp,pro,ccw,+,ccw,1,nw,w,pro,cw,-,cw,1,nw,n,2
D,beta8,zeta2,split,opp,pro,ccw,+,ccw,1,nw,w,pro,cw,,cw,0,nw,ne,1
D,beta8,gamma11,split,opp,pro,ccw,-,ccw,1,nw,s,pro,cw,+,cw,1,nw,e,2
D,beta8,alpha1,split,opp,pro,ccw,-,ccw,1,nw,s,pro,cw,-,cw,1,nw,n,2
D,beta8,zeta10,split,opp,pro,ccw,-,ccw,1,nw,s,pro,cw,,cw,0,nw,ne,1
D,beta8,zeta11,split,opp,pro,ccw,,ccw,0,nw,sw,pro,cw,+,cw,1,nw,e,1
D,beta8,zeta1,split,opp,pro,ccw,,ccw,0,nw,sw,pro,cw,-,cw,1,nw,n,1
D,beta2,alpha1,split,opp,pro,cw,+,cw,1,ne,s,pro,ccw,+,ccw,1,ne,n,2
D,beta2,gamma7,split,opp,pro,cw,+,cw,1,ne,s,pro,ccw,-,ccw,1,ne,w,2
D,beta2,zeta8,split,opp,pro,cw,+,cw,1,ne,s,pro,ccw,,ccw,0,ne,nw,1
D,beta2,gamma9,split,opp,pro,cw,-,cw,1,ne,e,pro,ccw,+,ccw,1,ne,n,2
D,beta2,alpha7,split,opp,pro,cw,-,cw,1,ne,e,pro,ccw,-,ccw,1,ne,w,2
D,beta2,zeta16,split,opp,pro,cw,-,cw,1,ne,e,pro,ccw,,ccw,0,ne,nw,1
D,beta2,zeta9,split,opp,pro,cw,,cw,0,ne,se,pro,ccw,+,ccw,1,ne,n,1
D,beta2,zeta7,split,opp,pro,cw,,cw,0,ne,se,pro,ccw,-,ccw,1,ne,w,1
D,beta4,alpha3,split,opp,pro,cw,+,cw,1,se,w,pro,ccw,+,ccw,1,se,e,2
D,beta4,gamma1,split,opp,pro,cw,+,cw,1,se,w,pro,ccw,-,ccw,1,se,n,2
D,beta4,zeta2,split,opp,pro,cw,+,cw,1,se,w,pro,ccw,,ccw,0,se,ne,1
D,beta4,gamma11,split,opp,pro,cw,-,cw,1,se,s,pro,ccw,+,ccw,1,se,e,2
D,beta4,alpha1,split,opp,pro,cw,-,cw,1,se,s,pro,ccw,-,ccw,1,se,n,2
D,beta4,zeta10,split,opp,pro,cw,-,cw,1,se,s,pro,ccw,,ccw,0,se,ne,1
D,beta4,zeta11,split,opp,pro,cw,,cw,0,se,sw,pro,ccw,+,ccw,1,se,e,1
D,beta4,zeta1,split,opp,pro,cw,,cw,0,se,sw,pro,ccw,-,ccw,1,se,n,1
D,beta6,alpha5,split,opp,pro,cw,+,cw,1,sw,n,pro,ccw,+,ccw,1,sw,s,2
D,beta6,gamma3,split,opp,pro,cw,+,cw,1,sw,n,pro,ccw,-,ccw,1,sw,e,2
D,beta6,zeta4,split,opp,pro,cw,+,cw,1,sw,n,pro,ccw,,ccw,0,sw,se,1
D,beta6,gamma13,split,opp,pro,cw,-,cw,1,sw,w,pro,ccw,+,ccw,1,sw,s,2
D,beta6,alpha3,split,opp,pro,cw,-,cw,1,sw,w,pro,ccw,-,ccw,1,sw,e,2
D,beta6,zeta12,split,opp,pro,cw,-,cw,1,sw,w,pro,ccw,,ccw,0,sw,se,1
D,beta6,zeta13,split,opp,pro,cw,,cw,0,sw,nw,pro,ccw,+,ccw,1,sw,s,1
D,beta6,zeta3,split,opp,pro,cw,,cw,0,sw,nw,pro,ccw,-,ccw,1,sw,e,1
D,beta8,alpha7,split,opp,pro,cw,+,cw,1,nw,e,pro,ccw,+,ccw,1,nw,w,2
D,beta8,gamma5,split,opp,pro,cw,+,cw,1,nw,e,pro,ccw,-,ccw,1,nw,s,2
D,beta8,zeta6,split,opp,pro,cw,+,cw,1,nw,e,pro,ccw,,ccw,0,nw,sw,1
D,beta8,gamma15,split,opp,pro,cw,-,cw,1,nw,n,pro,ccw,+,ccw,1,nw,w,2
D,beta8,alpha5,split,opp,pro,cw,-,cw,1,nw,n,pro,ccw,-,ccw,1,nw,s,2
D,beta8,zeta14,split,opp,pro,cw,-,cw,1,nw,n,pro,ccw,,ccw,0,nw,sw,1
D,beta8,zeta15,split,opp,pro,cw,,cw,0,nw,ne,pro,ccw,+,ccw,1,nw,w,1
D,beta8,zeta5,split,opp,pro,cw,,cw,0,nw,ne,pro,ccw,-,ccw,1,nw,s,1
E,beta2,alpha5,split,opp,anti,cw,+,ccw,1,ne,n,anti,ccw,+,cw,1,ne,s,2
E,beta2,gamma3,split,opp,anti,cw,+,ccw,1,ne,n,anti,ccw,-,cw,1,ne,e,2
E,beta2,zeta4,split,opp,anti,cw,+,ccw,1,ne,n,anti,ccw,,cw,0,ne,se,1
E,beta2,gamma13,split,opp,anti,cw,-,ccw,1,ne,w,anti,ccw,+,cw,1,ne,s,2
E,beta2,alpha3,split,opp,anti,cw,-,ccw,1,ne,w,anti,ccw,-,cw,1,ne,e,2
E,beta2,zeta12,split,opp,anti,cw,-,ccw,1,ne,w,anti,ccw,,cw,0,ne,se,1
E,beta2,zeta13,split,opp,anti,cw,,ccw,0,ne,nw,anti,ccw,+,cw,1,ne,s,1
E,beta2,zeta3,split,opp,anti,cw,,ccw,0,ne,nw,anti,ccw,-,cw,1,ne,e,1
E,beta4,alpha7,split,opp,anti,cw,+,ccw,1,se,e,anti,ccw,+,cw,1,se,w,2
E,beta4,gamma5,split,opp,anti,cw,+,ccw,1,se,e,anti,ccw,-,cw,1,se,s,2
E,beta4,zeta6,split,opp,anti,cw,+,ccw,1,se,e,anti,ccw,,cw,0,se,sw,1
E,beta4,gamma15,split,opp,anti,cw,-,ccw,1,se,n,anti,ccw,+,cw,1,se,w,2
E,beta4,alpha5,split,opp,anti,cw,-,ccw,1,se,n,anti,ccw,-,cw,1,se,s,2
E,beta4,zeta14,split,opp,anti,cw,-,ccw,1,se,n,anti,ccw,,cw,0,se,sw,1
E,beta4,zeta15,split,opp,anti,cw,,ccw,0,se,ne,anti,ccw,+,cw,1,se,w,1
E,beta4,zeta5,split,opp,anti,cw,,ccw,0,se,ne,anti,ccw,-,cw,1,se,s,1
E,beta6,alpha1,split,opp,anti,cw,+,ccw,1,sw,s,anti,ccw,+,cw,1,sw,n,2
E,beta6,gamma7,split,opp,anti,cw,+,ccw,1,sw,s,anti,ccw,-,cw,1,sw,w,2
E,beta6,zeta8,split,opp,anti,cw,+,ccw,1,sw,s,anti,ccw,,cw,0,sw,nw,1
E,beta6,gamma9,split,opp,anti,cw,-,ccw,1,sw,e,anti,ccw,+,cw,1,sw,n,2
E,beta6,alpha7,split,opp,anti,cw,-,ccw,1,sw,e,anti,ccw,-,cw,1,sw,w,2
E,beta6,zeta16,split,opp,anti,cw,-,ccw,1,sw,e,anti,ccw,,cw,0,sw,nw,1
E,beta6,zeta9,split,opp,anti,cw,,ccw,0,sw,se,anti,ccw,+,cw,1,sw,n,1
E,beta6,zeta7,split,opp,anti,cw,,ccw,0,sw,se,anti,ccw,-,cw,1,sw,w,1
E,beta8,alpha3,split,opp,anti,cw,+,ccw,1,nw,w,anti,ccw,+,cw,1,nw,e,2
E,beta8,gamma1,split,opp,anti,cw,+,ccw,1,nw,w,anti,ccw,-,cw,1,nw,n,2
E,beta8,zeta2,split,opp,anti,cw,+,ccw,1,nw,w,anti,ccw,,cw,0,nw,ne,1
E,beta8,gamma11,split,opp,anti,cw,-,ccw,1,nw,s,anti,ccw,+,cw,1,nw,e,2
E,beta8,alpha1,split,opp,anti,cw,-,ccw,1,nw,s,anti,ccw,-,cw,1,nw,n,2
E,beta8,zeta10,split,opp,anti,cw,-,ccw,1,nw,s,anti,ccw,,cw,0,nw,ne,1
E,beta8,zeta11,split,opp,anti,cw,,ccw,0,nw,sw,anti,ccw,+,cw,1,nw,e,1
E,beta8,zeta1,split,opp,anti,cw,,ccw,0,nw,sw,anti,ccw,-,cw,1,nw,n,1
E,beta2,alpha1,split,opp,anti,ccw,+,cw,1,ne,s,anti,cw,+,ccw,1,ne,n,2
E,beta2,gamma7,split,opp,anti,ccw,+,cw,1,ne,s,anti,cw,-,ccw,1,ne,w,2
E,beta2,zeta8,split,opp,anti,ccw,+,cw,1,ne,s,anti,cw,,ccw,0,ne,nw,1
E,beta2,gamma9,split,opp,anti,ccw,-,cw,1,ne,e,anti,cw,+,ccw,1,ne,n,2
E,beta2,alpha7,split,opp,anti,ccw,-,cw,1,ne,e,anti,cw,-,ccw,1,ne,w,2
E,beta2,zeta16,split,opp,anti,ccw,-,cw,1,ne,e,anti,cw,,ccw,0,ne,nw,1
E,beta2,zeta9,split,opp,anti,ccw,,cw,0,ne,se,anti,cw,+,ccw,1,ne,n,1
E,beta2,zeta7,split,opp,anti,ccw,,cw,0,ne,se,anti,cw,-,ccw,1,ne,w,1
E,beta4,alpha3,split,opp,anti,ccw,+,cw,1,se,w,anti,cw,+,ccw,1,se,e,2
E,beta4,gamma1,split,opp,anti,ccw,+,cw,1,se,w,anti,cw,-,ccw,1,se,n,2
E,beta4,zeta2,split,opp,anti,ccw,+,cw,1,se,w,anti,cw,,ccw,0,se,ne,1
E,beta4,gamma11,split,opp,anti,ccw,-,cw,1,se,s,anti,cw,+,ccw,1,se,e,2
E,beta4,alpha1,split,opp,anti,ccw,-,cw,1,se,s,anti,cw,-,ccw,1,se,n,2
E,beta4,zeta10,split,opp,anti,ccw,-,cw,1,se,s,anti,cw,,ccw,0,se,ne,1
E,beta4,zeta11,split,opp,anti,ccw,,cw,0,se,sw,anti,cw,+,ccw,1,se,e,1
E,beta4,zeta1,split,opp,anti,ccw,,cw,0,se,sw,anti,cw,-,ccw,1,se,n,1
E,beta6,alpha5,split,opp,anti,ccw,+,cw,1,sw,n,anti,cw,+,ccw,1,sw,s,2
E,beta6,gamma3,split,opp,anti,ccw,+,cw,1,sw,n,anti,cw,-,ccw,1,sw,e,2
E,beta6,zeta4,split,opp,anti,ccw,+,cw,1,sw,n,anti,cw,,ccw,0,sw,se,1
E,beta6,gamma13,split,opp,anti,ccw,-,cw,1,sw,w,anti,cw,+,ccw,1,sw,s,2
E,beta6,alpha3,split,opp,anti,ccw,-,cw,1,sw,w,anti,cw,-,ccw,1,sw,e,2
E,beta6,zeta12,split,opp,anti,ccw,-,cw,1,sw,w,anti,cw,,ccw,0,sw,se,1
E,beta6,zeta13,split,opp,anti,ccw,,cw,0,sw,nw,anti,cw,+,ccw,1,sw,s,1
E,beta6,zeta3,split,opp,anti,ccw,,cw,0,sw,nw,anti,cw,-,ccw,1,sw,e,1
E,beta8,alpha7,split,opp,anti,ccw,+,cw,1,nw,e,anti,cw,+,ccw,1,nw,w,2
E,beta8,gamma5,split,opp,anti,ccw,+,cw,1,nw,e,anti,cw,-,ccw,1,nw,s,2
E,beta8,zeta6,split,opp,anti,ccw,+,cw,1,nw,e,anti,cw,,ccw,0,nw,sw,1
E,beta8,gamma15,split,opp,anti,ccw,-,cw,1,nw,n,anti,cw,+,ccw,1,nw,w,2
E,beta8,alpha5,split,opp,anti,ccw,-,cw,1,nw,n,anti,cw,-,ccw,1,nw,s,2
E,beta8,zeta14,split,opp,anti,ccw,-,cw,1,nw,n,anti,cw,,ccw,0,nw,sw,1
E,beta8,zeta15,split,opp,anti,ccw,,cw,0,nw,ne,anti,cw,+,ccw,1,nw,w,1
E,beta8,zeta5,split,opp,anti,ccw,,cw,0,nw,ne,anti,cw,-,ccw,1,nw,s,1
F,beta2,alpha5,split,opp,anti,cw,+,ccw,1,ne,n,pro,cw,+,cw,1,ne,s,2
F,beta2,gamma3,split,opp,anti,cw,+,ccw,1,ne,n,pro,cw,-,cw,1,ne,e,2
F,beta2,zeta4,split,opp,anti,cw,+,ccw,1,ne,n,pro,cw,,cw,0,ne,se,1
F,beta2,gamma13,split,opp,anti,cw,-,ccw,1,ne,w,pro,cw,+,cw,1,ne,s,2
F,beta2,alpha3,split,opp,anti,cw,-,ccw,1,ne,w,pro,cw,-,cw,1,ne,e,2
F,beta2,zeta12,split,opp,anti,cw,-,ccw,1,ne,w,pro,cw,,cw,0,ne,se,1
F,beta2,zeta13,split,opp,anti,cw,,ccw,0,ne,nw,pro,cw,+,cw,1,ne,s,1
F,beta2,zeta3,split,opp,anti,cw,,ccw,0,ne,nw,pro,cw,-,cw,1,ne,e,1
F,beta4,alpha7,split,opp,anti,cw,+,ccw,1,se,e,pro,cw,+,cw,1,se,w,2
F,beta4,gamma5,split,opp,anti,cw,+,ccw,1,se,e,pro,cw,-,cw,1,se,s,2
F,beta4,zeta6,split,opp,anti,cw,+,ccw,1,se,e,pro,cw,,cw,0,se,sw,1
F,beta4,gamma15,split,opp,anti,cw,-,ccw,1,se,n,pro,cw,+,cw,1,se,w,2
F,beta4,alpha5,split,opp,anti,cw,-,ccw,1,se,n,pro,cw,-,cw,1,se,s,2
F,beta4,zeta14,split,opp,anti,cw,-,ccw,1,se,n,pro,cw,,cw,0,se,sw,1
F,beta4,zeta15,split,opp,anti,cw,,ccw,0,se,ne,pro,cw,+,cw,1,se,w,1
F,beta4,zeta5,split,opp,anti,cw,,ccw,0,se,ne,pro,cw,-,cw,1,se,s,1
F,beta6,alpha1,split,opp,anti,cw,+,ccw,1,sw,s,pro,cw,+,cw,1,sw,n,2
F,beta6,gamma7,split,opp,anti,cw,+,ccw,1,sw,s,pro,cw,-,cw,1,sw,w,2
F,beta6,zeta8,split,opp,anti,cw,+,ccw,1,sw,s,pro,cw,,cw,0,sw,nw,1
F,beta6,gamma9,split,opp,anti,cw,-,ccw,1,sw,e,pro,cw,+,cw,1,sw,n,2
F,beta6,alpha7,split,opp,anti,cw,-,ccw,1,sw,e,pro,cw,-,cw,1,sw,w,2
F,beta6,zeta16,split,opp,anti,cw,-,ccw,1,sw,e,pro,cw,,cw,0,sw,nw,1
F,beta6,zeta9,split,opp,anti,cw,,ccw,0,sw,se,pro,cw,+,cw,1,sw,n,1
F,beta6,zeta7,split,opp,anti,cw,,ccw,0,sw,se,pro,cw,-,cw,1,sw,w,1
F,beta8,alpha3,split,opp,anti,cw,+,ccw,1,nw,w,pro,cw,+,cw,1,nw,e,2
F,beta8,gamma1,split,opp,anti,cw,+,ccw,1,nw,w,pro,cw,-,cw,1,nw,n,2
F,beta8,zeta2,split,opp,anti,cw,+,ccw,1,nw,w,pro,cw,,cw,0,nw,ne,1
F,beta8,gamma11,split,opp,anti,cw,-,ccw,1,nw,s,pro,cw,+,cw,1,nw,e,2
F,beta8,alpha1,split,opp,anti,cw,-,ccw,1,nw,s,pro,cw,-,cw,1,nw,n,2
F,beta8,zeta10,split,opp,anti,cw,-,ccw,1,nw,s,pro,cw,,cw,0,nw,ne,1
F,beta8,zeta11,split,opp,anti,cw,,ccw,0,nw,sw,pro,cw,+,cw,1,nw,e,1
F,beta8,zeta1,split,opp,anti,cw,,ccw,0,nw,sw,pro,cw,-,cw,1,nw,n,1
F,beta2,alpha1,split,opp,anti,ccw,+,cw,1,ne,s,pro,ccw,+,ccw,1,ne,n,2
F,beta2,gamma7,split,opp,anti,ccw,+,cw,1,ne,s,pro,ccw,-,ccw,1,ne,w,2
F,beta2,zeta8,split,opp,anti,ccw,+,cw,1,ne,s,pro,ccw,,ccw,0,ne,nw,1
F,beta2,gamma9,split,opp,anti,ccw,-,cw,1,ne,e,pro,ccw,+,ccw,1,ne,n,2
F,beta2,alpha7,split,opp,anti,ccw,-,cw,1,ne,e,pro,ccw,-,ccw,1,ne,w,2
F,beta2,zeta16,split,opp,anti,ccw,-,cw,1,ne,e,pro,ccw,,ccw,0,ne,nw,1
F,beta2,zeta9,split,opp,anti,ccw,,cw,0,ne,se,pro,ccw,+,ccw,1,ne,n,1
F,beta2,zeta7,split,opp,anti,ccw,,cw,0,ne,se,pro,ccw,-,ccw,1,ne,w,1
F,beta4,alpha3,split,opp,anti,ccw,+,cw,1,se,w,pro,ccw,+,ccw,1,se,e,2
F,beta4,gamma1,split,opp,anti,ccw,+,cw,1,se,w,pro,ccw,-,ccw,1,se,n,2
F,beta4,zeta2,split,opp,anti,ccw,+,cw,1,se,w,pro,ccw,,ccw,0,se,ne,1
F,beta4,gamma11,split,opp,anti,ccw,-,cw,1,se,s,pro,ccw,+,ccw,1,se,e,2
F,beta4,alpha1,split,opp,anti,ccw,-,cw,1,se,s,pro,ccw,-,ccw,1,se,n,2
F,beta4,zeta10,split,opp,anti,ccw,-,cw,1,se,s,pro,ccw,,ccw,0,se,ne,1
F,beta4,zeta11,split,opp,anti,ccw,,cw,0,se,sw,pro,ccw,+,ccw,1,se,e,1
F,beta4,zeta1,split,opp,anti,ccw,,cw,0,se,sw,pro,ccw,-,ccw,1,se,n,1
F,beta6,alpha5,split,opp,anti,ccw,+,cw,1,sw,n,pro,ccw,+,ccw,1,sw,s,2
F,beta6,gamma3,split,opp,anti,ccw,+,cw,1,sw,n,pro,ccw,-,ccw,1,sw,e,2
F,beta6,zeta4,split,opp,anti,ccw,+,cw,1,sw,n,pro,ccw,,ccw,0,sw,se,1
F,beta6,gamma13,split,opp,anti,ccw,-,cw,1,sw,w,pro,ccw,+,ccw,1,sw,s,2
F,beta6,alpha3,split,opp,anti,ccw,-,cw,1,sw,w,pro,ccw,-,ccw,1,sw,e,2
F,beta6,zeta12,split,opp,anti,ccw,-,cw,1,sw,w,pro,ccw,,ccw,0,sw,se,1
F,beta6,zeta13,split,opp,anti,ccw,,cw,0,sw,nw,pro,ccw,+,ccw,1,sw,s,1
F,beta6,zeta3,split,opp,anti,ccw,,cw,0,sw,nw,pro,ccw,-,ccw,1,sw,e,1
F,beta8,alpha7,split,opp,anti,ccw,+,cw,1,nw,e,pro,ccw,+,ccw,1,nw,w,2
F,beta8,gamma5,split,opp,anti,ccw,+,cw,1,nw,e,pro,ccw,-,ccw,1,nw,s,2
F,beta8,zeta6,split,opp,anti,ccw,+,cw,1,nw,e,pro,ccw,,ccw,0,nw,sw,1
F,beta8,gamma15,split,opp,anti,ccw,-,cw,1,nw,n,pro,ccw,+,ccw,1,nw,w,2
F,beta8,alpha5,split,opp,anti,ccw,-,cw,1,nw,n,pro,ccw,-,ccw,1,nw,s,2
F,beta8,zeta14,split,opp,anti,ccw,-,cw,1,nw,n,pro,ccw,,ccw,0,nw,sw,1
F,beta8,zeta15,split,opp,anti,ccw,,cw,0,nw,ne,pro,ccw,+,ccw,1,nw,w,1
F,beta8,zeta5,split,opp,anti,ccw,,cw,0,nw,ne,pro,ccw,-,ccw,1,nw,s,1
F,beta2,alpha5,split,opp,pro,ccw,+,ccw,1,ne,n,anti,ccw,+,cw,1,ne,s,2
F,beta2,gamma3,split,opp,pro,ccw,+,ccw,1,ne,n,anti,ccw,-,cw,1,ne,e,2
F,beta2,zeta4,split,opp,pro,ccw,+,ccw,1,ne,n,anti,ccw,,cw,0,ne,se,1
F,beta2,gamma13,split,opp,pro,ccw,-,ccw,1,ne,w,anti,ccw,+,cw,1,ne,s,2
F,beta2,alpha3,split,opp,pro,ccw,-,ccw,1,ne,w,anti,ccw,-,cw,1,ne,e,2
F,beta2,zeta12,split,opp,pro,ccw,-,ccw,1,ne,w,anti,ccw,,cw,0,ne,se,1
F,beta2,zeta13,split,opp,pro,ccw,,ccw,0,ne,nw,anti,ccw,+,cw,1,ne,s,1
F,beta2,zeta3,split,opp,pro,ccw,,ccw,0,ne,nw,anti,ccw,-,cw,1,ne,e,1
F,beta4,alpha7,split,opp,pro,ccw,+,ccw,1,se,e,anti,ccw,+,cw,1,se,w,2
F,beta4,gamma5,split,opp,pro,ccw,+,ccw,1,se,e,anti,ccw,-,cw,1,se,s,2
F,beta4,zeta6,split,opp,pro,ccw,+,ccw,1,se,e,anti,ccw,,cw,0,se,sw,1
F,beta4,gamma15,split,opp,pro,ccw,-,ccw,1,se,n,anti,ccw,+,cw,1,se,w,2
F,beta4,alpha5,split,opp,pro,ccw,-,ccw,1,se,n,anti,ccw,-,cw,1,se,s,2
F,beta4,zeta14,split,opp,pro,ccw,-,ccw,1,se,n,anti,ccw,,cw,0,se,sw,1
F,beta4,zeta15,split,opp,pro,ccw,,ccw,0,se,ne,anti,ccw,+,cw,1,se,w,1
F,beta4,zeta5,split,opp,pro,ccw,,ccw,0,se,ne,anti,ccw,-,cw,1,se,s,1
F,beta6,alpha1,split,opp,pro,ccw,+,ccw,1,sw,s,anti,ccw,+,cw,1,sw,n,2
F,beta6,gamma7,split,opp,pro,ccw,+,ccw,1,sw,s,anti,ccw,-,cw,1,sw,w,2
F,beta6,zeta8,split,opp,pro,ccw,+,ccw,1,sw,s,anti,ccw,,cw,0,sw,nw,1
F,beta6,gamma9,split,opp,pro,ccw,-,ccw,1,sw,e,anti,ccw,+,cw,1,sw,n,2
F,beta6,alpha7,split,opp,pro,ccw,-,ccw,1,sw,e,anti,ccw,-,cw,1,sw,w,2
F,beta6,zeta16,split,opp,pro,ccw,-,ccw,1,sw,e,anti,ccw,,cw,0,sw,nw,1
F,beta6,zeta9,split,opp,pro,ccw,,ccw,0,sw,se,anti,ccw,+,cw,1,sw,n,1
F,beta6,zeta7,split,opp,pro,ccw,,ccw,0,sw,se,anti,ccw,-,cw,1,sw,w,1
F,beta8,alpha3,split,opp,pro,ccw,+,ccw,1,nw,w,anti,ccw,+,cw,1,nw,e,2
F,beta8,gamma1,split,opp,pro,ccw,+,ccw,1,nw,w,anti,ccw,-,cw,1,nw,n,2
F,beta8,zeta2,split,opp,pro,ccw,+,ccw,1,nw,w,anti,ccw,,cw,0,nw,ne,1
F,beta8,gamma11,split,opp,pro,ccw,-,ccw,1,nw,s,anti,ccw,+,cw,1,nw,e,2
F,beta8,alpha1,split,opp,pro,ccw,-,ccw,1,nw,s,anti,ccw,-,cw,1,nw,n,2
F,beta8,zeta10,split,opp,pro,ccw,-,ccw,1,nw,s,anti,ccw,,cw,0,nw,ne,1
F,beta8,zeta11,split,opp,pro,ccw,,ccw,0,nw,sw,anti,ccw,+,cw,1,nw,e,1
F,beta8,zeta1,split,opp,pro,ccw,,ccw,0,nw,sw,anti,ccw,-,cw,1,nw,n,1
F,beta2,alpha1,split,opp,pro,cw,+,cw,1,ne,s,anti,cw,+,ccw,1,ne,n,2
F,beta2,gamma7,split,opp,pro,cw,+,cw,1,ne,s,anti,cw,-,ccw,1,ne,w,2
F,beta2,zeta8,split,opp,pro,cw,+,cw,1,ne,s,anti,cw,,ccw,0,ne,nw,1
F,beta2,gamma9,split,opp,pro,cw,-,cw,1,ne,e,anti,cw,+,ccw,1,ne,n,2
F,beta2,alpha7,split,opp,pro,cw,-,cw,1,ne,e,anti,cw,-,ccw,1,ne,w,2
F,beta2,zeta16,split,opp,pro,cw,-,cw,1,ne,e,anti,cw,,ccw,0,ne,nw,1
F,beta2,zeta9,split,opp,pro,cw,,cw,0,ne,se,anti,cw,+,ccw,1,ne,n,1
F,beta2,zeta7,split,opp,pro,cw,,cw,0,ne,se,anti,cw,-,ccw,1,ne,w,1
F,beta4,alpha3,split,opp,pro,cw,+,cw,1,se,w,anti,cw,+,ccw,1,se,e,2
F,beta4,gamma1,split,opp,pro,cw,+,cw,1,se,w,anti,cw,-,ccw,1,se,n,2
F,beta4,zeta2,split,opp,pro,cw,+,cw,1,se,w,anti,cw,,ccw,0,se,ne,1
F,beta4,gamma11,split,opp,pro,cw,-,cw,1,se,s,anti,cw,+,ccw,1,se,e,2
F,beta4,alpha1,split,opp,pro,cw,-,cw,1,se,s,anti,cw,-,ccw,1,se,n,2
F,beta4,zeta10,split,opp,pro,cw,-,cw,1,se,s,anti,cw,,ccw,0,se,ne,1
F,beta4,zeta11,split,opp,pro,cw,,cw,0,se,sw,anti,cw,+,ccw,1,se,e,1
F,beta4,zeta1,split,opp,pro,cw,,cw,0,se,sw,anti,cw,-,ccw,1,se,n,1
F,beta6,alpha5,split,opp,pro,cw,+,cw,1,sw,n,anti,cw,+,ccw,1,sw,s,2
F,beta6,gamma3,split,opp,pro,cw,+,cw,1,sw,n,anti,cw,-,ccw,1,sw,e,2
F,beta6,zeta4,split,opp,pro,cw,+,cw,1,sw,n,anti,cw,,ccw,0,sw,se,1
F,beta6,gamma13,split,opp,pro,cw,-,cw,1,sw,w,anti,cw,+,ccw,1,sw,s,2
F,beta6,alpha3,split,opp,pro,cw,-,cw,1,sw,w,anti,cw,-,ccw,1,sw,e,2
F,beta6,zeta12,split,opp,pro,cw,-,cw,1,sw,w,anti,cw,,ccw,0,sw,se,1
F,beta6,zeta13,split,opp,pro,cw,,cw,0,sw,nw,anti,cw,+,ccw,1,sw,s,1
F,beta6,zeta3,split,opp,pro,cw,,cw,0,sw,nw,anti,cw,-,ccw,1,sw,e,1
F,beta8,alpha7,split,opp,pro,cw,+,cw,1,nw,e,anti,cw,+,ccw,1,nw,w,2
F,beta8,gamma5,split,opp,pro,cw,+,cw,1,nw,e,anti,cw,-,ccw,1,nw,s,2
F,beta8,zeta6,split,opp,pro,cw,+,cw,1,nw,e,anti,cw,,ccw,0,nw,sw,1
F,beta8,gamma15,split,opp,pro,cw,-,cw,1,nw,n,anti,cw,+,ccw,1,nw,w,2
F,beta8,alpha5,split,opp,pro,cw,-,cw,1,nw,n,anti,cw,-,ccw,1,nw,s,2
F,beta8,zeta14,split,opp,pro,cw,-,cw,1,nw,n,anti,cw,,ccw,0,nw,sw,1
F,beta8,zeta15,split,opp,pro,cw,,cw,0,nw,ne,anti,cw,+,ccw,1,nw,w,1
F,beta8,zeta5,split,opp,pro,cw,,cw,0,nw,ne,anti,cw,-,ccw,1,nw,s,1
G,beta2,beta5,tog,same,pro,cw,+,cw,1,ne,s,pro,cw,+,cw,1,ne,s,2
G,beta2,gamma11,tog,same,pro,cw,+,cw,1,ne,s,pro,cw,-,cw,1,ne,e,2
G,beta2,eta12,tog,same,pro,cw,+,cw,1,ne,s,pro,cw,,cw,0,ne,se,1
G,beta2,gamma5,tog,same,pro,cw,-,cw,1,ne,e,pro,cw,+,cw,1,ne,s,2
G,beta2,beta3,tog,same,pro,cw,-,cw,1,ne,e,pro,cw,-,cw,1,ne,e,2
G,beta2,eta4,tog,same,pro,cw,-,cw,1,ne,e,pro,cw,,cw,0,ne,se,1
G,beta2,eta5,tog,same,pro,cw,,cw,0,ne,se,pro,cw,+,cw,1,ne,s,1
G,beta2,eta11,tog,same,pro,cw,,cw,0,ne,se,pro,cw,-,cw,1,ne,e,1
G,beta4,beta7,tog,same,pro,cw,+,cw,1,se,w,pro,cw,+,cw,1,se,w,2
G,beta4,gamma13,tog,same,pro,cw,+,cw,1,se,w,pro,cw,-,cw,1,se,s,2
G,beta4,eta14,tog,same,pro,cw,+,cw,1,se,w,pro,cw,,cw,0,se,sw,1
G,beta4,gamma7,tog,same,pro,cw,-,cw,1,se,s,pro,cw,+,cw,1,se,w,2
G,beta4,beta5,tog,same,pro,cw,-,cw,1,se,s,pro,cw,-,cw,1,se,s,2
G,beta4,eta6,tog,same,pro,cw,-,cw,1,se,s,pro,cw,,cw,0,se,sw,1
G,beta4,eta7,tog,same,pro,cw,,cw,0,se,sw,pro,cw,+,cw,1,se,w,1
G,beta4,eta13,tog,same,pro,cw,,cw,0,se,sw,pro,cw,-,cw,1,se,s,1
G,beta6,beta1,tog,same,pro,cw,+,cw,1,sw,n,pro,cw,+,cw,1,sw,n,2
G,beta6,gamma15,tog,same,pro,cw,+,cw,1,sw,n,pro,cw,-,cw,1,sw,w,2
G,beta6,eta16,tog,same,pro,cw,+,cw,1,sw,n,pro,cw,,cw,0,sw,nw,1
G,beta6,gamma1,tog,same,pro,cw,-,cw,1,sw,w,pro,cw,+,cw,1,sw,n,2
G,beta6,beta7,tog,same,pro,cw,-,cw,1,sw,w,pro,cw,-,cw,1,sw,w,2
G,beta6,eta8,tog,same,pro,cw,-,cw,1,sw,w,pro,cw,,cw,0,sw,nw,1
G,beta6,eta1,tog,same,pro,cw,,cw,0,sw,nw,pro,cw,+,cw,1,sw,n,1
G,beta6,eta15,tog,same,pro,cw,,cw,0,sw,nw,pro,cw,-,cw,1,sw,w,1
G,beta8,beta3,tog,same,pro,cw,+,cw,1,nw,e,pro,cw,+,cw,1,nw,e,2
G,beta8,gamma9,tog,same,pro,cw,+,cw,1,nw,e,pro,cw,-,cw,1,nw,n,2
G,beta8,eta10,tog,same,pro,cw,+,cw,1,nw,e,pro,cw,,cw,0,nw,ne,1
G,beta8,gamma3,tog,same,pro,cw,-,cw,1,nw,n,pro,cw,+,cw,1,nw,e,2
G,beta8,beta1,tog,same,pro,cw,-,cw,1,nw,n,pro,cw,-,cw,1,nw,n,2
G,beta8,eta2,tog,same,pro,cw,-,cw,1,nw,n,pro,cw,,cw,0,nw,ne,1
G,beta8,eta3,tog,same,pro,cw,,cw,0,nw,ne,pro,cw,+,cw,1,nw,e,1
G,beta8,eta9,tog,same,pro,cw,,cw,0,nw,ne,pro,cw,-,cw,1,nw,n,1
G,beta2,beta1,tog,same,pro,ccw,+,ccw,1,ne,n,pro,ccw,+,ccw,1,ne,n,2
G,beta2,gamma15,tog,same,pro,ccw,+,ccw,1,ne,n,pro,ccw,-,ccw,1,ne,w,2
G,beta2,eta16,tog,same,pro,ccw,+,ccw,1,ne,n,pro,ccw,,ccw,0,ne,nw,1
G,beta2,gamma1,tog,same,pro,ccw,-,ccw,1,ne,w,pro,ccw,+,ccw,1,ne,n,2
G,beta2,beta7,tog,same,pro,ccw,-,ccw,1,ne,w,pro,ccw,-,ccw,1,ne,w,2
G,beta2,eta8,tog,same,pro,ccw,-,ccw,1,ne,w,pro,ccw,,ccw,0,ne,nw,1
G,beta2,eta1,tog,same,pro,ccw,,ccw,0,ne,nw,pro,ccw,+,ccw,1,ne,n,1
G,beta2,eta15,tog,same,pro,ccw,,ccw,0,ne,nw,pro,ccw,-,ccw,1,ne,w,1
G,beta4,beta3,tog,same,pro,ccw,+,ccw,1,se,e,pro,ccw,+,ccw,1,se,e,2
G,beta4,gamma9,tog,same,pro,ccw,+,ccw,1,se,e,pro,ccw,-,ccw,1,se,n,2
G,beta4,eta10,tog,same,pro,ccw,+,ccw,1,se,e,pro,ccw,,ccw,0,se,ne,1
G,beta4,gamma3,tog,same,pro,ccw,-,ccw,1,se,n,pro,ccw,+,ccw,1,se,e,2
G,beta4,beta1,tog,same,pro,ccw,-,ccw,1,se,n,pro,ccw,-,ccw,1,se,n,2
G,beta4,eta2,tog,same,pro,ccw,-,ccw,1,se,n,pro,ccw,,ccw,0,se,ne,1
G,beta4,eta3,tog,same,pro,ccw,,ccw,0,se,ne,pro,ccw,+,ccw,1,se,e,1
G,beta4,eta9,tog,same,pro,ccw,,ccw,0,se,ne,pro,ccw,-,ccw,1,se,n,1
G,beta8,beta7,tog,same,pro,ccw,+,ccw,1,nw,w,pro,ccw,+,ccw,1,nw,w,2
G,beta8,gamma13,tog,same,pro,ccw,+,ccw,1,nw,w,pro,ccw,-,ccw,1,nw,s,2
G,beta8,eta14,tog,same,pro,ccw,+,ccw,1,nw,w,pro,ccw,,ccw,0,nw,sw,1
G,beta8,gamma7,tog,same,pro,ccw,-,ccw,1,nw,s,pro,ccw,+,ccw,1,nw,w,2
G,beta8,beta5,tog,same,pro,ccw,-,ccw,1,nw,s,pro,ccw,-,ccw,1,nw,s,2
G,beta8,eta6,tog,same,pro,ccw,-,ccw,1,nw,s,pro,ccw,,ccw,0,nw,sw,1
G,beta8,eta7,tog,same,pro,ccw,,ccw,0,nw,sw,pro,ccw,+,ccw,1,nw,w,1
G,beta8,eta13,tog,same,pro,ccw,,ccw,0,nw,sw,pro,ccw,-,ccw,1,nw,s,1
G,beta6,beta5,tog,same,pro,ccw,+,ccw,1,sw,s,pro,ccw,+,ccw,1,sw,s,2
G,beta6,gamma11,tog,same,pro,ccw,+,ccw,1,sw,s,pro,ccw,-,ccw,1,sw,e,2
G,beta6,eta12,tog,same,pro,ccw,+,ccw,1,sw,s,pro,ccw,,ccw,0,sw,se,1
G,beta6,gamma5,tog,same,pro,ccw,-,ccw,1,sw,e,pro,ccw,+,ccw,1,sw,s,2
G,beta6,beta3,tog,same,pro,ccw,-,ccw,1,sw,e,pro,ccw,-,ccw,1,sw,e,2
G,beta6,eta4,tog,same,pro,ccw,-,ccw,1,sw,e,pro,ccw,,ccw,0,sw,se,1
G,beta6,eta5,tog,same,pro,ccw,,ccw,0,sw,se,pro,ccw,+,ccw,1,sw,s,1
G,beta6,eta11,tog,same,pro,ccw,,ccw,0,sw,se,pro,ccw,-,ccw,1,sw,e,1
H,beta2,beta5,tog,same,anti,ccw,+,cw,1,ne,s,anti,ccw,+,cw,1,ne,s,2
H,beta2,gamma11,tog,same,anti,ccw,+,cw,1,ne,s,anti,ccw,-,cw,1,ne,e,2
H,beta2,eta12,tog,same,anti,ccw,+,cw,1,ne,s,anti,ccw,,cw,0,ne,se,1
H,beta2,gamma5,tog,same,anti,ccw,-,cw,1,ne,e,anti,ccw,+,cw,1,ne,s,2
H,beta2,beta3,tog,same,anti,ccw,-,cw,1,ne,e,anti,ccw,-,cw,1,ne,e,2
H,beta2,eta4,tog,same,anti,ccw,-,cw,1,ne,e,anti,ccw,,cw,0,ne,se,1
H,beta2,eta5,tog,same,anti,ccw,,cw,0,ne,se,anti,ccw,+,cw,1,ne,s,1
H,beta2,eta11,tog,same,anti,ccw,,cw,0,ne,se,anti,ccw,-,cw,1,ne,e,1
H,beta4,beta7,tog,same,anti,ccw,+,cw,1,se,w,anti,ccw,+,cw,1,se,w,2
H,beta4,gamma13,tog,same,anti,ccw,+,cw,1,se,w,anti,ccw,-,cw,1,se,s,2
H,beta4,eta14,tog,same,anti,ccw,+,cw,1,se,w,anti,ccw,,cw,0,se,sw,1
H,beta4,gamma7,tog,same,anti,ccw,-,cw,1,se,s,anti,ccw,+,cw,1,se,w,2
H,beta4,beta5,tog,same,anti,ccw,-,cw,1,se,s,anti,ccw,-,cw,1,se,s,2
H,beta4,eta6,tog,same,anti,ccw,-,cw,1,se,s,anti,ccw,,cw,0,se,sw,1
H,beta4,eta7,tog,same,anti,ccw,,cw,0,se,sw,anti,ccw,+,cw,1,se,w,1
H,beta4,eta13,tog,same,anti,ccw,,cw,0,se,sw,anti,ccw,-,cw,1,se,s,1
H,beta6,beta1,tog,same,anti,ccw,+,cw,1,sw,n,anti,ccw,+,cw,1,sw,n,2
H,beta6,gamma15,tog,same,anti,ccw,+,cw,1,sw,n,anti,ccw,-,cw,1,sw,w,2
H,beta6,eta16,tog,same,anti,ccw,+,cw,1,sw,n,anti,ccw,,cw,0,sw,nw,1
H,beta6,gamma1,tog,same,anti,ccw,-,cw,1,sw,w,anti,ccw,+,cw,1,sw,n,2
H,beta6,beta7,tog,same,anti,ccw,-,cw,1,sw,w,anti,ccw,-,cw,1,sw,w,2
H,beta6,eta8,tog,same,anti,ccw,-,cw,1,sw,w,anti,ccw,,cw,0,sw,nw,1
H,beta6,eta1,tog,same,anti,ccw,,cw,0,sw,nw,anti,ccw,+,cw,1,sw,n,1
H,beta6,eta15,tog,same,anti,ccw,,cw,0,sw,nw,anti,ccw,-,cw,1,sw,w,1
H,beta8,beta3,tog,same,anti,ccw,+,cw,1,nw,e,anti,ccw,+,cw,1,nw,e,2
H,beta8,gamma9,tog,same,anti,ccw,+,cw,1,nw,e,anti,ccw,-,cw,1,nw,n,2
H,beta8,eta10,tog,same,anti,ccw,+,cw,1,nw,e,anti,ccw,,cw,0,nw,ne,1
H,beta8,gamma3,tog,same,anti,ccw,-,cw,1,nw,n,anti,ccw,+,cw,1,nw,e,2
H,beta8,beta1,tog,same,anti,ccw,-,cw,1,nw,n,anti,ccw,-,cw,1,nw,n,2
H,beta8,eta2,tog,same,anti,ccw,-,cw,1,nw,n,anti,ccw,,cw,0,nw,ne,1
H,beta8,eta3,tog,same,anti,ccw,,cw,0,nw,ne,anti,ccw,+,cw,1,nw,e,1
H,beta8,eta9,tog,same,anti,ccw,,cw,0,nw,ne,anti,ccw,-,cw,1,nw,n,1
H,beta2,beta1,tog,same,anti,cw,+,ccw,1,ne,n,anti,cw,+,ccw,1,ne,n,2
H,beta2,gamma15,tog,same,anti,cw,+,ccw,1,ne,n,anti,cw,-,ccw,1,ne,w,2
H,beta2,eta16,tog,same,anti,cw,+,ccw,1,ne,n,anti,cw,,ccw,0,ne,nw,1
H,beta2,gamma1,tog,same,anti,cw,-,ccw,1,ne,w,anti,cw,+,ccw,1,ne,n,2
H,beta2,beta7,tog,same,anti,cw,-,ccw,1,ne,w,anti,cw,-,ccw,1,ne,w,2
H,beta2,eta8,tog,same,anti,cw,-,ccw,1,ne,w,anti,cw,,ccw,0,ne,nw,1
H,beta2,eta1,tog,same,anti,cw,,ccw,0,ne,nw,anti,cw,+,ccw,1,ne,n,1
H,beta2,eta15,tog,same,anti,cw,,ccw,0,ne,nw,anti,cw,-,ccw,1,ne,w,1
H,beta8,beta7,tog,same,anti,cw,+,ccw,1,nw,w,anti,cw,+,ccw,1,nw,w,2
H,beta8,gamma13,tog,same,anti,cw,+,ccw,1,nw,w,anti,cw,-,ccw,1,nw,s,2
H,beta8,eta14,tog,same,anti,cw,+,ccw,1,nw,w,anti,cw,,ccw,0,nw,sw,1
H,beta8,gamma7,tog,same,anti,cw,-,ccw,1,nw,s,anti,cw,+,ccw,1,nw,w,2
H,beta8,beta5,tog,same,anti,cw,-,ccw,1,nw,s,anti,cw,-,ccw,1,nw,s,2
H,beta8,eta6,tog,same,anti,cw,-,ccw,1,nw,s,anti,cw,,ccw,0,nw,sw,1
H,beta8,eta7,tog,same,anti,cw,,ccw,0,nw,sw,anti,cw,+,ccw,1,nw,w,1
H,beta8,eta13,tog,same,anti,cw,,ccw,0,nw,sw,anti,cw,-,ccw,1,nw,s,1
H,beta6,beta5,tog,same,anti,cw,+,ccw,1,sw,s,anti,cw,+,ccw,1,sw,s,2
H,beta6,gamma11,tog,same,anti,cw,+,ccw,1,sw,s,anti,cw,-,ccw,1,sw,e,2
H,beta6,eta12,tog,same,anti,cw,+,ccw,1,sw,s,anti,cw,,ccw,0,sw,se,1
H,beta6,gamma5,tog,same,anti,cw,-,ccw,1,sw,e,anti,cw,+,ccw,1,sw,s,2
H,beta6,beta3,tog,same,anti,cw,-,ccw,1,sw,e,anti,cw,-,ccw,1,sw,e,2
H,beta6,eta4,tog,same,anti,cw,-,ccw,1,sw,e,anti,cw,,ccw,0,sw,se,1
H,beta6,eta5,tog,same,anti,cw,,ccw,0,sw,se,anti,cw,+,ccw,1,sw,s,1
H,beta6,eta11,tog,same,anti,cw,,ccw,0,sw,se,anti,cw,-,ccw,1,sw,e,1
H,beta4,beta3,tog,same,anti,cw,+,ccw,1,se,e,anti,cw,+,ccw,1,se,e,2
H,beta4,gamma9,tog,same,anti,cw,+,ccw,1,se,e,anti,cw,-,ccw,1,se,n,2
H,beta4,eta10,tog,same,anti,cw,+,ccw,1,se,e,anti,cw,,ccw,0,se,ne,1
H,beta4,gamma3,tog,same,anti,cw,-,ccw,1,se,n,anti,cw,+,ccw,1,se,e,2
H,beta4,beta1,tog,same,anti,cw,-,ccw,1,se,n,anti,cw,-,ccw,1,se,n,2
H,beta4,eta2,tog,same,anti,cw,-,ccw,1,se,n,anti,cw,,ccw,0,se,ne,1
H,beta4,eta3,tog,same,anti,cw,,ccw,0,se,ne,anti,cw,+,ccw,1,se,e,1
H,beta4,eta9,tog,same,anti,cw,,ccw,0,se,ne,anti,cw,-,ccw,1,se,n,1
I,beta2,beta5,tog,same,anti,ccw,+,cw,1,ne,s,pro,cw,+,cw,1,ne,s,2
I,beta2,gamma11,tog,same,anti,ccw,+,cw,1,ne,s,pro,cw,-,cw,1,ne,e,2
I,beta2,eta12,tog,same,anti,ccw,+,cw,1,ne,s,pro,cw,,cw,0,ne,se,1
I,beta2,gamma5,tog,same,anti,ccw,-,cw,1,ne,e,pro,cw,+,cw,1,ne,s,2
I,beta2,beta3,tog,same,anti,ccw,-,cw,1,ne,e,pro,cw,-,cw,1,ne,e,2
I,beta2,eta4,tog,same,anti,ccw,-,cw,1,ne,e,pro,cw,,cw,0,ne,se,1
I,beta2,eta5,tog,same,anti,ccw,,cw,0,ne,se,pro,cw,+,cw,1,ne,s,1
I,beta2,eta11,tog,same,anti,ccw,,cw,0,ne,se,pro,cw,-,cw,1,ne,e,1
I,beta4,beta7,tog,same,anti,ccw,+,cw,1,se,w,pro,cw,+,cw,1,se,w,2
I,beta4,gamma13,tog,same,anti,ccw,+,cw,1,se,w,pro,cw,-,cw,1,se,s,2
I,beta4,eta14,tog,same,anti,ccw,+,cw,1,se,w,pro,cw,,cw,0,se,sw,1
I,beta4,gamma7,tog,same,anti,ccw,-,cw,1,se,s,pro,cw,+,cw,1,se,w,2
I,beta4,beta5,tog,same,anti,ccw,-,cw,1,se,s,pro,cw,-,cw,1,se,s,2
I,beta4,eta6,tog,same,anti,ccw,-,cw,1,se,s,pro,cw,,cw,0,se,sw,1
I,beta4,eta7,tog,same,anti,ccw,,cw,0,se,sw,pro,cw,+,cw,1,se,w,1
I,beta4,eta13,tog,same,anti,ccw,,cw,0,se,sw,pro,cw,-,cw,1,se,s,1
I,beta6,beta1,tog,same,anti,ccw,+,cw,1,sw,n,pro,cw,+,cw,1,sw,n,2
I,beta6,gamma15,tog,same,anti,ccw,+,cw,1,sw,n,pro,cw,-,cw,1,sw,w,2
I,beta6,eta16,tog,same,anti,ccw,+,cw,1,sw,n,pro,cw,,cw,0,sw,nw,1
I,beta6,gamma1,tog,same,anti,ccw,-,cw,1,sw,w,pro,cw,+,cw,1,sw,n,2
I,beta6,beta7,tog,same,anti,ccw,-,cw,1,sw,w,pro,cw,-,cw,1,sw,w,2
I,beta6,eta8,tog,same,anti,ccw,-,cw,1,sw,w,pro,cw,,cw,0,sw,nw,1
I,beta6,eta1,tog,same,anti,ccw,,cw,0,sw,nw,pro,cw,+,cw,1,sw,n,1
I,beta6,eta15,tog,same,anti,ccw,,cw,0,sw,nw,pro,cw,-,cw,1,sw,w,1
I,beta8,beta3,tog,same,anti,ccw,+,cw,1,nw,e,pro,cw,+,cw,1,nw,e,2
I,beta8,gamma9,tog,same,anti,ccw,+,cw,1,nw,e,pro,cw,-,cw,1,nw,n,2
I,beta8,eta10,tog,same,anti,ccw,+,cw,1,nw,e,pro,cw,,cw,0,nw,ne,1
I,beta8,gamma3,tog,same,anti,ccw,-,cw,1,nw,n,pro,cw,+,cw,1,nw,e,2
I,beta8,beta1,tog,same,anti,ccw,-,cw,1,nw,n,pro,cw,-,cw,1,nw,n,2
I,beta8,eta2,tog,same,anti,ccw,-,cw,1,nw,n,pro,cw,,cw,0,nw,ne,1
I,beta8,eta3,tog,same,anti,ccw,,cw,0,nw,ne,pro,cw,+,cw,1,nw,e,1
I,beta8,eta9,tog,same,anti,ccw,,cw,0,nw,ne,pro,cw,-,cw,1,nw,n,1
I,beta2,beta5,tog,same,pro,cw,+,cw,1,ne,s,anti,ccw,+,cw,1,ne,s,2
I,beta2,gamma11,tog,same,pro,cw,+,cw,1,ne,s,anti,ccw,-,cw,1,ne,e,2
I,beta2,eta12,tog,same,pro,cw,+,cw,1,ne,s,anti,ccw,,cw,0,ne,se,1
I,beta2,gamma5,tog,same,pro,cw,-,cw,1,ne,e,anti,ccw,+,cw,1,ne,s,2
I,beta2,beta3,tog,same,pro,cw,-,cw,1,ne,e,anti,ccw,-,cw,1,ne,e,2
I,beta2,eta4,tog,same,pro,cw,-,cw,1,ne,e,anti,ccw,,cw,0,ne,se,1
I,beta2,eta5,tog,same,pro,cw,,cw,0,ne,se,anti,ccw,+,cw,1,ne,s,1
I,beta2,eta11,tog,same,pro,cw,,cw,0,ne,se,anti,ccw,-,cw,1,ne,e,1
I,beta4,beta7,tog,same,pro,cw,+,cw,1,se,w,anti,ccw,+,cw,1,se,w,2
I,beta4,gamma13,tog,same,pro,cw,+,cw,1,se,w,anti,ccw,-,cw,1,se,s,2
I,beta4,eta14,tog,same,pro,cw,+,cw,1,se,w,anti,ccw,,cw,0,se,sw,1
I,beta4,gamma7,tog,same,pro,cw,-,cw,1,se,s,anti,ccw,+,cw,1,se,w,2
I,beta4,beta5,tog,same,pro,cw,-,cw,1,se,s,anti,ccw,-,cw,1,se,s,2
I,beta4,eta6,tog,same,pro,cw,-,cw,1,se,s,anti,ccw,,cw,0,se,sw,1
I,beta4,eta7,tog,same,pro,cw,,cw,0,se,sw,anti,ccw,+,cw,1,se,w,1
I,beta4,eta13,tog,same,pro,cw,,cw,0,se,sw,anti,ccw,-,cw,1,se,s,1
I,beta6,beta1,tog,same,pro,cw,+,cw,1,sw,n,anti,ccw,+,cw,1,sw,n,2
I,beta6,gamma15,tog,same,pro,cw,+,cw,1,sw,n,anti,ccw,-,cw,1,sw,w,2
I,beta6,eta16,tog,same,pro,cw,+,cw,1,sw,n,anti,ccw,,cw,0,sw,nw,1
I,beta6,gamma1,tog,same,pro,cw,-,cw,1,sw,w,anti,ccw,+,cw,1,sw,n,2
I,beta6,beta7,tog,same,pro,cw,-,cw,1,sw,w,anti,ccw,-,cw,1,sw,w,2
I,beta6,eta8,tog,same,pro,cw,-,cw,1,sw,w,anti,ccw,,cw,0,sw,nw,1
I,beta6,eta1,tog,same,pro,cw,,cw,0,sw,nw,anti,ccw,+,cw,1,sw,n,1
I,beta6,eta15,tog,same,pro,cw,,cw,0,sw,nw,anti,ccw,-,cw,1,sw,w,1
I,beta8,beta3,tog,same,pro,cw,+,cw,1,nw,e,anti,ccw,+,cw,1,nw,e,2
I,beta8,gamma9,tog,same,pro,cw,+,cw,1,nw,e,anti,ccw,-,cw,1,nw,n,2
I,beta8,eta10,tog,same,pro,cw,+,cw,1,nw,e,anti,ccw,,cw,0,nw,ne,1
I,beta8,gamma3,tog,same,pro,cw,-,cw,1,nw,n,anti,ccw,+,cw,1,nw,e,2
I,beta8,beta1,tog,same,pro,cw,-,cw,1,nw,n,anti,ccw,-,cw,1,nw,n,2
I,beta8,eta2,tog,same,pro,cw,-,cw,1,nw,n,anti,ccw,,cw,0,nw,ne,1
I,beta8,eta3,tog,same,pro,cw,,cw,0,nw,ne,anti,ccw,+,cw,1,nw,e,1
I,beta8,eta9,tog,same,pro,cw,,cw,0,nw,ne,anti,ccw,-,cw,1,nw,n,1
I,beta2,beta1,tog,same,anti,cw,+,ccw,1,ne,n,pro,ccw,+,ccw,1,ne,n,2
I,beta2,gamma15,tog,same,anti,cw,+,ccw,1,ne,n,pro,ccw,-,ccw,1,ne,w,2
I,beta2,eta16,tog,same,anti,cw,+,ccw,1,ne,n,pro,ccw,,ccw,0,ne,nw,1
I,beta2,gamma1,tog,same,anti,cw,-,ccw,1,ne,w,pro,ccw,+,ccw,1,ne,n,2
I,beta2,beta7,tog,same,anti,cw,-,ccw,1,ne,w,pro,ccw,-,ccw,1,ne,w,2
I,beta2,eta8,tog,same,anti,cw,-,ccw,1,ne,w,pro,ccw,,ccw,0,ne,nw,1
I,beta2,eta1,tog,same,anti,cw,,ccw,0,ne,nw,pro,ccw,+,ccw,1,ne,n,1
I,beta2,eta15,tog,same,anti,cw,,ccw,0,ne,nw,pro,ccw,-,ccw,1,ne,w,1
I,beta8,beta7,tog,same,anti,cw,+,ccw,1,nw,w,pro,ccw,+,ccw,1,nw,w,2
I,beta8,gamma13,tog,same,anti,cw,+,ccw,1,nw,w,pro,ccw,-,ccw,1,nw,s,2
I,beta8,eta14,tog,same,anti,cw,+,ccw,1,nw,w,pro,ccw,,ccw,0,nw,sw,1
I,beta8,gamma7,tog,same,anti,cw,-,ccw,1,nw,s,pro,ccw,+,ccw,1,nw,w,2
I,beta8,beta5,tog,same,anti,cw,-,ccw,1,nw,s,pro,ccw,-,ccw,1,nw,s,2
I,beta8,eta6,tog,same,anti,cw,-,ccw,1,nw,s,pro,ccw,,ccw,0,nw,sw,1
I,beta8,eta7,tog,same,anti,cw,,ccw,0,nw,sw,pro,ccw,+,ccw,1,nw,w,1
I,beta8,eta13,tog,same,anti,cw,,ccw,0,nw,sw,pro,ccw,-,ccw,1,nw,s,1
I,beta6,beta5,tog,same,anti,cw,+,ccw,1,sw,s,pro,ccw,+,ccw,1,sw,s,2
I,beta6,gamma11,tog,same,anti,cw,+,ccw,1,sw,s,pro,ccw,-,ccw,1,sw,e,2
I,beta6,eta12,tog,same,anti,cw,+,ccw,1,sw,s,pro,ccw,,ccw,0,sw,se,1
I,beta6,gamma5,tog,same,anti,cw,-,ccw,1,sw,e,pro,ccw,+,ccw,1,sw,s,2
I,beta6,beta3,tog,same,anti,cw,-,ccw,1,sw,e,pro,ccw,-,ccw,1,sw,e,2
I,beta6,eta4,tog,same,anti,cw,-,ccw,1,sw,e,pro,ccw,,ccw,0,sw,se,1
I,beta6,eta5,tog,same,anti,cw,,ccw,0,sw,se,pro,ccw,+,ccw,1,sw,s,1
I,beta6,eta11,tog,same,anti,cw,,ccw,0,sw,se,pro,ccw,-,ccw,1,sw,e,1
I,beta4,beta3,tog,same,anti,cw,+,ccw,1,se,e,pro,ccw,+,ccw,1,se,e,2
I,beta4,gamma9,tog,same,anti,cw,+,ccw,1,se,e,pro,ccw,-,ccw,1,se,n,2
I,beta4,eta10,tog,same,anti,cw,+,ccw,1,se,e,pro,ccw,,ccw,0,se,ne,1
I,beta4,gamma3,tog,same,anti,cw,-,ccw,1,se,n,pro,ccw,+,ccw,1,se,e,2
I,beta4,beta1,tog,same,anti,cw,-,ccw,1,se,n,pro,ccw,-,ccw,1,se,n,2
I,beta4,eta2,tog,same,anti,cw,-,ccw,1,se,n,pro,ccw,,ccw,0,se,ne,1
I,beta4,eta3,tog,same,anti,cw,,ccw,0,se,ne,pro,ccw,+,ccw,1,se,e,1
I,beta4,eta9,tog,same,anti,cw,,ccw,0,se,ne,pro,ccw,-,ccw,1,se,n,1
I,beta2,beta1,tog,same,pro,ccw,+,ccw,1,ne,n,anti,cw,+,ccw,1,ne,n,2
I,beta2,gamma15,tog,same,pro,ccw,+,ccw,1,ne,n,anti,cw,-,ccw,1,ne,w,2
I,beta2,eta16,tog,same,pro,ccw,+,ccw,1,ne,n,anti,cw,,ccw,0,ne,nw,1
I,beta2,gamma1,tog,same,pro,ccw,-,ccw,1,ne,w,anti,cw,+,ccw,1,ne,n,2
I,beta2,beta7,tog,same,pro,ccw,-,ccw,1,ne,w,anti,cw,-,ccw,1,ne,w,2
I,beta2,eta8,tog,same,pro,ccw,-,ccw,1,ne,w,anti,cw,,ccw,0,ne,nw,1
I,beta2,eta1,tog,same,pro,ccw,,ccw,0,ne,nw,anti,cw,+,ccw,1,ne,n,1
I,beta2,eta15,tog,same,pro,ccw,,ccw,0,ne,nw,anti,cw,-,ccw,1,ne,w,1
I,beta8,beta7,tog,same,pro,ccw,+,ccw,1,nw,w,anti,cw,+,ccw,1,nw,w,2
I,beta8,gamma13,tog,same,pro,ccw,+,ccw,1,nw,w,anti,cw,-,ccw,1,nw,s,2
I,beta8,eta14,tog,same,pro,ccw,+,ccw,1,nw,w,anti,cw,,ccw,0,nw,sw,1
I,beta8,gamma7,tog,same,pro,ccw,-,ccw,1,nw,s,anti,cw,+,ccw,1,nw,w,2
I,beta8,beta5,tog,same,pro,ccw,-,ccw,1,nw,s,anti,cw,-,ccw,1,nw,s,2
I,beta8,eta6,tog,same,pro,ccw,-,ccw,1,nw,s,anti,cw,,ccw,0,nw,sw,1
I,beta8,eta7,tog,same,pro,ccw,,ccw,0,nw,sw,anti,cw,+,ccw,1,nw,w,1
I,beta8,eta13,tog,same,pro,ccw,,ccw,0,nw,sw,anti,cw,-,ccw,1,nw,s,1
I,beta6,beta5,tog,same,pro,ccw,+,ccw,1,sw,s,anti,cw,+,ccw,1,sw,s,2
I,beta6,gamma11,tog,same,pro,ccw,+,ccw,1,sw,s,anti,cw,-,ccw,1,sw,e,2
I,beta6,eta12,tog,same,pro,ccw,+,ccw,1,sw,s,anti,cw,,ccw,0,sw,se,1
I,beta6,gamma5,tog,same,pro,ccw,-,ccw,1,sw,e,anti,cw,+,ccw,1,sw,s,2
I,beta6,beta3,tog,same,pro,ccw,-,ccw,1,sw,e,anti,cw,-,ccw,1,sw,e,2
I,beta6,eta4,tog,same,pro,ccw,-,ccw,1,sw,e,anti,cw,,ccw,0,sw,se,1
I,beta6,eta5,tog,same,pro,ccw,,ccw,0,sw,se,anti,cw,+,ccw,1,sw,s,1
I,beta6,eta11,tog,same,pro,ccw,,ccw,0,sw,se,anti,cw,-,ccw,1,sw,e,1
I,beta4,beta3,tog,same,pro,ccw,+,ccw,1,se,e,anti,cw,+,ccw,1,se,e,2
I,beta4,gamma9,tog,same,pro,ccw,+,ccw,1,se,e,anti,cw,-,ccw,1,se,n,2
I,beta4,eta10,tog,same,pro,ccw,+,ccw,1,se,e,anti,cw,,ccw,0,se,ne,1
I,beta4,gamma3,tog,same,pro,ccw,-,ccw,1,se,n,anti,cw,+,ccw,1,se,e,2
I,beta4,beta1,tog,same,pro,ccw,-,ccw,1,se,n,anti,cw,-,ccw,1,se,n,2
I,beta4,eta2,tog,same,pro,ccw,-,ccw,1,se,n,anti,cw,,ccw,0,se,ne,1
I,beta4,eta3,tog,same,pro,ccw,,ccw,0,se,ne,anti,cw,+,ccw,1,se,e,1
I,beta4,eta9,tog,same,pro,ccw,,ccw,0,se,ne,anti,cw,-,ccw,1,se,n,1
J,alpha2,beta5,quarter,opp,pro,ccw,+,ccw,1,sw,s,pro,cw,+,cw,1,ne,s,2
J,alpha2,gamma11,quarter,opp,pro,ccw,+,ccw,1,sw,s,pro,cw,-,cw,1,ne,e,2
J,alpha2,eta12,quarter,opp,pro,ccw,+,ccw,1,sw,s,pro,cw,,cw,0,ne,se,1
J,alpha2,gamma5,quarter,opp,pro,ccw,-,ccw,1,sw,e,pro,cw,+,cw,1,ne,s,2
J,alpha2,beta3,quarter,opp,pro,ccw,-,ccw,1,sw,e,pro,cw,-,cw,1,ne,e,2
J,alpha2,eta4,quarter,opp,pro,ccw,-,ccw,1,sw,e,pro,cw,,cw,0,ne,se,1
J,alpha2,eta5,quarter,opp,pro,ccw,,ccw,0,sw,se,pro,cw,+,cw,1,ne,s,1
J,alpha2,eta11,quarter,opp,pro,ccw,,ccw,0,sw,se,pro,cw,-,cw,1,ne,e,1
J,alpha4,beta7,quarter,opp,pro,ccw,+,ccw,1,nw,w,pro,cw,+,cw,1,se,w,2
J,alpha4,gamma13,quarter,opp,pro,ccw,+,ccw,1,nw,w,pro,cw,-,cw,1,se,s,2
J,alpha4,eta14,quarter,opp,pro,ccw,+,ccw,1,nw,w,pro,cw,,cw,0,se,sw,1
J,alpha4,gamma7,quarter,opp,pro,ccw,-,ccw,1,nw,s,pro,cw,+,cw,1,se,w,2
J,alpha4,beta5,quarter,opp,pro,ccw,-,ccw,1,nw,s,pro,cw,-,cw,1,se,s,2
J,alpha4,eta6,quarter,opp,pro,ccw,-,ccw,1,nw,s,pro,cw,,cw,0,se,sw,1
J,alpha4,eta7,quarter,opp,pro,ccw,,ccw,0,nw,sw,pro,cw,+,cw,1,se,w,1
J,alpha4,eta13,quarter,opp,pro,ccw,,ccw,0,nw,sw,pro,cw,-,cw,1,se,s,1
J,alpha6,beta1,quarter,opp,pro,ccw,+,ccw,1,ne,n,pro,cw,+,cw,1,sw,n,2
J,alpha6,gamma15,quarter,opp,pro,ccw,+,ccw,1,ne,n,pro,cw,-,cw,1,sw,w,2
J,alpha6,eta16,quarter,opp,pro,ccw,+,ccw,1,ne,n,pro,cw,,cw,0,sw,nw,1
J,alpha6,gamma1,quarter,opp,pro,ccw,-,ccw,1,ne,w,pro,cw,+,cw,1,sw,n,2
J,alpha6,beta7,quarter,opp,pro,ccw,-,ccw,1,ne,w,pro,cw,-,cw,1,sw,w,2
J,alpha6,eta8,quarter,opp,pro,ccw,-,ccw,1,ne,w,pro,cw,,cw,0,sw,nw,1
J,alpha6,eta1,quarter,opp,pro,ccw,,ccw,0,ne,nw,pro,cw,+,cw,1,sw,n,1
J,alpha6,eta15,quarter,opp,pro,ccw,,ccw,0,ne,nw,pro,cw,-,cw,1,sw,w,1
J,alpha8,beta3,quarter,opp,pro,ccw,+,ccw,1,se,e,pro,cw,+,cw,1,nw,e,2
J,alpha8,gamma9,quarter,opp,pro,ccw,+,ccw,1,se,e,pro,cw,-,cw,1,nw,n,2
J,alpha8,eta10,quarter,opp,pro,ccw,+,ccw,1,se,e,pro,cw,,cw,0,nw,ne,1
J,alpha8,gamma3,quarter,opp,pro,ccw,-,ccw,1,se,n,pro,cw,+,cw,1,nw,e,2
J,alpha8,beta1,quarter,opp,pro,ccw,-,ccw,1,se,n,pro,cw,-,cw,1,nw,n,2
J,alpha8,eta2,quarter,opp,pro,ccw,-,ccw,1,se,n,pro,cw,,cw,0,nw,ne,1
J,alpha8,eta3,quarter,opp,pro,ccw,,ccw,0,se,ne,pro,cw,+,cw,1,nw,e,1
J,alpha8,eta9,quarter,opp,pro,ccw,,ccw,0,se,ne,pro,cw,-,cw,1,nw,n,1
J,alpha2,beta1,quarter,opp,pro,cw,+,cw,1,sw,n,pro,ccw,+,ccw,1,ne,n,2
J,alpha2,gamma15,quarter,opp,pro,cw,+,cw,1,sw,n,pro,ccw,-,ccw,1,ne,w,2
J,alpha2,eta16,quarter,opp,pro,cw,+,cw,1,sw,n,pro,ccw,,ccw,0,ne,nw,1
J,alpha2,gamma1,quarter,opp,pro,cw,-,cw,1,sw,w,pro,ccw,+,ccw,1,ne,n,2
J,alpha2,beta7,quarter,opp,pro,cw,-,cw,1,sw,w,pro,ccw,-,ccw,1,ne,w,2
J,alpha2,eta8,quarter,opp,pro,cw,-,cw,1,sw,w,pro,ccw,,ccw,0,ne,nw,1
J,alpha2,eta1,quarter,opp,pro,cw,,cw,0,sw,nw,pro,ccw,+,ccw,1,ne,n,1
J,alpha2,eta15,quarter,opp,pro,cw,,cw,0,sw,nw,pro,ccw,-,ccw,1,ne,w,1
J,alpha4,beta3,quarter,opp,pro,cw,+,cw,1,nw,e,pro,ccw,+,ccw,1,se,e,2
J,alpha4,gamma9,quarter,opp,pro,cw,+,cw,1,nw,e,pro,ccw,-,ccw,1,se,n,2
J,alpha4,eta10,quarter,opp,pro,cw,+,cw,1,nw,e,pro,ccw,,ccw,0,se,ne,1
J,alpha4,gamma3,quarter,opp,pro,cw,-,cw,1,nw,n,pro,ccw,+,ccw,1,se,e,2
J,alpha4,beta1,quarter,opp,pro,cw,-,cw,1,nw,n,pro,ccw,-,ccw,1,se,n,2
J,alpha4,eta2,quarter,opp,pro,cw,-,cw,1,nw,n,pro,ccw,,ccw,0,se,ne,1
J,alpha4,eta3,quarter,opp,pro,cw,,cw,0,nw,ne,pro,ccw,+,ccw,1,se,e,1
J,alpha4,eta9,quarter,opp,pro,cw,,cw,0,nw,ne,pro,ccw,-,ccw,1,se,n,1
J,alpha6,beta5,quarter,opp,pro,cw,+,cw,1,ne,s,pro,ccw,+,ccw,1,sw,s,2
J,alpha6,gamma11,quarter,opp,pro,cw,+,cw,1,ne,s,pro,ccw,-,ccw,1,sw,e,2
J,alpha6,eta12,quarter,opp,pro,cw,+,cw,1,ne,s,pro,ccw,,ccw,0,sw,se,1
J,alpha6,gamma5,quarter,opp,pro,cw,-,cw,1,ne,e,pro,ccw,+,ccw,1,sw,s,2
J,alpha6,beta3,quarter,opp,pro,cw,-,cw,1,ne,e,pro,ccw,-,ccw,1,sw,e,2
J,alpha6,eta4,quarter,opp,pro,cw,-,cw,1,ne,e,pro,ccw,,ccw,0,sw,se,1
J,alpha6,eta5,quarter,opp,pro,cw,,cw,0,ne,se,pro,ccw,+,ccw,1,sw,s,1
J,alpha6,eta11,quarter,opp,pro,cw,,cw,0,ne,se,pro,ccw,-,ccw,1,sw,e,1
J,alpha8,beta7,quarter,opp,pro,cw,+,cw,1,se,w,pro,ccw,+,ccw,1,nw,w,2
J,alpha8,gamma13,quarter,opp,pro,cw,+,cw,1,se,w,pro,ccw,-,ccw,1,nw,s,2
J,alpha8,eta14,quarter,opp,pro,cw,+,cw,1,se,w,pro,ccw,,ccw,0,nw,sw,1
J,alpha8,gamma7,quarter,opp,pro,cw,-,cw,1,se,s,pro,ccw,+,ccw,1,nw,w,2
J,alpha8,beta5,quarter,opp,pro,cw,-,cw,1,se,s,pro,ccw,-,ccw,1,nw,s,2
J,alpha8,eta6,quarter,opp,pro,cw,-,cw,1,se,s,pro,ccw,,ccw,0,nw,sw,1
J,alpha8,eta7,quarter,opp,pro,cw,,cw,0,se,sw,pro,ccw,+,ccw,1,nw,w,1
J,alpha8,eta13,quarter,opp,pro,cw,,cw,0,se,sw,pro,ccw,-,ccw,1,nw,s,1
K,alpha2,beta5,quarter,opp,anti,cw,+,ccw,1,sw,s,anti,ccw,+,cw,1,ne,s,2
K,alpha2,gamma11,quarter,opp,anti,cw,+,ccw,1,sw,s,anti,ccw,-,cw,1,ne,e,2
K,alpha2,eta12,quarter,opp,anti,cw,+,ccw,1,sw,s,anti,ccw,,cw,0,ne,se,1
K,alpha2,gamma5,quarter,opp,anti,cw,-,ccw,1,sw,e,anti,ccw,+,cw,1,ne,s,2
K,alpha2,beta3,quarter,opp,anti,cw,-,ccw,1,sw,e,anti,ccw,-,cw,1,ne,e,2
K,alpha2,eta4,quarter,opp,anti,cw,-,ccw,1,sw,e,anti,ccw,,cw,0,ne,se,1
K,alpha2,eta5,quarter,opp,anti,cw,,ccw,0,sw,se,anti,ccw,+,cw,1,ne,s,1
K,alpha2,eta11,quarter,opp,anti,cw,,ccw,0,sw,se,anti,ccw,-,cw,1,ne,e,1
K,alpha4,beta7,quarter,opp,anti,cw,+,ccw,1,nw,w,anti,ccw,+,cw,1,se,w,2
K,alpha4,gamma13,quarter,opp,anti,cw,+,ccw,1,nw,w,anti,ccw,-,cw,1,se,s,2
K,alpha4,eta14,quarter,opp,anti,cw,+,ccw,1,nw,w,anti,ccw,,cw,0,se,sw,1
K,alpha4,gamma7,quarter,opp,anti,cw,-,ccw,1,nw,s,anti,ccw,+,cw,1,se,w,2
K,alpha4,beta5,quarter,opp,anti,cw,-,ccw,1,nw,s,anti,ccw,-,cw,1,se,s,2
K,alpha4,eta6,quarter,opp,anti,cw,-,ccw,1,nw,s,anti,ccw,,cw,0,se,sw,1
K,alpha4,eta7,quarter,opp,anti,cw,,ccw,0,nw,sw,anti,ccw,+,cw,1,se,w,1
K,alpha4,eta13,quarter,opp,anti,cw,,ccw,0,nw,sw,anti,ccw,-,cw,1,se,s,1
K,alpha6,beta1,quarter,opp,anti,cw,+,ccw,1,ne,n,anti,ccw,+,cw,1,sw,n,2
K,alpha6,gamma15,quarter,opp,anti,cw,+,ccw,1,ne,n,anti,ccw,-,cw,1,sw,w,2
K,alpha6,eta16,quarter,opp,anti,cw,+,ccw,1,ne,n,anti,ccw,,cw,0,sw,nw,1
K,alpha6,gamma1,quarter,opp,anti,cw,-,ccw,1,ne,w,anti,ccw,+,cw,1,sw,n,2
K,alpha6,beta7,quarter,opp,anti,cw,-,ccw,1,ne,w,anti,ccw,-,cw,1,sw,w,2
K,alpha6,eta8,quarter,opp,anti,cw,-,ccw,1,ne,w,anti,ccw,,cw,0,sw,nw,1
K,alpha6,eta1,quarter,opp,anti,cw,,ccw,0,ne,nw,anti,ccw,+,cw,1,sw,n,1
K,alpha6,eta15,quarter,opp,anti,cw,,ccw,0,ne,nw,anti,ccw,-,cw,1,sw,w,1
K,alpha8,beta3,quarter,opp,anti,cw,+,ccw,1,se,e,anti,ccw,+,cw,1,nw,e,2
K,alpha8,gamma9,quarter,opp,anti,cw,+,ccw,1,se,e,anti,ccw,-,cw,1,nw,n,2
K,alpha8,eta10,quarter,opp,anti,cw,+,ccw,1,se,e,anti,ccw,,cw,0,nw,ne,1
K,alpha8,gamma3,quarter,opp,anti,cw,-,ccw,1,se,n,anti,ccw,+,cw,1,nw,e,2
K,alpha8,beta1,quarter,opp,anti,cw,-,ccw,1,se,n,anti,ccw,-,cw,1,nw,n,2
K,alpha8,eta2,quarter,opp,anti,cw,-,ccw,1,se,n,anti,ccw,,cw,0,nw,ne,1
K,alpha8,eta3,quarter,opp,anti,cw,,ccw,0,se,ne,anti,ccw,+,cw,1,nw,e,1
K,alpha8,eta9,quarter,opp,anti,cw,,ccw,0,se,ne,anti,ccw,-,cw,1,nw,n,1
K,alpha2,beta1,quarter,opp,anti,ccw,+,cw,1,sw,n,anti,cw,+,ccw,1,ne,n,2
K,alpha2,gamma15,quarter,opp,anti,ccw,+,cw,1,sw,n,anti,cw,-,ccw,1,ne,w,2
K,alpha2,eta16,quarter,opp,anti,ccw,+,cw,1,sw,n,anti,cw,,ccw,0,ne,nw,1
K,alpha2,gamma1,quarter,opp,anti,ccw,-,cw,1,sw,w,anti,cw,+,ccw,1,ne,n,2
K,alpha2,beta7,quarter,opp,anti,ccw,-,cw,1,sw,w,anti,cw,-,ccw,1,ne,w,2
K,alpha2,eta8,quarter,opp,anti,ccw,-,cw,1,sw,w,anti,cw,,ccw,0,ne,nw,1
K,alpha2,eta1,quarter,opp,anti,ccw,,cw,0,sw,nw,anti,cw,+,ccw,1,ne,n,1
K,alpha2,eta15,quarter,opp,anti,ccw,,cw,0,sw,nw,anti,cw,-,ccw,1,ne,w,1
K,alpha4,beta3,quarter,opp,anti,ccw,+,cw,1,nw,e,anti,cw,+,ccw,1,se,e,2
K,alpha4,gamma9,quarter,opp,anti,ccw,+,cw,1,nw,e,anti,cw,-,ccw,1,se,n,2
K,alpha4,eta10,quarter,opp,anti,ccw,+,cw,1,nw,e,anti,cw,,ccw,0,se,ne,1
K,alpha4,gamma3,quarter,opp,anti,ccw,-,cw,1,nw,n,anti,cw,+,ccw,1,se,e,2
K,alpha4,beta1,quarter,opp,anti,ccw,-,cw,1,nw,n,anti,cw,-,ccw,1,se,n,2
K,alpha4,eta2,quarter,opp,anti,ccw,-,cw,1,nw,n,anti,cw,,ccw,0,se,ne,1
K,alpha4,eta3,quarter,opp,anti,ccw,,cw,0,nw,ne,anti,cw,+,ccw,1,se,e,1
K,alpha4,eta9,quarter,opp,anti,ccw,,cw,0,nw,ne,anti,cw,-,ccw,1,se,n,1
K,alpha6,beta5,quarter,opp,anti,ccw,+,cw,1,ne,s,anti,cw,+,ccw,1,sw,s,2
K,alpha6,gamma11,quarter,opp,anti,ccw,+,cw,1,ne,s,anti,cw,-,ccw,1,sw,e,2
K,alpha6,eta12,quarter,opp,anti,ccw,+,cw,1,ne,s,anti,cw,,ccw,0,sw,se,1
K,alpha6,gamma5,quarter,opp,anti,ccw,-,cw,1,ne,e,anti,cw,+,ccw,1,sw,s,2
K,alpha6,beta3,quarter,opp,anti,ccw,-,cw,1,ne,e,anti,cw,-,ccw,1,sw,e,2
K,alpha6,eta4,quarter,opp,anti,ccw,-,cw,1,ne,e,anti,cw,,ccw,0,sw,se,1
K,alpha6,eta5,quarter,opp,anti,ccw,,cw,0,ne,se,anti,cw,+,ccw,1,sw,s,1
K,alpha6,eta11,quarter,opp,anti,ccw,,cw,0,ne,se,anti,cw,-,ccw,1,sw,e,1
K,alpha8,beta7,quarter,opp,anti,ccw,+,cw,1,se,w,anti,cw,+,ccw,1,nw,w,2
K,alpha8,gamma13,quarter,opp,anti,ccw,+,cw,1,se,w,anti,cw,-,ccw,1,nw,s,2
K,alpha8,eta14,quarter,opp,anti,ccw,+,cw,1,se,w,anti,cw,,ccw,0,nw,sw,1
K,alpha8,gamma7,quarter,opp,anti,ccw,-,cw,1,se,s,anti,cw,+,ccw,1,nw,w,2
K,alpha8,beta5,quarter,opp,anti,ccw,-,cw,1,se,s,anti,cw,-,ccw,1,nw,s,2
K,alpha8,eta6,quarter,opp,anti,ccw,-,cw,1,se,s,anti,cw,,ccw,0,nw,sw,1
K,alpha8,eta7,quarter,opp,anti,ccw,,cw,0,se,sw,anti,cw,+,ccw,1,nw,w,1
K,alpha8,eta13,quarter,opp,anti,ccw,,cw,0,se,sw,anti,cw,-,ccw,1,nw,s,1
L,alpha2,beta5,quarter,opp,anti,cw,+,ccw,1,sw,s,pro,cw,+,cw,1,ne,s,2
L,alpha2,gamma11,quarter,opp,anti,cw,+,ccw,1,sw,s,pro,cw,-,cw,1,ne,e,2
L,alpha2,eta12,quarter,opp,anti,cw,+,ccw,1,sw,s,pro,cw,,cw,0,ne,se,1
L,alpha2,gamma5,quarter,opp,anti,cw,-,ccw,1,sw,e,pro,cw,+,cw,1,ne,s,2
L,alpha2,beta3,quarter,opp,anti,cw,-,ccw,1,sw,e,pro,cw,-,cw,1,ne,e,2
L,alpha2,eta4,quarter,opp,anti,cw,-,ccw,1,sw,e,pro,cw,,cw,0,ne,se,1
L,alpha2,eta5,quarter,opp,anti,cw,,ccw,0,sw,se,pro,cw,+,cw,1,ne,s,1
L,alpha2,eta11,quarter,opp,anti,cw,,ccw,0,sw,se,pro,cw,-,cw,1,ne,e,1
L,alpha4,beta7,quarter,opp,anti,cw,+,ccw,1,nw,w,pro,cw,+,cw,1,se,w,2
L,alpha4,gamma13,quarter,opp,anti,cw,+,ccw,1,nw,w,pro,cw,-,cw,1,se,s,2
L,alpha4,eta14,quarter,opp,anti,cw,+,ccw,1,nw,w,pro,cw,,cw,0,se,sw,1
L,alpha4,gamma7,quarter,opp,anti,cw,-,ccw,1,nw,s,pro,cw,+,cw,1,se,w,2
L,alpha4,beta5,quarter,opp,anti,cw,-,ccw,1,nw,s,pro,cw,-,cw,1,se,s,2
L,alpha4,eta6,quarter,opp,anti,cw,-,ccw,1,nw,s,pro,cw,,cw,0,se,sw,1
L,alpha4,eta7,quarter,opp,anti,cw,,ccw,0,nw,sw,pro,cw,+,cw,1,se,w,1
L,alpha4,eta13,quarter,opp,anti,cw,,ccw,0,nw,sw,pro,cw,-,cw,1,se,s,1
L,alpha6,beta1,quarter,opp,anti,cw,+,ccw,1,ne,n,pro,cw,+,cw,1,sw,n,2
L,alpha6,gamma15,quarter,opp,anti,cw,+,ccw,1,ne,n,pro,cw,-,cw,1,sw,w,2
L,alpha6,eta16,quarter,opp,anti,cw,+,ccw,1,ne,n,pro,cw,,cw,0,sw,nw,1
L,alpha6,gamma1,quarter,opp,anti,cw,-,ccw,1,ne,w,pro,cw,+,cw,1,sw,n,2
L,alpha6,beta7,quarter,opp,anti,cw,-,ccw,1,ne,w,pro,cw,-,cw,1,sw,w,2
L,alpha6,eta8,quarter,opp,anti,cw,-,ccw,1,ne,w,pro,cw,,cw,0,sw,nw,1
L,alpha6,eta1,quarter,opp,anti,cw,,ccw,0,ne,nw,pro,cw,+,cw,1,sw,n,1
L,alpha6,eta15,quarter,opp,anti,cw,,ccw,0,ne,nw,pro,cw,-,cw,1,sw,w,1
L,alpha8,beta3,quarter,opp,anti,cw,+,ccw,1,se,e,pro,cw,+,cw,1,nw,e,2
L,alpha8,gamma9,quarter,opp,anti,cw,+,ccw,1,se,e,pro,cw,-,cw,1,nw,n,2
L,alpha8,eta10,quarter,opp,anti,cw,+,ccw,1,se,e,pro,cw,,cw,0,nw,ne,1
L,alpha8,gamma3,quarter,opp,anti,cw,-,ccw,1,se,n,pro,cw,+,cw,1,nw,e,2
L,alpha8,beta1,quarter,opp,anti,cw,-,ccw,1,se,n,pro,cw,-,cw,1,nw,n,2
L,alpha8,eta2,quarter,opp,anti,cw,-,ccw,1,se,n,pro,cw,,cw,0,nw,ne,1
L,alpha8,eta3,quarter,opp,anti,cw,,ccw,0,se,ne,pro,cw,+,cw,1,nw,e,1
L,alpha8,eta9,quarter,opp,anti,cw,,ccw,0,se,ne,pro,cw,-,cw,1,nw,n,1
L,alpha2,beta1,quarter,opp,anti,ccw,+,cw,1,sw,n,pro,ccw,+,ccw,1,ne,n,2
L,alpha2,gamma15,quarter,opp,anti,ccw,+,cw,1,sw,n,pro,ccw,-,ccw,1,ne,w,2
L,alpha2,eta16,quarter,opp,anti,ccw,+,cw,1,sw,n,pro,ccw,,ccw,0,ne,nw,1
L,alpha2,gamma1,quarter,opp,anti,ccw,-,cw,1,sw,w,pro,ccw,+,ccw,1,ne,n,2
L,alpha2,beta7,quarter,opp,anti,ccw,-,cw,1,sw,w,pro,ccw,-,ccw,1,ne,w,2
L,alpha2,eta8,quarter,opp,anti,ccw,-,cw,1,sw,w,pro,ccw,,ccw,0,ne,nw,1
L,alpha2,eta1,quarter,opp,anti,ccw,,cw,0,sw,nw,pro,ccw,+,ccw,1,ne,n,1
L,alpha2,eta15,quarter,opp,anti,ccw,,cw,0,sw,nw,pro,ccw,-,ccw,1,ne,w,1
L,alpha4,beta3,quarter,opp,anti,ccw,+,cw,1,nw,e,pro,ccw,+,ccw,1,se,e,2
L,alpha4,gamma9,quarter,opp,anti,ccw,+,cw,1,nw,e,pro,ccw,-,ccw,1,se,n,2
L,alpha4,eta10,quarter,opp,anti,ccw,+,cw,1,nw,e,pro,ccw,,ccw,0,se,ne,1
L,alpha4,gamma3,quarter,opp,anti,ccw,-,cw,1,nw,n,pro,ccw,+,ccw,1,se,e,2
L,alpha4,beta1,quarter,opp,anti,ccw,-,cw,1,nw,n,pro,ccw,-,ccw,1,se,n,2
L,alpha4,eta2,quarter,opp,anti,ccw,-,cw,1,nw,n,pro,ccw,,ccw,0,se,ne,1
L,alpha4,eta3,quarter,opp,anti,ccw,,cw,0,nw,ne,pro,ccw,+,ccw,1,se,e,1
L,alpha4,eta9,quarter,opp,anti,ccw,,cw,0,nw,ne,pro,ccw,-,ccw,1,se,n,1
L,alpha6,beta5,quarter,opp,anti,ccw,+,cw,1,ne,s,pro,ccw,+,ccw,1,sw,s,2
L,alpha6,gamma11,quarter,opp,anti,ccw,+,cw,1,ne,s,pro,ccw,-,ccw,1,sw,e,2
L,alpha6,eta12,quarter,opp,anti,ccw,+,cw,1,ne,s,pro,ccw,,ccw,0,sw,se,1
L,alpha6,gamma5,quarter,opp,anti,ccw,-,cw,1,ne,e,pro,ccw,+,ccw,1,sw,s,2
L,alpha6,beta3,quarter,opp,anti,ccw,-,cw,1,ne,e,pro,ccw,-,ccw,1,sw,e,2
L,alpha6,eta4,quarter,opp,anti,ccw,-,cw,1,ne,e,pro,ccw,,ccw,0,sw,se,1
L,alpha6,eta5,quarter,opp,anti,ccw,,cw,0,ne,se,pro,ccw,+,ccw,1,sw,s,1
L,alpha6,eta11,quarter,opp,anti,ccw,,cw,0,ne,se,pro,ccw,-,ccw,1,sw,e,1
L,alpha8,beta7,quarter,opp,anti,ccw,+,cw,1,se,w,pro,ccw,+,ccw,1,nw,w,2
L,alpha8,gamma13,quarter,opp,anti,ccw,+,cw,1,se,w,pro,ccw,-,ccw,1,nw,s,2
L,alpha8,eta14,quarter,opp,anti,ccw,+,cw,1,se,w,pro,ccw,,ccw,0,nw,sw,1
L,alpha8,gamma7,quarter,opp,anti,ccw,-,cw,1,se,s,pro,ccw,+,ccw,1,nw,w,2
L,alpha8,beta5,quarter,opp,anti,ccw,-,cw,1,se,s,pro,ccw,-,ccw,1,nw,s,2
L,alpha8,eta6,quarter,opp,anti,ccw,-,cw,1,se,s,pro,ccw,,ccw,0,nw,sw,1
L,alpha8,eta7,quarter,opp,anti,ccw,,cw,0,se,sw,pro,ccw,+,ccw,1,nw,w,1
L,alpha8,eta13,quarter,opp,anti,ccw,,cw,0,se,sw,pro,ccw,-,ccw,1,nw,s,1
L,alpha2,beta5,quarter,opp,pro,ccw,+,ccw,1,sw,s,anti,ccw,+,cw,1,ne,s,2
L,alpha2,gamma11,quarter,opp,pro,ccw,+,ccw,1,sw,s,anti,ccw,-,cw,1,ne,e,2
L,alpha2,eta12,quarter,opp,pro,ccw,+,ccw,1,sw,s,anti,ccw,,cw,0,ne,se,1
L,alpha2,gamma5,quarter,opp,pro,ccw,-,ccw,1,sw,e,anti,ccw,+,cw,1,ne,s,2
L,alpha2,beta3,quarter,opp,pro,ccw,-,ccw,1,sw,e,anti,ccw,-,cw,1,ne,e,2
L,alpha2,eta4,quarter,opp,pro,ccw,-,ccw,1,sw,e,anti,ccw,,cw,0,ne,se,1
L,alpha2,eta5,quarter,opp,pro,ccw,,ccw,0,sw,se,anti,ccw,+,cw,1,ne,s,1
L,alpha2,eta11,quarter,opp,pro,ccw,,ccw,0,sw,se,anti,ccw,-,cw,1,ne,e,1
L,alpha4,beta7,quarter,opp,pro,ccw,+,ccw,1,nw,w,anti,ccw,+,cw,1,se,w,2
L,alpha4,gamma13,quarter,opp,pro,ccw,+,ccw,1,nw,w,anti,ccw,-,cw,1,se,s,2
L,alpha4,eta14,quarter,opp,pro,ccw,+,ccw,1,nw,w,anti,ccw,,cw,0,se,sw,1
L,alpha4,gamma7,quarter,opp,pro,ccw,-,ccw,1,nw,s,anti,ccw,+,cw,1,se,w,2
L,alpha4,beta5,quarter,opp,pro,ccw,-,ccw,1,nw,s,anti,ccw,-,cw,1,se,s,2
L,alpha4,eta6,quarter,opp,pro,ccw,-,ccw,1,nw,s,anti,ccw,,cw,0,se,sw,1
L,alpha4,eta7,quarter,opp,pro,ccw,,ccw,0,nw,sw,anti,ccw,+,cw,1,se,w,1
L,alpha4,eta13,quarter,opp,pro,ccw,,ccw,0,nw,sw,anti,ccw,-,cw,1,se,s,1
L,alpha6,beta1,quarter,opp,pro,ccw,+,ccw,1,ne,n,anti,ccw,+,cw,1,sw,n,2
L,alpha6,gamma15,quarter,opp,pro,ccw,+,ccw,1,ne,n,anti,ccw,-,cw,1,sw,w,2
L,alpha6,eta16,quarter,opp,pro,ccw,+,ccw,1,ne,n,anti,ccw,,cw,0,sw,nw,1
L,alpha6,gamma1,quarter,opp,pro,ccw,-,ccw,1,ne,w,anti,ccw,+,cw,1,sw,n,2
L,alpha6,beta7,quarter,opp,pro,ccw,-,ccw,1,ne,w,anti,ccw,-,cw,1,sw,w,2
L,alpha6,eta8,quarter,opp,pro,ccw,-,ccw,1,ne,w,anti,ccw,,cw,0,sw,nw,1
L,alpha6,eta1,quarter,opp,pro,ccw,,ccw,0,ne,nw,anti,ccw,+,cw,1,sw,n,1
L,alpha6,eta15,quarter,opp,pro,ccw,,ccw,0,ne,nw,anti,ccw,-,cw,1,sw,w,1
L,alpha8,beta3,quarter,opp,pro,ccw,+,ccw,1,se,e,anti,ccw,+,cw,1,nw,e,2
L,alpha8,gamma9,quarter,opp,pro,ccw,+,ccw,1,se,e,anti,ccw,-,cw,1,nw,n,2
L,alpha8,eta10,quarter,opp,pro,ccw,+,ccw,1,se,e,anti,ccw,,cw,0,nw,ne,1
L,alpha8,gamma3,quarter,opp,pro,ccw,-,ccw,1,se,n,anti,ccw,+,cw,1,nw,e,2
L,alpha8,beta1,quarter,opp,pro,ccw,-,ccw,1,se,n,anti,ccw,-,cw,1,nw,n,2
L,alpha8,eta2,quarter,opp,pro,ccw,-,ccw,1,se,n,anti,ccw,,cw,0,nw,ne,1
L,alpha8,eta3,quarter,opp,pro,ccw,,ccw,0,se,ne,anti,ccw,+,cw,1,nw,e,1
L,alpha8,eta9,quarter,opp,pro,ccw,,ccw,0,se,ne,anti,ccw,-,cw,1,nw,n,1
L,alpha2,beta1,quarter,opp,pro,cw,+,cw,1,sw,n,anti,cw,+,ccw,1,ne,n,2
L,alpha2,gamma15,quarter,opp,pro,cw,+,cw,1,sw,n,anti,cw,-,ccw,1,ne,w,2
L,alpha2,eta16,quarter,opp,pro,cw,+,cw,1,sw,n,anti,cw,,ccw,0,ne,nw,1
L,alpha2,gamma1,quarter,opp,pro,cw,-,cw,1,sw,w,anti,cw,+,ccw,1,ne,n,2
L,alpha2,beta7,quarter,opp,pro,cw,-,cw,1,sw,w,anti,cw,-,ccw,1,ne,w,2
L,alpha2,eta8,quarter,opp,pro,cw,-,cw,1,sw,w,anti,cw,,ccw,0,ne,nw,1
L,alpha2,eta1,quarter,opp,pro,cw,,cw,0,sw,nw,anti,cw,+,ccw,1,ne,n,1
L,alpha2,eta15,quarter,opp,pro,cw,,cw,0,sw,nw,anti,cw,-,ccw,1,ne,w,1
L,alpha4,beta3,quarter,opp,pro,cw,+,cw,1,nw,e,anti,cw,+,ccw,1,se,e,2
L,alpha4,gamma9,quarter,opp,pro,cw,+,cw,1,nw,e,anti,cw,-,ccw,1,se,n,2
L,alpha4,eta10,quarter,opp,pro,cw,+,cw,1,nw,e,anti,cw,,ccw,0,se,ne,1
L,alpha4,gamma3,quarter,opp,pro,cw,-,cw,1,nw,n,anti,cw,+,ccw,1,se,e,2
L,alpha4,beta1,quarter,opp,pro,cw,-,cw,1,nw,n,anti,cw,-,ccw,1,se,n,2
L,alpha4,eta2,quarter,opp,pro,cw,-,cw,1,nw,n,anti,cw,,ccw,0,se,ne,1
L,alpha4,eta3,quarter,opp,pro,cw,,cw,0,nw,ne,anti,cw,+,ccw,1,se,e,1
L,alpha4,eta9,quarter,opp,pro,cw,,cw,0,nw,ne,anti,cw,-,ccw,1,se,n,1
L,alpha6,beta5,quarter,opp,pro,cw,+,cw,1,ne,s,anti,cw,+,ccw,1,sw,s,2
L,alpha6,gamma11,quarter,opp,pro,cw,+,cw,1,ne,s,anti,cw,-,ccw,1,sw,e,2
L,alpha6,eta12,quarter,opp,pro,cw,+,cw,1,ne,s,anti,cw,,ccw,0,sw,se,1
L,alpha6,gamma5,quarter,opp,pro,cw,-,cw,1,ne,e,anti,cw,+,ccw,1,sw,s,2
L,alpha6,beta3,quarter,opp,pro,cw,-,cw,1,ne,e,anti,cw,-,ccw,1,sw,e,2
L,alpha6,eta4,quarter,opp,pro,cw,-,cw,1,ne,e,anti,cw,,ccw,0,sw,se,1
L,alpha6,eta5,quarter,opp,pro,cw,,cw,0,ne,se,anti,cw,+,ccw,1,sw,s,1
L,alpha6,eta11,quarter,opp,pro,cw,,cw,0,ne,se,anti,cw,-,ccw,1,sw,e,1
L,alpha8,beta7,quarter,opp,pro,cw,+,cw,1,se,w,anti,cw,+,ccw,1,nw,w,2
L,alpha8,gamma13,quarter,opp,pro,cw,+,cw,1,se,w,anti,cw,-,ccw,1,nw,s,2
L,alpha8,eta14,quarter,opp,pro,cw,+,cw,1,se,w,anti,cw,,ccw,0,nw,sw,1
L,alpha8,gamma7,quarter,opp,pro,cw,-,cw,1,se,s,anti,cw,+,ccw,1,nw,w,2
L,alpha8,beta5,quarter,opp,pro,cw,-,cw,1,se,s,anti,cw,-,ccw,1,nw,s,2
L,alpha8,eta6,quarter,opp,pro,cw,-,cw,1,se,s,anti,cw,,ccw,0,nw,sw,1
L,alpha8,eta7,quarter,opp,pro,cw,,cw,0,se,sw,anti,cw,+,ccw,1,nw,w,1
L,alpha8,eta13,quarter,opp,pro,cw,,cw,0,se,sw,anti,cw,-,ccw,1,nw,s,1
M,gamma10,gamma1,split,opp,pro,cw,+,cw,1,se,w,pro,ccw,+,ccw,1,ne,n,2
M,gamma10,beta7,split,opp,pro,cw,+,cw,1,se,w,pro,ccw,-,ccw,1,ne,w,2
M,gamma10,eta8,split,opp,pro,cw,+,cw,1,se,w,pro,ccw,,ccw,0,ne,nw,1
M,gamma10,alpha1,split,opp,pro,cw,-,cw,1,se,s,pro,ccw,+,ccw,1,ne,n,2
M,gamma10,gamma7,split,opp,pro,cw,-,cw,1,se,s,pro,ccw,-,ccw,1,ne,w,2
M,gamma10,zeta8,split,opp,pro,cw,-,cw,1,se,s,pro,ccw,,ccw,0,ne,nw,1
M,gamma10,zeta1,split,opp,pro,cw,,cw,0,se,sw,pro,ccw,+,ccw,1,ne,n,1
M,gamma10,eta7,split,opp,pro,cw,,cw,0,se,sw,pro,ccw,-,ccw,1,ne,w,1
M,gamma12,gamma3,tog,opp,pro,cw,+,cw,1,sw,n,pro,ccw,+,ccw,1,se,e,2
M,gamma12,beta1,tog,opp,pro,cw,+,cw,1,sw,n,pro,ccw,-,ccw,1,se,n,2
M,gamma12,eta2,tog,opp,pro,cw,+,cw,1,sw,n,pro,ccw,,ccw,0,se,ne,1
M,gamma12,alpha3,tog,opp,pro,cw,-,cw,1,sw,w,pro,ccw,+,ccw,1,se,e,2
M,gamma12,gamma1,tog,opp,pro,cw,-,cw,1,sw,w,pro,ccw,-,ccw,1,se,n,2
M,gamma12,zeta2,tog,opp,pro,cw,-,cw,1,sw,w,pro,ccw,,ccw,0,se,ne,1
M,gamma12,zeta3,tog,opp,pro,cw,,cw,0,sw,nw,pro,ccw,+,ccw,1,se,e,1
M,gamma12,eta1,tog,opp,pro,cw,,cw,0,sw,nw,pro,ccw,-,ccw,1,se,n,1
M,gamma14,gamma5,split,opp,pro,cw,+,cw,1,nw,e,pro,ccw,+,ccw,1,sw,s,2
M,gamma14,beta3,split,opp,pro,cw,+,cw,1,nw,e,pro,ccw,-,ccw,1,sw,e,2
M,gamma14,eta4,split,opp,pro,cw,+,cw,1,nw,e,pro,ccw,,ccw,0,sw,se,1
M,gamma14,alpha5,split,opp,pro,cw,-,cw,1,nw,n,pro,ccw,+,ccw,1,sw,s,2
M,gamma14,gamma3,split,opp,pro,cw,-,cw,1,nw,n,pro,ccw,-,ccw,1,sw,e,2
M,gamma14,zeta4,split,opp,pro,cw,-,cw,1,nw,n,pro,ccw,,ccw,0,sw,se,1
M,gamma14,zeta5,split,opp,pro,cw,,cw,0,nw,ne,pro,ccw,+,ccw,1,sw,s,1
M,gamma14,eta3,split,opp,pro,cw,,cw,0,nw,ne,pro,ccw,-,ccw,1,sw,e,1
M,gamma16,gamma7,tog,opp,pro,cw,+,cw,1,ne,s,pro,ccw,+,ccw,1,nw,w,2
M,gamma16,beta5,tog,opp,pro,cw,+,cw,1,ne,s,pro,ccw,-,ccw,1,nw,s,2
M,gamma16,eta6,tog,opp,pro,cw,+,cw,1,ne,s,pro,ccw,,ccw,0,nw,sw,1
M,gamma16,alpha7,tog,opp,pro,cw,-,cw,1,ne,e,pro,ccw,+,ccw,1,nw,w,2
M,gamma16,gamma5,tog,opp,pro,cw,-,cw,1,ne,e,pro,ccw,-,ccw,1,nw,s,2
M,gamma16,zeta6,tog,opp,pro,cw,-,cw,1,ne,e,pro,ccw,,ccw,0,nw,sw,1
M,gamma16,zeta7,tog,opp,pro,cw,,cw,0,ne,se,pro,ccw,+,ccw,1,nw,w,1
M,gamma16,eta5,tog,opp,pro,cw,,cw,0,ne,se,pro,ccw,-,ccw,1,nw,s,1
M,gamma8,gamma11,split,opp,pro,ccw,+,ccw,1,sw,s,pro,cw,+,cw,1,nw,e,2
M,gamma8,alpha1,split,opp,pro,ccw,+,ccw,1,sw,s,pro,cw,-,cw,1,nw,n,2
M,gamma8,zeta10,split,opp,pro,ccw,+,ccw,1,sw,s,pro,cw,,cw,0,nw,ne,1
M,gamma8,beta3,split,opp,pro,ccw,-,ccw,1,sw,e,pro,cw,+,cw,1,nw,e,2
M,gamma8,gamma9,split,opp,pro,ccw,-,ccw,1,sw,e,pro,cw,-,cw,1,nw,n,2
M,gamma8,eta10,split,opp,pro,ccw,-,ccw,1,sw,e,pro,cw,,cw,0,nw,ne,1
M,gamma8,eta11,split,opp,pro,ccw,,ccw,0,sw,se,pro,cw,+,cw,1,nw,e,1
M,gamma8,zeta9,split,opp,pro,ccw,,ccw,0,sw,se,pro,cw,-,cw,1,nw,n,1
M,gamma2,gamma13,tog,opp,pro,ccw,+,ccw,1,nw,w,pro,cw,+,cw,1,ne,s,2
M,gamma2,alpha3,tog,opp,pro,ccw,+,ccw,1,nw,w,pro,cw,-,cw,1,ne,e,2
M,gamma2,zeta12,tog,opp,pro,ccw,+,ccw,1,nw,w,pro,cw,,cw,0,ne,se,1
M,gamma2,beta5,tog,opp,pro,ccw,-,ccw,1,nw,s,pro,cw,+,cw,1,ne,s,2
M,gamma2,gamma11,tog,opp,pro,ccw,-,ccw,1,nw,s,pro,cw,-,cw,1,ne,e,2
M,gamma2,eta12,tog,opp,pro,ccw,-,ccw,1,nw,s,pro,cw,,cw,0,ne,se,1
M,gamma2,eta13,tog,opp,pro,ccw,,ccw,0,nw,sw,pro,cw,+,cw,1,ne,s,1
M,gamma2,zeta11,tog,opp,pro,ccw,,ccw,0,nw,sw,pro,cw,-,cw,1,ne,e,1
M,gamma4,gamma15,split,opp,pro,ccw,+,ccw,1,ne,n,pro,cw,+,cw,1,se,w,2
M,gamma4,alpha5,split,opp,pro,ccw,+,ccw,1,ne,n,pro,cw,-,cw,1,se,s,2
M,gamma4,zeta14,split,opp,pro,ccw,+,ccw,1,ne,n,pro,cw,,cw,0,se,sw,1
M,gamma4,beta7,split,opp,pro,ccw,-,ccw,1,ne,w,pro,cw,+,cw,1,se,w,2
M,gamma4,gamma13,split,opp,pro,ccw,-,ccw,1,ne,w,pro,cw,-,cw,1,se,s,2
M,gamma4,eta14,split,opp,pro,ccw,-,ccw,1,ne,w,pro,cw,,cw,0,se,sw,1
M,gamma4,eta15,split,opp,pro,ccw,,ccw,0,ne,nw,pro,cw,+,cw,1,se,w,1
M,gamma4,zeta13,split,opp,pro,ccw,,ccw,0,ne,nw,pro,cw,-,cw,1,se,s,1
M,gamma6,gamma9,tog,opp,pro,ccw,+,ccw,1,se,e,pro,cw,+,cw,1,sw,n,2
M,gamma6,alpha7,tog,opp,pro,ccw,+,ccw,1,se,e,pro,cw,-,cw,1,sw,w,2
M,gamma6,zeta16,tog,opp,pro,ccw,+,ccw,1,se,e,pro,cw,,cw,0,sw,nw,1
M,gamma6,beta1,tog,opp,pro,ccw,-,ccw,1,se,n,pro,cw,+,cw,1,sw,n,2
M,gamma6,gamma15,tog,opp,pro,ccw,-,ccw,1,se,n,pro,cw,-,cw,1,sw,w,2
M,gamma6,eta16,tog,opp,pro,ccw,-,ccw,1,se,n,pro,cw,,cw,0,sw,nw,1
M,gamma6,eta9,tog,opp,pro,ccw,,ccw,0,se,ne,pro,cw,+,cw,1,sw,n,1
M,gamma6,zeta15,tog,opp,pro,ccw,,ccw,0,se,ne,pro,cw,-,cw,1,sw,w,1
N,gamma10,gamma1,split,opp,anti,ccw,+,cw,1,se,w,anti,cw,+,ccw,1,ne,n,2
N,gamma10,beta7,split,opp,anti,ccw,+,cw,1,se,w,anti,cw,-,ccw,1,ne,w,2
N,gamma10,eta8,split,opp,anti,ccw,+,cw,1,se,w,anti,cw,,ccw,0,ne,nw,1
N,gamma10,alpha1,split,opp,anti,ccw,-,cw,1,se,s,anti,cw,+,ccw,1,ne,n,2
N,gamma10,gamma7,split,opp,anti,ccw,-,cw,1,se,s,anti,cw,-,ccw,1,ne,w,2
N,gamma10,zeta8,split,opp,anti,ccw,-,cw,1,se,s,anti,cw,,ccw,0,ne,nw,1
N,gamma10,zeta1,split,opp,anti,ccw,,cw,0,se,sw,anti,cw,+,ccw,1,ne,n,1
N,gamma10,eta7,split,opp,anti,ccw,,cw,0,se,sw,anti,cw,-,ccw,1,ne,w,1
N,gamma12,gamma3,tog,opp,anti,ccw,+,cw,1,sw,n,anti,cw,+,ccw,1,se,e,2
N,gamma12,beta1,tog,opp,anti,ccw,+,cw,1,sw,n,anti,cw,-,ccw,1,se,n,2
N,gamma12,eta2,tog,opp,anti,ccw,+,cw,1,sw,n,anti,cw,,ccw,0,se,ne,1
N,gamma12,alpha3,tog,opp,anti,ccw,-,cw,1,sw,w,anti,cw,+,ccw,1,se,e,2
N,gamma12,gamma1,tog,opp,anti,ccw,-,cw,1,sw,w,anti,cw,-,ccw,1,se,n,2
N,gamma12,zeta2,tog,opp,anti,ccw,-,cw,1,sw,w,anti,cw,,ccw,0,se,ne,1
N,gamma12,zeta3,tog,opp,anti,ccw,,cw,0,sw,nw,anti,cw,+,ccw,1,se,e,1
N,gamma12,eta1,tog,opp,anti,ccw,,cw,0,sw,nw,anti,cw,-,ccw,1,se,n,1
N,gamma14,gamma5,split,opp,anti,ccw,+,cw,1,nw,e,anti,cw,+,ccw,1,sw,s,2
N,gamma14,beta3,split,opp,anti,ccw,+,cw,1,nw,e,anti,cw,-,ccw,1,sw,e,2
N,gamma14,eta4,split,opp,anti,ccw,+,cw,1,nw,e,anti,cw,,ccw,0,sw,se,1
N,gamma14,alpha5,split,opp,anti,ccw,-,cw,1,nw,n,anti,cw,+,ccw,1,sw,s,2
N,gamma14,gamma3,split,opp,anti,ccw,-,cw,1,nw,n,anti,cw,-,ccw,1,sw,e,2
N,gamma14,zeta4,split,opp,anti,ccw,-,cw,1,nw,n,anti,cw,,ccw,0,sw,se,1
N,gamma14,zeta5,split,opp,anti,ccw,,cw,0,nw,ne,anti,cw,+,ccw,1,sw,s,1
N,gamma14,eta3,split,opp,anti,ccw,,cw,0,nw,ne,anti,cw,-,ccw,1,sw,e,1
N,gamma16,gamma7,tog,opp,anti,ccw,+,cw,1,ne,s,anti,cw,+,ccw,1,nw,w,2
N,gamma16,beta5,tog,opp,anti,ccw,+,cw,1,ne,s,anti,cw,-,ccw,1,nw,s,2
N,gamma16,eta6,tog,opp,anti,ccw,+,cw,1,ne,s,anti,cw,,ccw,0,nw,sw,1
N,gamma16,alpha7,tog,opp,anti,ccw,-,cw,1,ne,e,anti,cw,+,ccw,1,nw,w,2
N,gamma16,gamma5,tog,opp,anti,ccw,-,cw,1,ne,e,anti,cw,-,ccw,1,nw,s,2
N,gamma16,zeta6,tog,opp,anti,ccw,-,cw,1,ne,e,anti,cw,,ccw,0,nw,sw,1
N,gamma16,zeta7,tog,opp,anti,ccw,,cw,0,ne,se,anti,cw,+,ccw,1,nw,w,1
N,gamma16,eta5,tog,opp,anti,ccw,,cw,0,ne,se,anti,cw,-,ccw,1,nw,s,1
N,gamma8,gamma11,split,opp,anti,cw,+,ccw,1,sw,s,anti,ccw,+,cw,1,nw,e,2
N,gamma8,alpha1,split,opp,anti,cw,+,ccw,1,sw,s,anti,ccw,-,cw,1,nw,n,2
N,gamma8,zeta10,split,opp,anti,cw,+,ccw,1,sw,s,anti,ccw,,cw,0,nw,ne,1
N,gamma8,beta3,split,opp,anti,cw,-,ccw,1,sw,e,anti,ccw,+,cw,1,nw,e,2
N,gamma8,gamma9,split,opp,anti,cw,-,ccw,1,sw,e,anti,ccw,-,cw,1,nw,n,2
N,gamma8,eta10,split,opp,anti,cw,-,ccw,1,sw,e,anti,ccw,,cw,0,nw,ne,1
N,gamma8,eta11,split,opp,anti,cw,,ccw,0,sw,se,anti,ccw,+,cw,1,nw,e,1
N,gamma8,zeta9,split,opp,anti,cw,,ccw,0,sw,se,anti,ccw,-,cw,1,nw,n,1
N,gamma2,gamma13,tog,opp,anti,cw,+,ccw,1,nw,w,anti,ccw,+,cw,1,ne,s,2
N,gamma2,alpha3,tog,opp,anti,cw,+,ccw,1,nw,w,anti,ccw,-,cw,1,ne,e,2
N,gamma2,zeta12,tog,opp,anti,cw,+,ccw,1,nw,w,anti,ccw,,cw,0,ne,se,1
N,gamma2,beta5,tog,opp,anti,cw,-,ccw,1,nw,s,anti,ccw,+,cw,1,ne,s,2
N,gamma2,gamma11,tog,opp,anti,cw,-,ccw,1,nw,s,anti,ccw,-,cw,1,ne,e,2
N,gamma2,eta12,tog,opp,anti,cw,-,ccw,1,nw,s,anti,ccw,,cw,0,ne,se,1
N,gamma2,eta13,tog,opp,anti,cw,,ccw,0,nw,sw,anti,ccw,+,cw,1,ne,s,1
N,gamma2,zeta11,tog,opp,anti,cw,,ccw,0,nw,sw,anti,ccw,-,cw,1,ne,e,1
N,gamma4,gamma15,split,opp,anti,cw,+,ccw,1,ne,n,anti,ccw,+,cw,1,se,w,2
N,gamma4,alpha5,split,opp,anti,cw,+,ccw,1,ne,n,anti,ccw,-,cw,1,se,s,2
N,gamma4,zeta14,split,opp,anti,cw,+,ccw,1,ne,n,anti,ccw,,cw,0,se,sw,1
N,gamma4,beta7,split,opp,anti,cw,-,ccw,1,ne,w,anti,ccw,+,cw,1,se,w,2
N,gamma4,gamma13,split,opp,anti,cw,-,ccw,1,ne,w,anti,ccw,-,cw,1,se,s,2
N,gamma4,eta14,split,opp,anti,cw,-,ccw,1,ne,w,anti,ccw,,cw,0,se,sw,1
N,gamma4,eta15,split,opp,anti,cw,,ccw,0,ne,nw,anti,ccw,+,cw,1,se,w,1
N,gamma4,zeta13,split,opp,anti,cw,,ccw,0,ne,nw,anti,ccw,-,cw,1,se,s,1
N,gamma6,gamma9,tog,opp,anti,cw,+,ccw,1,se,e,anti,ccw,+,cw,1,sw,n,2
N,gamma6,alpha7,tog,opp,anti,cw,+,ccw,1,se,e,anti,ccw,-,cw,1,sw,w,2
N,gamma6,zeta16,tog,opp,anti,cw,+,ccw,1,se,e,anti,ccw,,cw,0,sw,nw,1
N,gamma6,beta1,tog,opp,anti,cw,-,ccw,1,se,n,anti,ccw,+,cw,1,sw,n,2
N,gamma6,gamma15,tog,opp,anti,cw,-,ccw,1,se,n,anti,ccw,-,cw,1,sw,w,2
N,gamma6,eta16,tog,opp,anti,cw,-,ccw,1,se,n,anti,ccw,,cw,0,sw,nw,1
N,gamma6,eta9,tog,opp,anti,cw,,ccw,0,se,ne,anti,ccw,+,cw,1,sw,n,1
N,gamma6,zeta15,tog,opp,anti,cw,,ccw,0,se,ne,anti,ccw,-,cw,1,sw,w,1
O,gamma10,gamma1,split,opp,anti,ccw,+,cw,1,se,w,pro,ccw,+,ccw,1,ne,n,2
O,gamma10,beta7,split,opp,anti,ccw,+,cw,1,se,w,pro,ccw,-,ccw,1,ne,w,2
O,gamma10,eta8,split,opp,anti,ccw,+,cw,1,se,w,pro,ccw,,ccw,0,ne,nw,1
O,gamma10,alpha1,split,opp,anti,ccw,-,cw,1,se,s,pro,ccw,+,ccw,1,ne,n,2
O,gamma10,gamma7,split,opp,anti,ccw,-,cw,1,se,s,pro,ccw,-,ccw,1,ne,w,2
O,gamma10,zeta8,split,opp,anti,ccw,-,cw,1,se,s,pro,ccw,,ccw,0,ne,nw,1
O,gamma10,zeta1,split,opp,anti,ccw,,cw,0,se,sw,pro,ccw,+,ccw,1,ne,n,1
O,gamma10,eta7,split,opp,anti,ccw,,cw,0,se,sw,pro,ccw,-,ccw,1,ne,w,1
O,gamma12,gamma3,tog,opp,anti,ccw,+,cw,1,sw,n,pro,ccw,+,ccw,1,se,e,2
O,gamma12,beta1,tog,opp,anti,ccw,+,cw,1,sw,n,pro,ccw,-,ccw,1,se,n,2
O,gamma12,eta2,tog,opp,anti,ccw,+,cw,1,sw,n,pro,ccw,,ccw,0,se,ne,1
O,gamma12,alpha3,tog,opp,anti,ccw,-,cw,1,sw,w,pro,ccw,+,ccw,1,se,e,2
O,gamma12,gamma1,tog,opp,anti,ccw,-,cw,1,sw,w,pro,ccw,-,ccw,1,se,n,2
O,gamma12,zeta2,tog,opp,anti,ccw,-,cw,1,sw,w,pro,ccw,,ccw,0,se,ne,1
O,gamma12,zeta3,tog,opp,anti,ccw,,cw,0,sw,nw,pro,ccw,+,ccw,1,se,e,1
O,gamma12,eta1,tog,opp,anti,ccw,,cw,0,sw,nw,pro,ccw,-,ccw,1,se,n,1
O,gamma14,gamma5,split,opp,anti,ccw,+,cw,1,nw,e,pro,ccw,+,ccw,1,sw,s,2
O,gamma14,beta3,split,opp,anti,ccw,+,cw,1,nw,e,pro,ccw,-,ccw,1,sw,e,2
O,gamma14,eta4,split,opp,anti,ccw,+,cw,1,nw,e,pro,ccw,,ccw,0,sw,se,1
O,gamma14,alpha5,split,opp,anti,ccw,-,cw,1,nw,n,pro,ccw,+,ccw,1,sw,s,2
O,gamma14,gamma3,split,opp,anti,ccw,-,cw,1,nw,n,pro,ccw,-,ccw,1,sw,e,2
O,gamma14,zeta4,split,opp,anti,ccw,-,cw,1,nw,n,pro,ccw,,ccw,0,sw,se,1
O,gamma14,zeta5,split,opp,anti,ccw,,cw,0,nw,ne,pro,ccw,+,ccw,1,sw,s,1
O,gamma14,eta3,split,opp,anti,ccw,,cw,0,nw,ne,pro,ccw,-,ccw,1,sw,e,1
O,gamma16,gamma7,tog,opp,anti,ccw,+,cw,1,ne,s,pro,ccw,+,ccw,1,nw,w,2
O,gamma16,beta5,tog,opp,anti,ccw,+,cw,1,ne,s,pro,ccw,-,ccw,1,nw,s,2
O,gamma16,eta6,tog,opp,anti,ccw,+,cw,1,ne,s,pro,ccw,,ccw,0,nw,sw,1
O,gamma16,alpha7,tog,opp,anti,ccw,-,cw,1,ne,e,pro,ccw,+,ccw,1,nw,w,2
O,gamma16,gamma5,tog,opp,anti,ccw,-,cw,1,ne,e,pro,ccw,-,ccw,1,nw,s,2
O,gamma16,zeta6,tog,opp,anti,ccw,-,cw,1,ne,e,pro,ccw,,ccw,0,nw,sw,1
O,gamma16,zeta7,tog,opp,anti,ccw,,cw,0,ne,se,pro,ccw,+,ccw,1,nw,w,1
O,gamma16,eta5,tog,opp,anti,ccw,,cw,0,ne,se,pro,ccw,-,ccw,1,nw,s,1
O,gamma8,gamma11,split,opp,anti,cw,+,ccw,1,sw,s,pro,cw,+,cw,1,nw,e,2
O,gamma8,alpha1,split,opp,anti,cw,+,ccw,1,sw,s,pro,cw,-,cw,1,nw,n,2
O,gamma8,zeta10,split,opp,anti,cw,+,ccw,1,sw,s,pro,cw,,cw,0,nw,ne,1
O,gamma8,beta3,split,opp,anti,cw,-,ccw,1,sw,e,pro,cw,+,cw,1,nw,e,2
O,gamma8,gamma9,split,opp,anti,cw,-,ccw,1,sw,e,pro,cw,-,cw,1,nw,n,2
O,gamma8,eta10,split,opp,anti,cw,-,ccw,1,sw,e,pro,cw,,cw,0,nw,ne,1
O,gamma8,eta11,split,opp,anti,cw,,ccw,0,sw,se,pro,cw,+,cw,1,nw,e,1
O,gamma8,zeta9,split,opp,anti,cw,,ccw,0,sw,se,pro,cw,-,cw,1,nw,n,1
O,gamma2,gamma13,tog,opp,anti,cw,+,ccw,1,nw,w,pro,cw,+,cw,1,ne,s,2
O,gamma2,alpha3,tog,opp,anti,cw,+,ccw,1,nw,w,pro,cw,-,cw,1,ne,e,2
O,gamma2,zeta12,tog,opp,anti,cw,+,ccw,1,nw,w,pro,cw,,cw,0,ne,se,1
O,gamma2,beta5,tog,opp,anti,cw,-,ccw,1,nw,s,pro,cw,+,cw,1,ne,s,2
O,gamma2,gamma11,tog,opp,anti,cw,-,ccw,1,nw,s,pro,cw,-,cw,1,ne,e,2
O,gamma2,eta12,tog,opp,anti,cw,-,ccw,1,nw,s,pro,cw,,cw,0,ne,se,1
O,gamma2,eta13,tog,opp,anti,cw,,ccw,0,nw,sw,pro,cw,+,cw,1,ne,s,1
O,gamma2,zeta11,tog,opp,anti,cw,,ccw,0,nw,sw,pro,cw,-,cw,1,ne,e,1
O,gamma4,gamma15,split,opp,anti,cw,+,ccw,1,ne,n,pro,cw,+,cw,1,se,w,2
O,gamma4,alpha5,split,opp,anti,cw,+,ccw,1,ne,n,pro,cw,-,cw,1,se,s,2
O,gamma4,zeta14,split,opp,anti,cw,+,ccw,1,ne,n,pro,cw,,cw,0,se,sw,1
O,gamma4,beta7,split,opp,anti,cw,-,ccw,1,ne,w,pro,cw,+,cw,1,se,w,2
O,gamma4,gamma13,split,opp,anti,cw,-,ccw,1,ne,w,pro,cw,-,cw,1,se,s,2
O,gamma4,eta14,split,opp,anti,cw,-,ccw,1,ne,w,pro,cw,,cw,0,se,sw,1
O,gamma4,eta15,split,opp,anti,cw,,ccw,0,ne,nw,pro,cw,+,cw,1,se,w,1
O,gamma4,zeta13,split,opp,anti,cw,,ccw,0,ne,nw,pro,cw,-,cw,1,se,s,1
O,gamma6,gamma9,tog,opp,anti,cw,+,ccw,1,se,e,pro,cw,+,cw,1,sw,n,2
O,gamma6,alpha7,tog,opp,anti,cw,+,ccw,1,se,e,pro,cw,-,cw,1,sw,w,2
O,gamma6,zeta16,tog,opp,anti,cw,+,ccw,1,se,e,pro,cw,,cw,0,sw,nw,1
O,gamma6,beta1,tog,opp,anti,cw,-,ccw,1,se,n,pro,cw,+,cw,1,sw,n,2
O,gamma6,gamma15,tog,opp,anti,cw,-,ccw,1,se,n,pro,cw,-,cw,1,sw,w,2
O,gamma6,eta16,tog,opp,anti,cw,-,ccw,1,se,n,pro,cw,,cw,0,sw,nw,1
O,gamma6,eta9,tog,opp,anti,cw,,ccw,0,se,ne,pro,cw,+,cw,1,sw,n,1
O,gamma6,zeta15,tog,opp,anti,cw,,ccw,0,se,ne,pro,cw,-,cw,1,sw,w,1
O,gamma10,gamma1,split,opp,pro,cw,+,cw,1,se,w,anti,cw,+,ccw,1,ne,n,2
O,gamma10,beta7,split,opp,pro,cw,+,cw,1,se,w,anti,cw,-,ccw,1,ne,w,2
O,gamma10,eta8,split,opp,pro,cw,+,cw,1,se,w,anti,cw,,ccw,0,ne,nw,1
O,gamma10,alpha1,split,opp,pro,cw,-,cw,1,se,s,anti,cw,+,ccw,1,ne,n,2
O,gamma10,gamma7,split,opp,pro,cw,-,cw,1,se,s,anti,cw,-,ccw,1,ne,w,2
O,gamma10,zeta8,split,opp,pro,cw,-,cw,1,se,s,anti,cw,,ccw,0,ne,nw,1
O,gamma10,zeta1,split,opp,pro,cw,,cw,0,se,sw,anti,cw,+,ccw,1,ne,n,1
O,gamma10,eta7,split,opp,pro,cw,,cw,0,se,sw,anti,cw,-,ccw,1,ne,w,1
O,gamma12,gamma3,tog,opp,pro,cw,+,cw,1,sw,n,anti,cw,+,ccw,1,se,e,2
O,gamma12,beta1,tog,opp,pro,cw,+,cw,1,sw,n,anti,cw,-,ccw,1,se,n,2
O,gamma12,eta2,tog,opp,pro,cw,+,cw,1,sw,n,anti,cw,,ccw,0,se,ne,1
O,gamma12,alpha3,tog,opp,pro,cw,-,cw,1,sw,w,anti,cw,+,ccw,1,se,e,2
O,gamma12,gamma1,tog,opp,pro,cw,-,cw,1,sw,w,anti,cw,-,ccw,1,se,n,2
O,gamma12,zeta2,tog,opp,pro,cw,-,cw,1,sw,w,anti,cw,,ccw,0,se,ne,1
O,gamma12,zeta3,tog,opp,pro,cw,,cw,0,sw,nw,anti,cw,+,ccw,1,se,e,1
O,gamma12,eta1,tog,opp,pro,cw,,cw,0,sw,nw,anti,cw,-,ccw,1,se,n,1
O,gamma14,gamma5,split,opp,pro,cw,+,cw,1,nw,e,anti,cw,+,ccw,1,sw,s,2
O,gamma14,beta3,split,opp,pro,cw,+,cw,1,nw,e,anti,cw,-,ccw,1,sw,e,2
O,gamma14,eta4,split,opp,pro,cw,+,cw,1,nw,e,anti,cw,,ccw,0,sw,se,1
O,gamma14,alpha5,split,opp,pro,cw,-,cw,1,nw,n,anti,cw,+,ccw,1,sw,s,2
O,gamma14,gamma3,split,opp,pro,cw,-,cw,1,nw,n,anti,cw,-,ccw,1,sw,e,2
O,gamma14,zeta4,split,opp,pro,cw,-,cw,1,nw,n,anti,cw,,ccw,0,sw,se,1
O,gamma14,zeta5,split,opp,pro,cw,,cw,0,nw,ne,anti,cw,+,ccw,1,sw,s,1
O,gamma14,eta3,split,opp,pro,cw,,cw,0,nw,ne,anti,cw,-,ccw,1,sw,e,1
O,gamma16,gamma7,tog,opp,pro,cw,+,cw,1,ne,s,anti,cw,+,ccw,1,nw,w,2
O,gamma16,beta5,tog,opp,pro,cw,+,cw,1,ne,s,anti,cw,-,ccw,1,nw,s,2
O,gamma16,eta6,tog,opp,pro,cw,+,cw,1,ne,s,anti,cw,,ccw,0,nw,sw,1
O,gamma16,alpha7,tog,opp,pro,cw,-,cw,1,ne,e,anti,cw,+,ccw,1,nw,w,2
O,gamma16,gamma5,tog,opp,pro,cw,-,cw,1,ne,e,anti,cw,-,ccw,1,nw,s,2
O,gamma16,zeta6,tog,opp,pro,cw,-,cw,1,ne,e,anti,cw,,ccw,0,nw,sw,1
O,gamma16,zeta7,tog,opp,pro,cw,,cw,0,ne,se,anti,cw,+,ccw,1,nw,w,1
O,gamma16,eta5,tog,opp,pro,cw,,cw,0,ne,se,anti,cw,-,ccw,1,nw,s,1
O,gamma8,gamma11,split,opp,pro,ccw,+,ccw,1,sw,s,anti,ccw,+,cw,1,nw,e,2
O,gamma8,alpha1,split,opp,pro,ccw,+,ccw,1,sw,s,anti,ccw,-,cw,1,nw,n,2
O,gamma8,zeta10,split,opp,pro,ccw,+,ccw,1,sw,s,anti,ccw,,cw,0,nw,ne,1
O,gamma8,beta3,split,opp,pro,ccw,-,ccw,1,sw,e,anti,ccw,+,cw,1,nw,e,2
O,gamma8,gamma9,split,opp,pro,ccw,-,ccw,1,sw,e,anti,ccw,-,cw,1,nw,n,2
O,gamma8,eta10,split,opp,pro,ccw,-,ccw,1,sw,e,anti,ccw,,cw,0,nw,ne,1
O,gamma8,eta11,split,opp,pro,ccw,,ccw,0,sw,se,anti,ccw,+,cw,1,nw,e,1
O,gamma8,zeta9,split,opp,pro,ccw,,ccw,0,sw,se,anti,ccw,-,cw,1,nw,n,1
O,gamma2,gamma13,tog,opp,pro,ccw,+,ccw,1,nw,w,anti,ccw,+,cw,1,ne,s,2
O,gamma2,alpha3,tog,opp,pro,ccw,+,ccw,1,nw,w,anti,ccw,-,cw,1,ne,e,2
O,gamma2,zeta12,tog,opp,pro,ccw,+,ccw,1,nw,w,anti,ccw,,cw,0,ne,se,1
O,gamma2,beta5,tog,opp,pro,ccw,-,ccw,1,nw,s,anti,ccw,+,cw,1,ne,s,2
O,gamma2,gamma11,tog,opp,pro,ccw,-,ccw,1,nw,s,anti,ccw,-,cw,1,ne,e,2
O,gamma2,eta12,tog,opp,pro,ccw,-,ccw,1,nw,s,anti,ccw,,cw,0,ne,se,1
O,gamma2,eta13,tog,opp,pro,ccw,,ccw,0,nw,sw,anti,ccw,+,cw,1,ne,s,1
O,gamma2,zeta11,tog,opp,pro,ccw,,ccw,0,nw,sw,anti,ccw,-,cw,1,ne,e,1
O,gamma4,gamma15,split,opp,pro,ccw,+,ccw,1,ne,n,anti,ccw,+,cw,1,se,w,2
O,gamma4,alpha5,split,opp,pro,ccw,+,ccw,1,ne,n,anti,ccw,-,cw,1,se,s,2
O,gamma4,zeta14,split,opp,pro,ccw,+,ccw,1,ne,n,anti,ccw,,cw,0,se,sw,1
O,gamma4,beta7,split,opp,pro,ccw,-,ccw,1,ne,w,anti,ccw,+,cw,1,se,w,2
O,gamma4,gamma13,split,opp,pro,ccw,-,ccw,1,ne,w,anti,ccw,-,cw,1,se,s,2
O,gamma4,eta14,split,opp,pro,ccw,-,ccw,1,ne,w,anti,ccw,,cw,0,se,sw,1
O,gamma4,eta15,split,opp,pro,ccw,,ccw,0,ne,nw,anti,ccw,+,cw,1,se,w,1
O,gamma4,zeta13,split,opp,pro,ccw,,ccw,0,ne,nw,anti,ccw,-,cw,1,se,s,1
O,gamma6,gamma9,tog,opp,pro,ccw,+,ccw,1,se,e,anti,ccw,+,cw,1,sw,n,2
O,gamma6,alpha7,tog,opp,pro,ccw,+,ccw,1,se,e,anti,ccw,-,cw,1,sw,w,2
O,gamma6,zeta16,tog,opp,pro,ccw,+,ccw,1,se,e,anti,ccw,,cw,0,sw,nw,1
O,gamma6,beta1,tog,opp,pro,ccw,-,ccw,1,se,n,anti,ccw,+,cw,1,sw,n,2
O,gamma6,gamma15,tog,opp,pro,ccw,-,ccw,1,se,n,anti,ccw,-,cw,1,sw,w,2
O,gamma6,eta16,tog,opp,pro,ccw,-,ccw,1,se,n,anti,ccw,,cw,0,sw,nw,1
O,gamma6,eta9,tog,opp,pro,ccw,,ccw,0,se,ne,anti,ccw,+,cw,1,sw,n,1
O,gamma6,zeta15,tog,opp,pro,ccw,,ccw,0,se,ne,anti,ccw,-,cw,1,sw,w,1
P,gamma2,gamma9,tog,opp,pro,cw,+,cw,1,nw,e,pro,ccw,+,ccw,1,ne,n,2
P,gamma2,alpha7,tog,opp,pro,cw,+,cw,1,nw,e,pro,ccw,-,ccw,1,ne,w,2
P,gamma2,zeta16,tog,opp,pro,cw,+,cw,1,nw,e,pro,ccw,,ccw,0,ne,nw,1
P,gamma2,beta1,tog,opp,pro,cw,-,cw,1,nw,n,pro,ccw,+,ccw,1,ne,n,2
P,gamma2,gamma15,tog,opp,pro,cw,-,cw,1,nw,n,pro,ccw,-,ccw,1,ne,w,2
P,gamma2,eta16,tog,opp,pro,cw,-,cw,1,nw,n,pro,ccw,,ccw,0,ne,nw,1
P,gamma2,eta9,tog,opp,pro,cw,,cw,0,nw,ne,pro,ccw,+,ccw,1,ne,n,1
P,gamma2,zeta15,tog,opp,pro,cw,,cw,0,nw,ne,pro,ccw,-,ccw,1,ne,w,1
P,gamma4,gamma11,split,opp,pro,cw,+,cw,1,ne,s,pro,ccw,+,ccw,1,se,e,2
P,gamma4,alpha1,split,opp,pro,cw,+,cw,1,ne,s,pro,ccw,-,ccw,1,se,n,2
P,gamma4,zeta10,split,opp,pro,cw,+,cw,1,ne,s,pro,ccw,,ccw,0,se,ne,1
P,gamma4,beta3,split,opp,pro,cw,-,cw,1,ne,e,pro,ccw,+,ccw,1,se,e,2
P,gamma4,gamma9,split,opp,pro,cw,-,cw,1,ne,e,pro,ccw,-,ccw,1,se,n,2
P,gamma4,eta10,split,opp,pro,cw,-,cw,1,ne,e,pro,ccw,,ccw,0,se,ne,1
P,gamma4,eta11,split,opp,pro,cw,,cw,0,ne,se,pro,ccw,+,ccw,1,se,e,1
P,gamma4,zeta9,split,opp,pro,cw,,cw,0,ne,se,pro,ccw,-,ccw,1,se,n,1
P,gamma6,gamma13,tog,opp,pro,cw,+,cw,1,se,w,pro,ccw,+,ccw,1,sw,s,2
P,gamma6,alpha3,tog,opp,pro,cw,+,cw,1,se,w,pro,ccw,-,ccw,1,sw,e,2
P,gamma6,zeta12,tog,opp,pro,cw,+,cw,1,se,w,pro,ccw,,ccw,0,sw,se,1
P,gamma6,beta5,tog,opp,pro,cw,-,cw,1,se,s,pro,ccw,+,ccw,1,sw,s,2
P,gamma6,gamma11,tog,opp,pro,cw,-,cw,1,se,s,pro,ccw,-,ccw,1,sw,e,2
P,gamma6,eta12,tog,opp,pro,cw,-,cw,1,se,s,pro,ccw,,ccw,0,sw,se,1
P,gamma6,eta13,tog,opp,pro,cw,,cw,0,se,sw,pro,ccw,+,ccw,1,sw,s,1
P,gamma6,zeta11,tog,opp,pro,cw,,cw,0,se,sw,pro,ccw,-,ccw,1,sw,e,1
P,gamma8,gamma15,split,opp,pro,cw,+,cw,1,sw,n,pro,ccw,+,ccw,1,nw,w,2
P,gamma8,alpha5,split,opp,pro,cw,+,cw,1,sw,n,pro,ccw,-,ccw,1,nw,s,2
P,gamma8,zeta14,split,opp,pro,cw,+,cw,1,sw,n,pro,ccw,,ccw,0,nw,sw,1
P,gamma8,beta7,split,opp,pro,cw,-,cw,1,sw,w,pro,ccw,+,ccw,1,nw,w,2
P,gamma8,gamma13,split,opp,pro,cw,-,cw,1,sw,w,pro,ccw,-,ccw,1,nw,s,2
P,gamma8,eta14,split,opp,pro,cw,-,cw,1,sw,w,pro,ccw,,ccw,0,nw,sw,1
P,gamma8,eta15,split,opp,pro,cw,,cw,0,sw,nw,pro,ccw,+,ccw,1,nw,w,1
P,gamma8,zeta13,split,opp,pro,cw,,cw,0,sw,nw,pro,ccw,-,ccw,1,nw,s,1
P,gamma10,gamma5,split,opp,pro,ccw,+,ccw,1,se,e,pro,cw,+,cw,1,ne,s,2
P,gamma10,beta3,split,opp,pro,ccw,+,ccw,1,se,e,pro,cw,-,cw,1,ne,e,2
P,gamma10,eta4,split,opp,pro,ccw,+,ccw,1,se,e,pro,cw,,cw,0,ne,se,1
P,gamma10,alpha5,split,opp,pro,ccw,-,ccw,1,se,n,pro,cw,+,cw,1,ne,s,2
P,gamma10,gamma3,split,opp,pro,ccw,-,ccw,1,se,n,pro,cw,-,cw,1,ne,e,2
P,gamma10,zeta4,split,opp,pro,ccw,-,ccw,1,se,n,pro,cw,,cw,0,ne,se,1
P,gamma10,zeta5,split,opp,pro,ccw,,ccw,0,se,ne,pro,cw,+,cw,1,ne,s,1
P,gamma10,eta3,split,opp,pro,ccw,,ccw,0,se,ne,pro,cw,-,cw,1,ne,e,1
P,gamma12,gamma7,tog,opp,pro,ccw,+,ccw,1,sw,s,pro,cw,+,cw,1,se,w,2
P,gamma12,beta5,tog,opp,pro,ccw,+,ccw,1,sw,s,pro,cw,-,cw,1,se,s,2
P,gamma12,eta6,tog,opp,pro,ccw,+,ccw,1,sw,s,pro,cw,,cw,0,se,sw,1
P,gamma12,alpha7,tog,opp,pro,ccw,-,ccw,1,sw,e,pro,cw,+,cw,1,se,w,2
P,gamma12,gamma5,tog,opp,pro,ccw,-,ccw,1,sw,e,pro,cw,-,cw,1,se,s,2
P,gamma12,zeta6,tog,opp,pro,ccw,-,ccw,1,sw,e,pro,cw,,cw,0,se,sw,1
P,gamma12,zeta7,tog,opp,pro,ccw,,ccw,0,sw,se,pro,cw,+,cw,1,se,w,1
P,gamma12,eta5,tog,opp,pro,ccw,,ccw,0,sw,se,pro,cw,-,cw,1,se,s,1
P,gamma14,gamma1,split,opp,pro,ccw,+,ccw,1,nw,w,pro,cw,+,cw,1,sw,n,2
P,gamma14,beta7,split,opp,pro,ccw,+,ccw,1,nw,w,pro,cw,-,cw,1,sw,w,2
P,gamma14,eta8,split,opp,pro,ccw,+,ccw,1,nw,w,pro,cw,,cw,0,sw,nw,1
P,gamma14,alpha1,split,opp,pro,ccw,-,ccw,1,nw,s,pro,cw,+,cw,1,sw,n,2
P,gamma14,gamma7,split,opp,pro,ccw,-,ccw,1,nw,s,pro,cw,-,cw,1,sw,w,2
P,gamma14,zeta8,split,opp,pro,ccw,-,ccw,1,nw,s,pro,cw,,cw,0,sw,nw,1
P,gamma14,zeta1,split,opp,pro,ccw,,ccw,0,nw,sw,pro,cw,+,cw,1,sw,n,1
P,gamma14,eta7,split,opp,pro,ccw,,ccw,0,nw,sw,pro,cw,-,cw,1,sw,w,1
P,gamma16,gamma3,tog,opp,pro,ccw,+,ccw,1,ne,n,pro,cw,+,cw,1,nw,e,2
P,gamma16,beta1,tog,opp,pro,ccw,+,ccw,1,ne,n,pro,cw,-,cw,1,nw,n,2
P,gamma16,eta2,tog,opp,pro,ccw,+,ccw,1,ne,n,pro,cw,,cw,0,nw,ne,1
P,gamma16,alpha3,tog,opp,pro,ccw,-,ccw,1,ne,w,pro,cw,+,cw,1,nw,e,2
P,gamma16,gamma1,tog,opp,pro,ccw,-,ccw,1,ne,w,pro,cw,-,cw,1,nw,n,2
P,gamma16,zeta2,tog,opp,pro,ccw,-,ccw,1,ne,w,pro,cw,,cw,0,nw,ne,1
P,gamma16,zeta3,tog,opp,pro,ccw,,ccw,0,ne,nw,pro,cw,+,cw,1,nw,e,1
P,gamma16,eta1,tog,opp,pro,ccw,,ccw,0,ne,nw,pro,cw,-,cw,1,nw,n,1
Q,gamma2,gamma9,tog,opp,anti,ccw,+,cw,1,nw,e,anti,cw,+,ccw,1,ne,n,2
Q,gamma2,alpha7,tog,opp,anti,ccw,+,cw,1,nw,e,anti,cw,-,ccw,1,ne,w,2
Q,gamma2,zeta16,tog,opp,anti,ccw,+,cw,1,nw,e,anti,cw,,ccw,0,ne,nw,1
Q,gamma2,beta1,tog,opp,anti,ccw,-,cw,1,nw,n,anti,cw,+,ccw,1,ne,n,2
Q,gamma2,gamma15,tog,opp,anti,ccw,-,cw,1,nw,n,anti,cw,-,ccw,1,ne,w,2
Q,gamma2,eta16,tog,opp,anti,ccw,-,cw,1,nw,n,anti,cw,,ccw,0,ne,nw,1
Q,gamma2,eta9,tog,opp,anti,ccw,,cw,0,nw,ne,anti,cw,+,ccw,1,ne,n,1
Q,gamma2,zeta15,tog,opp,anti,ccw,,cw,0,nw,ne,anti,cw,-,ccw,1,ne,w,1
Q,gamma4,gamma11,split,opp,anti,ccw,+,cw,1,ne,s,anti,cw,+,ccw,1,se,e,2
Q,gamma4,alpha1,split,opp,anti,ccw,+,cw,1,ne,s,anti,cw,-,ccw,1,se,n,2
Q,gamma4,zeta10,split,opp,anti,ccw,+,cw,1,ne,s,anti,cw,,ccw,0,se,ne,1
Q,gamma4,beta3,split,opp,anti,ccw,-,cw,1,ne,e,anti,cw,+,ccw,1,se,e,2
Q,gamma4,gamma9,split,opp,anti,ccw,-,cw,1,ne,e,anti,cw,-,ccw,1,se,n,2
Q,gamma4,eta10,split,opp,anti,ccw,-,cw,1,ne,e,anti,cw,,ccw,0,se,ne,1
Q,gamma4,eta11,split,opp,anti,ccw,,cw,0,ne,se,anti,cw,+,ccw,1,se,e,1
Q,gamma4,zeta9,split,opp,anti,ccw,,cw,0,ne,se,anti,cw,-,ccw,1,se,n,1
Q,gamma6,gamma13,tog,opp,anti,ccw,+,cw,1,se,w,anti,cw,+,ccw,1,sw,s,2
Q,gamma6,alpha3,tog,opp,anti,ccw,+,cw,1,se,w,anti,cw,-,ccw,1,sw,e,2
Q,gamma6,zeta12,tog,opp,anti,ccw,+,cw,1,se,w,anti,cw,,ccw,0,sw,se,1
Q,gamma6,beta5,tog,opp,anti,ccw,-,cw,1,se,s,anti,cw,+,ccw,1,sw,s,2
Q,gamma6,gamma11,tog,opp,anti,ccw,-,cw,1,se,s,anti,cw,-,ccw,1,sw,e,2
Q,gamma6,eta12,tog,opp,anti,ccw,-,cw,1,se,s,anti,cw,,ccw,0,sw,se,1
Q,gamma6,eta13,tog,opp,anti,ccw,,cw,0,se,sw,anti,cw,+,ccw,1,sw,s,1
Q,gamma6,zeta11,tog,opp,anti,ccw,,cw,0,se,sw,anti,cw,-,ccw,1,sw,e,1
Q,gamma8,gamma15,split,opp,anti,ccw,+,cw,1,sw,n,anti,cw,+,ccw,1,nw,w,2
Q,gamma8,alpha5,split,opp,anti,ccw,+,cw,1,sw,n,anti,cw,-,ccw,1,nw,s,2
Q,gamma8,zeta14,split,opp,anti,ccw,+,cw,1,sw,n,anti,cw,,ccw,0,nw,sw,1
Q,gamma8,beta7,split,opp,anti,ccw,-,cw,1,sw,w,anti,cw,+,ccw,1,nw,w,2
Q,gamma8,gamma13,split,opp,anti,ccw,-,cw,1,sw,w,anti,cw,-,ccw,1,nw,s,2
Q,gamma8,eta14,split,opp,anti,ccw,-,cw,1,sw,w,anti,cw,,ccw,0,nw,sw,1
Q,gamma8,eta15,split,opp,anti,ccw,,cw,0,sw,nw,anti,cw,+,ccw,1,nw,w,1
Q,gamma8,zeta13,split,opp,anti,ccw,,cw,0,sw,nw,anti,cw,-,ccw,1,nw,s,1
Q,gamma10,gamma5,split,opp,anti,cw,+,ccw,1,se,e,anti,ccw,+,cw,1,ne,s,2
Q,gamma10,beta3,split,opp,anti,cw,+,ccw,1,se,e,anti,ccw,-,cw,1,ne,e,2
Q,gamma10,eta4,split,opp,anti,cw,+,ccw,1,se,e,anti,ccw,,cw,0,ne,se,1
Q,gamma10,alpha5,split,opp,anti,cw,-,ccw,1,se,n,anti,ccw,+,cw,1,ne,s,2
Q,gamma10,gamma3,split,opp,anti,cw,-,ccw,1,se,n,anti,ccw,-,cw,1,ne,e,2
Q,gamma10,zeta4,split,opp,anti,cw,-,ccw,1,se,n,anti,ccw,,cw,0,ne,se,1
Q,gamma10,zeta5,split,opp,anti,cw,,ccw,0,se,ne,anti,ccw,+,cw,1,ne,s,1
Q,gamma10,eta3,split,opp,anti,cw,,ccw,0,se,ne,anti,ccw,-,cw,1,ne,e,1
Q,gamma12,gamma7,tog,opp,anti,cw,+,ccw,1,sw,s,anti,ccw,+,cw,1,se,w,2
Q,gamma12,beta5,tog,opp,anti,cw,+,ccw,1,sw,s,anti,ccw,-,cw,1,se,s,2
Q,gamma12,eta6,tog,opp,anti,cw,+,ccw,1,sw,s,anti,ccw,,cw,0,se,sw,1
Q,gamma12,alpha7,tog,opp,anti,cw,-,ccw,1,sw,e,anti,ccw,+,cw,1,se,w,2
Q,gamma12,gamma5,tog,opp,anti,cw,-,ccw,1,sw,e,anti,ccw,-,cw,1,se,s,2
Q,gamma12,zeta6,tog,opp,anti,cw,-,ccw,1,sw,e,anti,ccw,,cw,0,se,sw,1
Q,gamma12,zeta7,tog,opp,anti,cw,,ccw,0,sw,se,anti,ccw,+,cw,1,se,w,1
Q,gamma12,eta5,tog,opp,anti,cw,,ccw,0,sw,se,anti,ccw,-,cw,1,se,s,1
Q,gamma14,gamma1,split,opp,anti,cw,+,ccw,1,nw,w,anti,ccw,+,cw,1,sw,n,2
Q,gamma14,beta7,split,opp,anti,cw,+,ccw,1,nw,w,anti,ccw,-,cw,1,sw,w,2
Q,gamma14,eta8,split,opp,anti,cw,+,ccw,1,nw,w,anti,ccw,,cw,0,sw,nw,1
Q,gamma14,alpha1,split,opp,anti,cw,-,ccw,1,nw,s,anti,ccw,+,cw,1,sw,n,2
Q,gamma14,gamma7,split,opp,anti,cw,-,ccw,1,nw,s,anti,ccw,-,cw,1,sw,w,2
Q,gamma14,zeta8,split,opp,anti,cw,-,ccw,1,nw,s,anti,ccw,,cw,0,sw,nw,1
Q,gamma14,zeta1,split,opp,anti,cw,,ccw,0,nw,sw,anti,ccw,+,cw,1,sw,n,1
Q,gamma14,eta7,split,opp,anti,cw,,ccw,0,nw,sw,anti,ccw,-,cw,1,sw,w,1
Q,gamma16,gamma3,tog,opp,anti,cw,+,ccw,1,ne,n,anti,ccw,+,cw,1,nw,e,2
Q,gamma16,beta1,tog,opp,anti,cw,+,ccw,1,ne,n,anti,ccw,-,cw,1,nw,n,2
Q,gamma16,eta2,tog,opp,anti,cw,+,ccw,1,ne,n,anti,ccw,,cw,0,nw,ne,1
Q,gamma16,alpha3,tog,opp,anti,cw,-,ccw,1,ne,w,anti,ccw,+,cw,1,nw,e,2
Q,gamma16,gamma1,tog,opp,anti,cw,-,ccw,1,ne,w,anti,ccw,-,cw,1,nw,n,2
Q,gamma16,zeta2,tog,opp,anti,cw,-,ccw,1,ne,w,anti,ccw,,cw,0,nw,ne,1
Q,gamma16,zeta3,tog,opp,anti,cw,,ccw,0,ne,nw,anti,ccw,+,cw,1,nw,e,1
Q,gamma16,eta1,tog,opp,anti,cw,,ccw,0,ne,nw,anti,ccw,-,cw,1,nw,n,1
R,gamma2,gamma9,tog,opp,anti,ccw,+,cw,1,nw,e,pro,ccw,+,ccw,1,ne,n,2
R,gamma2,alpha7,tog,opp,anti,ccw,+,cw,1,nw,e,pro,ccw,-,ccw,1,ne,w,2
R,gamma2,zeta16,tog,opp,anti,ccw,+,cw,1,nw,e,pro,ccw,,ccw,0,ne,nw,1
R,gamma2,beta1,tog,opp,anti,ccw,-,cw,1,nw,n,pro,ccw,+,ccw,1,ne,n,2
R,gamma2,gamma15,tog,opp,anti,ccw,-,cw,1,nw,n,pro,ccw,-,ccw,1,ne,w,2
R,gamma2,eta16,tog,opp,anti,ccw,-,cw,1,nw,n,pro,ccw,,ccw,0,ne,nw,1
R,gamma2,eta9,tog,opp,anti,ccw,,cw,0,nw,ne,pro,ccw,+,ccw,1,ne,n,1
R,gamma2,zeta15,tog,opp,anti,ccw,,cw,0,nw,ne,pro,ccw,-,ccw,1,ne,w,1
R,gamma4,gamma11,split,opp,anti,ccw,+,cw,1,ne,s,pro,ccw,+,ccw,1,se,e,2
R,gamma4,alpha1,split,opp,anti,ccw,+,cw,1,ne,s,pro,ccw,-,ccw,1,se,n,2
R,gamma4,zeta10,split,opp,anti,ccw,+,cw,1,ne,s,pro,ccw,,ccw,0,se,ne,1
R,gamma4,beta3,split,opp,anti,ccw,-,cw,1,ne,e,pro,ccw,+,ccw,1,se,e,2
R,gamma4,gamma9,split,opp,anti,ccw,-,cw,1,ne,e,pro,ccw,-,ccw,1,se,n,2
R,gamma4,eta10,split,opp,anti,ccw,-,cw,1,ne,e,pro,ccw,,ccw,0,se,ne,1
R,gamma4,eta11,split,opp,anti,ccw,,cw,0,ne,se,pro,ccw,+,ccw,1,se,e,1
R,gamma4,zeta9,split,opp,anti,ccw,,cw,0,ne,se,pro,ccw,-,ccw,1,se,n,1
R,gamma6,gamma13,tog,opp,anti,ccw,+,cw,1,se,w,pro,ccw,+,ccw,1,sw,s,2
R,gamma6,alpha3,tog,opp,anti,ccw,+,cw,1,se,w,pro,ccw,-,ccw,1,sw,e,2
R,gamma6,zeta12,tog,opp,anti,ccw,+,cw,1,se,w,pro,ccw,,ccw,0,sw,se,1
R,gamma6,beta5,tog,opp,anti,ccw,-,cw,1,se,s,pro,ccw,+,ccw,1,sw,s,2
R,gamma6,gamma11,tog,opp,anti,ccw,-,cw,1,se,s,pro,ccw,-,ccw,1,sw,e,2
R,gamma6,eta12,tog,opp,anti,ccw,-,cw,1,se,s,pro,ccw,,ccw,0,sw,se,1
R,gamma6,eta13,tog,opp,anti,ccw,,cw,0,se,sw,pro,ccw,+,ccw,1,sw,s,1
R,gamma6,zeta11,tog,opp,anti,ccw,,cw,0,se,sw,pro,ccw,-,ccw,1,sw,e,1
R,gamma8,gamma15,split,opp,anti,ccw,+,cw,1,sw,n,pro,ccw,+,ccw,1,nw,w,2
R,gamma8,alpha5,split,opp,anti,ccw,+,cw,1,sw,n,pro,ccw,-,ccw,1,nw,s,2
R,gamma8,zeta14,split,opp,anti,ccw,+,cw,1,sw,n,pro,ccw,,ccw,0,nw,sw,1
R,gamma8,beta7,split,opp,anti,ccw,-,cw,1,sw,w,pro,ccw,+,ccw,1,nw,w,2
R,gamma8,gamma13,split,opp,anti,ccw,-,cw,1,sw,w,pro,ccw,-,ccw,1,nw,s,2
R,gamma8,eta14,split,opp,anti,ccw,-,cw,1,sw,w,pro,ccw,,ccw,0,nw,sw,1
R,gamma8,eta15,split,opp,anti,ccw,,cw,0,sw,nw,pro,ccw,+,ccw,1,nw,w,1
R,gamma8,zeta13,split,opp,anti,ccw,,cw,0,sw,nw,pro,ccw,-,ccw,1,nw,s,1
R,gamma10,gamma5,split,opp,anti,cw,+,ccw,1,se,e,pro,cw,+,cw,1,ne,s,2
R,gamma10,beta3,split,opp,anti,cw,+,ccw,1,se,e,pro,cw,-,cw,1,ne,e,2
R,gamma10,eta4,split,opp,anti,cw,+,ccw,1,se,e,pro,cw,,cw,0,ne,se,1
R,gamma10,alpha5,split,opp,anti,cw,-,ccw,1,se,n,pro,cw,+,cw,1,ne,s,2
R,gamma10,gamma3,split,opp,anti,cw,-,ccw,1,se,n,pro,cw,-,cw,1,ne,e,2
R,gamma10,zeta4,split,opp,anti,cw,-,ccw,1,se,n,pro,cw,,cw,0,ne,se,1
R,gamma10,zeta5,split,opp,anti,cw,,ccw,0,se,ne,pro,cw,+,cw,1,ne,s,1
R,gamma10,eta3,split,opp,anti,cw,,ccw,0,se,ne,pro,cw,-,cw,1,ne,e,1
R,gamma12,gamma7,tog,opp,anti,cw,+,ccw,1,sw,s,pro,cw,+,cw,1,se,w,2
R,gamma12,beta5,tog,opp,anti,cw,+,ccw,1,sw,s,pro,cw,-,cw,1,se,s,2
R,gamma12,eta6,tog,opp,anti,cw,+,ccw,1,sw,s,pro,cw,,cw,0,se,sw,1
R,gamma12,alpha7,tog,opp,anti,cw,-,ccw,1,sw,e,pro,cw,+,cw,1,se,w,2
R,gamma12,gamma5,tog,opp,anti,cw,-,ccw,1,sw,e,pro,cw,-,cw,1,se,s,2
R,gamma12,zeta6,tog,opp,anti,cw,-,ccw,1,sw,e,pro,cw,,cw,0,se,sw,1
R,gamma12,zeta7,tog,opp,anti,cw,,ccw,0,sw,se,pro,cw,+,cw,1,se,w,1
R,gamma12,eta5,tog,opp,anti,cw,,ccw,0,sw,se,pro,cw,-,cw,1,se,s,1
R,gamma14,gamma1,split,opp,anti,cw,+,ccw,1,nw,w,pro,cw,+,cw,1,sw,n,2
R,gamma14,beta7,split,opp,anti,cw,+,ccw,1,nw,w,pro,cw,-,cw,1,sw,w,2
R,gamma14,eta8,split,opp,anti,cw,+,ccw,1,nw,w,pro,cw,,cw,0,sw,nw,1
R,gamma14,alpha1,split,opp,anti,cw,-,ccw,1,nw,s,pro,cw,+,cw,1,sw,n,2
R,gamma14,gamma7,split,opp,anti,cw,-,ccw,1,nw,s,pro,cw,-,cw,1,sw,w,2
R,gamma14,zeta8,split,opp,anti,cw,-,ccw,1,nw,s,pro,cw,,cw,0,sw,nw,1
R,gamma14,zeta1,split,opp,anti,cw,,ccw,0,nw,sw,pro,cw,+,cw,1,sw,n,1
R,gamma14,eta7,split,opp,anti,cw,,ccw,0,nw,sw,pro,cw,-,cw,1,sw,w,1
R,gamma16,gamma3,tog,opp,anti,cw,+,ccw,1,ne,n,pro,cw,+,cw,1,nw,e,2
R,gamma16,beta1,tog,opp,anti,cw,+,ccw,1,ne,n,pro,cw,-,cw,1,nw,n,2
R,gamma16,eta2,tog,opp,anti,cw,+,ccw,1,ne,n,pro,cw,,cw,0,nw,ne,1
R,gamma16,alpha3,tog,opp,anti,cw,-,ccw,1,ne,w,pro,cw,+,cw,1,nw,e,2
R,gamma16,gamma1,tog,opp,anti,cw,-,ccw,1,ne,w,pro,cw,-,cw,1,nw,n,2
R,gamma16,zeta2,tog,opp,anti,cw,-,ccw,1,ne,w,pro,cw,,cw,0,nw,ne,1
R,gamma16,zeta3,tog,opp,anti,cw,,ccw,0,ne,nw,pro,cw,+,cw,1,nw,e,1
R,gamma16,eta1,tog,opp,anti,cw,,ccw,0,ne,nw,pro,cw,-,cw,1,nw,n,1
R,gamma2,gamma9,tog,opp,pro,cw,+,cw,1,nw,e,anti,cw,+,ccw,1,ne,n,2
R,gamma2,alpha7,tog,opp,pro,cw,+,cw,1,nw,e,anti,cw,-,ccw,1,ne,w,2
R,gamma2,zeta16,tog,opp,pro,cw,+,cw,1,nw,e,anti,cw,,ccw,0,ne,nw,1
R,gamma2,beta1,tog,opp,pro,cw,-,cw,1,nw,n,anti,cw,+,ccw,1,ne,n,2
R,gamma2,gamma15,tog,opp,pro,cw,-,cw,1,nw,n,anti,cw,-,ccw,1,ne,w,2
R,gamma2,eta16,tog,opp,pro,cw,-,cw,1,nw,n,anti,cw,,ccw,0,ne,nw,1
R,gamma2,eta9,tog,opp,pro,cw,,cw,0,nw,ne,anti,cw,+,ccw,1,ne,n,1
R,gamma2,zeta15,tog,opp,pro,cw,,cw,0,nw,ne,anti,cw,-,ccw,1,ne,w,1
R,gamma4,gamma11,split,opp,pro,cw,+,cw,1,ne,s,anti,cw,+,ccw,1,se,e,2
R,gamma4,alpha1,split,opp,pro,cw,+,cw,1,ne,s,anti,cw,-,ccw,1,se,n,2
R,gamma4,zeta10,split,opp,pro,cw,+,cw,1,ne,s,anti,cw,,ccw,0,se,ne,1
R,gamma4,beta3,split,opp,pro,cw,-,cw,1,ne,e,anti,cw,+,ccw,1,se,e,2
R,gamma4,gamma9,split,opp,pro,cw,-,cw,1,ne,e,anti,cw,-,ccw,1,se,n,2
R,gamma4,eta10,split,opp,pro,cw,-,cw,1,ne,e,anti,cw,,ccw,0,se,ne,1
R,gamma4,eta11,split,opp,pro,cw,,cw,0,ne,se,anti,cw,+,ccw,1,se,e,1
R,gamma4,zeta9,split,opp,pro,cw,,cw,0,ne,se,anti,cw,-,ccw,1,se,n,1
R,gamma6,gamma13,tog,opp,pro,cw,+,cw,1,se,w,anti,cw,+,ccw,1,sw,s,2
R,gamma6,alpha3,tog,opp,pro,cw,+,cw,1,se,w,anti,cw,-,ccw,1,sw,e,2
R,gamma6,zeta12,tog,opp,pro,cw,+,cw,1,se,w,anti,cw,,ccw,0,sw,se,1
R,gamma6,beta5,tog,opp,pro,cw,-,cw,1,se,s,anti,cw,+,ccw,1,sw,s,2
R,gamma6,gamma11,tog,opp,pro,cw,-,cw,1,se,s,anti,cw,-,ccw,1,sw,e,2
R,gamma6,eta12,tog,opp,pro,cw,-,cw,1,se,s,anti,cw,,ccw,0,sw,se,1
R,gamma6,eta13,tog,opp,pro,cw,,cw,0,se,sw,anti,cw,+,ccw,1,sw,s,1
R,gamma6,zeta11,tog,opp,pro,cw,,cw,0,se,sw,anti,cw,-,ccw,1,sw,e,1
R,gamma8,gamma15,split,opp,pro,cw,+,cw,1,sw,n,anti,cw,+,ccw,1,nw,w,2
R,gamma8,alpha5,split,opp,pro,cw,+,cw,1,sw,n,anti,cw,-,ccw,1,nw,s,2
R,gamma8,zeta14,split,opp,pro,cw,+,cw,1,sw,n,anti,cw,,ccw,0,nw,sw,1
R,gamma8,beta7,split,opp,pro,cw,-,cw,1,sw,w,anti,cw,+,ccw,1,nw,w,2
R,gamma8,gamma13,split,opp,pro,cw,-,cw,1,sw,w,anti,cw,-,ccw,1,nw,s,2
R,gamma8,eta14,split,opp,pro,cw,-,cw,1,sw,w,anti,cw,,ccw,0,nw,sw,1
R,gamma8,eta15,split,opp,pro,cw,,cw,0,sw,nw,anti,cw,+,ccw,1,nw,w,1
R,gamma8,zeta13,split,opp,pro,cw,,cw,0,sw,nw,anti,cw,-,ccw,1,nw,s,1
R,gamma10,gamma5,split,opp,pro,ccw,+,ccw,1,se,e,anti,ccw,+,cw,1,ne,s,2
R,gamma10,beta3,split,opp,pro,ccw,+,ccw,1,se,e,anti,ccw,-,cw,1,ne,e,2
R,gamma10,eta4,split,opp,pro,ccw,+,ccw,1,se,e,anti,ccw,,cw,0,ne,se,1
R,gamma10,alpha5,split,opp,pro,ccw,-,ccw,1,se,n,anti,ccw,+,cw,1,ne,s,2
R,gamma10,gamma3,split,opp,pro,ccw,-,ccw,1,se,n,anti,ccw,-,cw,1,ne,e,2
R,gamma10,zeta4,split,opp,pro,ccw,-,ccw,1,se,n,anti,ccw,,cw,0,ne,se,1
R,gamma10,zeta5,split,opp,pro,ccw,,ccw,0,se,ne,anti,ccw,+,cw,1,ne,s,1
R,gamma10,eta3,split,opp,pro,ccw,,ccw,0,se,ne,anti,ccw,-,cw,1,ne,e,1
R,gamma12,gamma7,tog,opp,pro,ccw,+,ccw,1,sw,s,anti,ccw,+,cw,1,se,w,2
R,gamma12,beta5,tog,opp,pro,ccw,+,ccw,1,sw,s,anti,ccw,-,cw,1,se,s,2
R,gamma12,eta6,tog,opp,pro,ccw,+,ccw,1,sw,s,anti,ccw,,cw,0,se,sw,1
R,gamma12,alpha7,tog,opp,pro,ccw,-,ccw,1,sw,e,anti,ccw,+,cw,1,se,w,2
R,gamma12,gamma5,tog,opp,pro,ccw,-,ccw,1,sw,e,anti,ccw,-,cw,1,se,s,2
R,gamma12,zeta6,tog,opp,pro,ccw,-,ccw,1,sw,e,anti,ccw,,cw,0,se,sw,1
R,gamma12,zeta7,tog,opp,pro,ccw,,ccw,0,sw,se,anti,ccw,+,cw,1,se,w,1
R,gamma12,eta5,tog,opp,pro,ccw,,ccw,0,sw,se,anti,ccw,-,cw,1,se,s,1
R,gamma14,gamma1,split,opp,pro,ccw,+,ccw,1,nw,w,anti,ccw,+,cw,1,sw,n,2
R,gamma14,beta7,split,opp,pro,ccw,+,ccw,1,nw,w,anti,ccw,-,cw,1,sw,w,2
R,gamma14,eta8,split,opp,pro,ccw,+,ccw,1,nw,w,anti,ccw,,cw,0,sw,nw,1
R,gamma14,alpha1,split,opp,pro,ccw,-,ccw,1,nw,s,anti,ccw,+,cw,1,sw,n,2
R,gamma14,gamma7,split,opp,pro,ccw,-,ccw,1,nw,s,anti,ccw,-,cw,1,sw,w,2
R,gamma14,zeta8,split,opp,pro,ccw,-,ccw,1,nw,s,anti,ccw,,cw,0,sw,nw,1
R,gamma14,zeta1,split,opp,pro,ccw,,ccw,0,nw,sw,anti,ccw,+,cw,1,sw,n,1
R,gamma14,eta7,split,opp,pro,ccw,,ccw,0,nw,sw,anti,ccw,-,cw,1,sw,w,1
R,gamma16,gamma3,tog,opp,pro,ccw,+,ccw,1,ne,n,anti,ccw,+,cw,1,nw,e,2
R,gamma16,beta1,tog,opp,pro,ccw,+,ccw,1,ne,n,anti,ccw,-,cw,1,nw,n,2
R,gamma16,eta2,tog,opp,pro,ccw,+,ccw,1,ne,n,anti,ccw,,cw,0,nw,ne,1
R,gamma16,alpha3,tog,opp,pro,ccw,-,ccw,1,ne,w,anti,ccw,+,cw,1,nw,e,2
R,gamma16,gamma1,tog,opp,pro,ccw,-,ccw,1,ne,w,anti,ccw,-,cw,1,nw,n,2
R,gamma16,zeta2,tog,opp,pro,ccw,-,ccw,1,ne,w,anti,ccw,,cw,0,nw,ne,1
R,gamma16,zeta3,tog,opp,pro,ccw,,ccw,0,ne,nw,anti,ccw,+,cw,1,nw,e,1
R,gamma16,eta1,tog,opp,pro,ccw,,ccw,0,ne,nw,anti,ccw,-,cw,1,nw,n,1
S,gamma2,gamma5,quarter,same,pro,cw,+,cw,1,nw,e,pro,cw,+,cw,1,ne,s,2
S,gamma2,beta3,quarter,same,pro,cw,+,cw,1,nw,e,pro,cw,-,cw,1,ne,e,2
S,gamma2,eta4,quarter,same,pro,cw,+,cw,1,nw,e,pro,cw,,cw,0,ne,se,1
S,gamma2,alpha5,quarter,same,pro,cw,-,cw,1,nw,n,pro,cw,+,cw,1,ne,s,2
S,gamma2,gamma3,quarter,same,pro,cw,-,cw,1,nw,n,pro,cw,-,cw,1,ne,e,2
S,gamma2,zeta4,quarter,same,pro,cw,-,cw,1,nw,n,pro,cw,,cw,0,ne,se,1
S,gamma2,zeta5,quarter,same,pro,cw,,cw,0,nw,ne,pro,cw,+,cw,1,ne,s,1
S,gamma2,eta3,quarter,same,pro,cw,,cw,0,nw,ne,pro,cw,-,cw,1,ne,e,1
S,gamma4,gamma7,quarter,same,pro,cw,+,cw,1,ne,s,pro,cw,+,cw,1,se,w,2
S,gamma4,beta5,quarter,same,pro,cw,+,cw,1,ne,s,pro,cw,-,cw,1,se,s,2
S,gamma4,eta6,quarter,same,pro,cw,+,cw,1,ne,s,pro,cw,,cw,0,se,sw,1
S,gamma4,alpha7,quarter,same,pro,cw,-,cw,1,ne,e,pro,cw,+,cw,1,se,w,2
S,gamma4,gamma5,quarter,same,pro,cw,-,cw,1,ne,e,pro,cw,-,cw,1,se,s,2
S,gamma4,zeta6,quarter,same,pro,cw,-,cw,1,ne,e,pro,cw,,cw,0,se,sw,1
S,gamma4,zeta7,quarter,same,pro,cw,,cw,0,ne,se,pro,cw,+,cw,1,se,w,1
S,gamma4,eta5,quarter,same,pro,cw,,cw,0,ne,se,pro,cw,-,cw,1,se,s,1
S,gamma6,gamma1,quarter,same,pro,cw,+,cw,1,se,w,pro,cw,+,cw,1,sw,n,2
S,gamma6,beta7,quarter,same,pro,cw,+,cw,1,se,w,pro,cw,-,cw,1,sw,w,2
S,gamma6,eta8,quarter,same,pro,cw,+,cw,1,se,w,pro,cw,,cw,0,sw,nw,1
S,gamma6,alpha1,quarter,same,pro,cw,-,cw,1,se,s,pro,cw,+,cw,1,sw,n,2
S,gamma6,gamma7,quarter,same,pro,cw,-,cw,1,se,s,pro,cw,-,cw,1,sw,w,2
S,gamma6,zeta8,quarter,same,pro,cw,-,cw,1,se,s,pro,cw,,cw,0,sw,nw,1
S,gamma6,zeta1,quarter,same,pro,cw,,cw,0,se,sw,pro,cw,+,cw,1,sw,n,1
S,gamma6,eta7,quarter,same,pro,cw,,cw,0,se,sw,pro,cw,-,cw,1,sw,w,1
S,gamma8,gamma3,quarter,same,pro,cw,+,cw,1,sw,n,pro,cw,+,cw,1,nw,e,2
S,gamma8,beta1,quarter,same,pro,cw,+,cw,1,sw,n,pro,cw,-,cw,1,nw,n,2
S,gamma8,eta2,quarter,same,pro,cw,+,cw,1,sw,n,pro,cw,,cw,0,nw,ne,1
S,gamma8,alpha3,quarter,same,pro,cw,-,cw,1,sw,w,pro,cw,+,cw,1,nw,e,2
S,gamma8,gamma1,quarter,same,pro,cw,-,cw,1,sw,w,pro,cw,-,cw,1,nw,n,2
S,gamma8,zeta2,quarter,same,pro,cw,-,cw,1,sw,w,pro,cw,,cw,0,nw,ne,1
S,gamma8,zeta3,quarter,same,pro,cw,,cw,0,sw,nw,pro,cw,+,cw,1,nw,e,1
S,gamma8,eta1,quarter,same,pro,cw,,cw,0,sw,nw,pro,cw,-,cw,1,nw,n,1
S,gamma2,gamma1,quarter,same,pro,ccw,+,ccw,1,nw,w,pro,ccw,+,ccw,1,ne,n,2
S,gamma2,beta7,quarter,same,pro,ccw,+,ccw,1,nw,w,pro,ccw,-,ccw,1,ne,w,2
S,gamma2,eta8,quarter,same,pro,ccw,+,ccw,1,nw,w,pro,ccw,,ccw,0,ne,nw,1
S,gamma2,alpha1,quarter,same,pro,ccw,-,ccw,1,nw,s,pro,ccw,+,ccw,1,ne,n,2
S,gamma2,gamma7,quarter,same,pro,ccw,-,ccw,1,nw,s,pro,ccw,-,ccw,1,ne,w,2
S,gamma2,zeta8,quarter,same,pro,ccw,-,ccw,1,nw,s,pro,ccw,,ccw,0,ne,nw,1
S,gamma2,zeta1,quarter,same,pro,ccw,,ccw,0,nw,sw,pro,ccw,+,ccw,1,ne,n,1
S,gamma2,eta7,quarter,same,pro,ccw,,ccw,0,nw,sw,pro,ccw,-,ccw,1,ne,w,1
S,gamma4,gamma3,quarter,same,pro,ccw,+,ccw,1,ne,n,pro,ccw,+,ccw,1,se,e,2
S,gamma4,beta1,quarter,same,pro,ccw,+,ccw,1,ne,n,pro,ccw,-,ccw,1,se,n,2
S,gamma4,eta2,quarter,same,pro,ccw,+,ccw,1,ne,n,pro,ccw,,ccw,0,se,ne,1
S,gamma4,alpha3,quarter,same,pro,ccw,-,ccw,1,ne,w,pro,ccw,+,ccw,1,se,e,2
S,gamma4,gamma1,quarter,same,pro,ccw,-,ccw,1,ne,w,pro,ccw,-,ccw,1,se,n,2
S,gamma4,zeta2,quarter,same,pro,ccw,-,ccw,1,ne,w,pro,ccw,,ccw,0,se,ne,1
S,gamma4,zeta3,quarter,same,pro,ccw,,ccw,0,ne,nw,pro,ccw,+,ccw,1,se,e,1
S,gamma4,eta1,quarter,same,pro,ccw,,ccw,0,ne,nw,pro,ccw,-,ccw,1,se,n,1
S,gamma8,gamma7,quarter,same,pro,ccw,+,ccw,1,sw,s,pro,ccw,+,ccw,1,nw,w,2
S,gamma8,beta5,quarter,same,pro,ccw,+,ccw,1,sw,s,pro,ccw,-,ccw,1,nw,s,2
S,gamma8,eta6,quarter,same,pro,ccw,+,ccw,1,sw,s,pro,ccw,,ccw,0,nw,sw,1
S,gamma8,alpha7,quarter,same,pro,ccw,-,ccw,1,sw,e,pro,ccw,+,ccw,1,nw,w,2
S,gamma8,gamma5,quarter,same,pro,ccw,-,ccw,1,sw,e,pro,ccw,-,ccw,1,nw,s,2
S,gamma8,zeta6,quarter,same,pro,ccw,-,ccw,1,sw,e,pro,ccw,,ccw,0,nw,sw,1
S,gamma8,zeta7,quarter,same,pro,ccw,,ccw,0,sw,se,pro,ccw,+,ccw,1,nw,w,1
S,gamma8,eta5,quarter,same,pro,ccw,,ccw,0,sw,se,pro,ccw,-,ccw,1,nw,s,1
S,gamma6,gamma5,quarter,same,pro,ccw,+,ccw,1,se,e,pro,ccw,+,ccw,1,sw,s,2
S,gamma6,beta3,quarter,same,pro,ccw,+,ccw,1,se,e,pro,ccw,-,ccw,1,sw,e,2
S,gamma6,eta4,quarter,same,pro,ccw,+,ccw,1,se,e,pro,ccw,,ccw,0,sw,se,1
S,gamma6,alpha5,quarter,same,pro,ccw,-,ccw,1,se,n,pro,ccw,+,ccw,1,sw,s,2
S,gamma6,gamma3,quarter,same,pro,ccw,-,ccw,1,se,n,pro,ccw,-,ccw,1,sw,e,2
S,gamma6,zeta4,quarter,same,pro,ccw,-,ccw,1,se,n,pro,ccw,,ccw,0,sw,se,1
S,gamma6,zeta5,quarter,same,pro,ccw,,ccw,0,se,ne,pro,ccw,+,ccw,1,sw,s,1
S,gamma6,eta3,quarter,same,pro,ccw,,ccw,0,se,ne,pro,ccw,-,ccw,1,sw,e,1
S,gamma16,gamma11,quarter,same,pro,cw,+,cw,1,ne,s,pro,cw,+,cw,1,nw,e,2
S,gamma16,alpha1,quarter,same,pro,cw,+,cw,1,ne,s,pro,cw,-,cw,1,nw,n,2
S,gamma16,zeta10,quarter,same,pro,cw,+,cw,1,ne,s,pro,cw,,cw,0,nw,ne,1
S,gamma16,beta3,quarter,same,pro,cw,-,cw,1,ne,e,pro,cw,+,cw,1,nw,e,2
S,gamma16,gamma9,quarter,same,pro,cw,-,cw,1,ne,e,pro,cw,-,cw,1,nw,n,2
S,gamma16,eta10,quarter,same,pro,cw,-,cw,1,ne,e,pro,cw,,cw,0,nw,ne,1
S,gamma16,eta11,quarter,same,pro,cw,,cw,0,ne,se,pro,cw,+,cw,1,nw,e,1
S,gamma16,zeta9,quarter,same,pro,cw,,cw,0,ne,se,pro,cw,-,cw,1,nw,n,1
S,gamma10,gamma13,quarter,same,pro,cw,+,cw,1,se,w,pro,cw,+,cw,1,ne,s,2
S,gamma10,alpha3,quarter,same,pro,cw,+,cw,1,se,w,pro,cw,-,cw,1,ne,e,2
S,gamma10,zeta12,quarter,same,pro,cw,+,cw,1,se,w,pro,cw,,cw,0,ne,se,1
S,gamma10,beta5,quarter,same,pro,cw,-,cw,1,se,s,pro,cw,+,cw,1,ne,s,2
S,gamma10,gamma11,quarter,same,pro,cw,-,cw,1,se,s,pro,cw,-,cw,1,ne,e,2
S,gamma10,eta12,quarter,same,pro,cw,-,cw,1,se,s,pro,cw,,cw,0,ne,se,1
S,gamma10,eta13,quarter,same,pro,cw,,cw,0,se,sw,pro,cw,+,cw,1,ne,s,1
S,gamma10,zeta11,quarter,same,pro,cw,,cw,0,se,sw,pro,cw,-,cw,1,ne,e,1
S,gamma12,gamma15,quarter,same,pro,cw,+,cw,1,sw,n,pro,cw,+,cw,1,se,w,2
S,gamma12,alpha5,quarter,same,pro,cw,+,cw,1,sw,n,pro,cw,-,cw,1,se,s,2
S,gamma12,zeta14,quarter,same,pro,cw,+,cw,1,sw,n,pro,cw,,cw,0,se,sw,1
S,gamma12,beta7,quarter,same,pro,cw,-,cw,1,sw,w,pro,cw,+,cw,1,se,w,2
S,gamma12,gamma13,quarter,same,pro,cw,-,cw,1,sw,w,pro,cw,-,cw,1,se,s,2
S,gamma12,eta14,quarter,same,pro,cw,-,cw,1,sw,w,pro,cw,,cw,0,se,sw,1
S,gamma12,eta15,quarter,same,pro,cw,,cw,0,sw,nw,pro,cw,+,cw,1,se,w,1
S,gamma12,zeta13,quarter,same,pro,cw,,cw,0,sw,nw,pro,cw,-,cw,1,se,s,1
S,gamma14,gamma9,quarter,same,pro,cw,+,cw,1,nw,e,pro,cw,+,cw,1,sw,n,2
S,gamma14,alpha7,quarter,same,pro,cw,+,cw,1,nw,e,pro,cw,-,cw,1,sw,w,2
S,gamma14,zeta16,quarter,same,pro,cw,+,cw,1,nw,e,pro,cw,,cw,0,sw,nw,1
S,gamma14,beta1,quarter,same,pro,cw,-,cw,1,nw,n,pro,cw,+,cw,1,sw,n,2
S,gamma14,gamma15,quarter,same,pro,cw,-,cw,1,nw,n,pro,cw,-,cw,1,sw,w,2
S,gamma14,eta16,quarter,same,pro,cw,-,cw,1,nw,n,pro,cw,,cw,0,sw,nw,1
S,gamma14,eta9,quarter,same,pro,cw,,cw,0,nw,ne,pro,cw,+,cw,1,sw,n,1
S,gamma14,zeta15,quarter,same,pro,cw,,cw,0,nw,ne,pro,cw,-,cw,1,sw,w,1
S,gamma16,gamma15,quarter,same,pro,ccw,+,ccw,1,ne,n,pro,ccw,+,ccw,1,nw,w,2
S,gamma16,alpha5,quarter,same,pro,ccw,+,ccw,1,ne,n,pro,ccw,-,ccw,1,nw,s,2
S,gamma16,zeta14,quarter,same,pro,ccw,+,ccw,1,ne,n,pro,ccw,,ccw,0,nw,sw,1
S,gamma16,beta7,quarter,same,pro,ccw,-,ccw,1,ne,w,pro,ccw,+,ccw,1,nw,w,2
S,gamma16,gamma13,quarter,same,pro,ccw,-,ccw,1,ne,w,pro,ccw,-,ccw,1,nw,s,2
S,gamma16,eta14,quarter,same,pro,ccw,-,ccw,1,ne,w,pro,ccw,,ccw,0,nw,sw,1
S,gamma16,eta15,quarter,same,pro,ccw,,ccw,0,ne,nw,pro,ccw,+,ccw,1,nw,w,1
S,gamma16,zeta13,quarter,same,pro,ccw,,ccw,0,ne,nw,pro,ccw,-,ccw,1,nw,s,1
S,gamma14,gamma13,quarter,same,pro,ccw,+,ccw,1,nw,w,pro,ccw,+,ccw,1,sw,s,2
S,gamma14,alpha3,quarter,same,pro,ccw,+,ccw,1,nw,w,pro,ccw,-,ccw,1,sw,e,2
S,gamma14,zeta12,quarter,same,pro,ccw,+,ccw,1,nw,w,pro,ccw,,ccw,0,sw,se,1
S,gamma14,beta5,quarter,same,pro,ccw,-,ccw,1,nw,s,pro,ccw,+,ccw,1,sw,s,2
S,gamma14,gamma11,quarter,same,pro,ccw,-,ccw,1,nw,s,pro,ccw,-,ccw,1,sw,e,2
S,gamma14,eta12,quarter,same,pro,ccw,-,ccw,1,nw,s,pro,ccw,,ccw,0,sw,se,1
S,gamma14,eta13,quarter,same,pro,ccw,,ccw,0,nw,sw,pro,ccw,+,ccw,1,sw,s,1
S,gamma14,zeta11,quarter,same,pro,ccw,,ccw,0,nw,sw,pro,ccw,-,ccw,1,sw,e,1
S,gamma12,gamma11,quarter,same,pro,ccw,+,ccw,1,sw,s,pro,ccw,+,ccw,1,se,e,2
S,gamma12,alpha1,quarter,same,pro,ccw,+,ccw,1,sw,s,pro,ccw,-,ccw,1,se,n,2
S,gamma12,zeta10,quarter,same,pro,ccw,+,ccw,1,sw,s,pro,ccw,,ccw,0,se,ne,1
S,gamma12,beta3,quarter,same,pro,ccw,-,ccw,1,sw,e,pro,ccw,+,ccw,1,se,e,2
S,gamma12,gamma9,quarter,same,pro,ccw,-,ccw,1,sw,e,pro,ccw,-,ccw,1,se,n,2
S,gamma12,eta10,quarter,same,pro,ccw,-,ccw,1,sw,e,pro,ccw,,ccw,0,se,ne,1
S,gamma12,eta11,quarter,same,pro,ccw,,ccw,0,sw,se,pro,ccw,+,ccw,1,se,e,1
S,gamma12,zeta9,quarter,same,pro,ccw,,ccw,0,sw,se,pro,ccw,-,ccw,1,se,n,1
S,gamma10,gamma9,quarter,same,pro,ccw,+,ccw,1,se,e,pro,ccw,+,ccw,1,ne,n,2
S,gamma10,alpha7,quarter,same,pro,ccw,+,ccw,1,se,e,pro,ccw,-,ccw,1,ne,w,2
S,gamma10,zeta16,quarter,same,pro,ccw,+,ccw,1,se,e,pro,ccw,,ccw,0,ne,nw,1
S,gamma10,beta1,quarter,same,pro,ccw,-,ccw,1,se,n,pro,ccw,+,ccw,1,ne,n,2
S,gamma10,gamma15,quarter,same,pro,ccw,-,ccw,1,se,n,pro,ccw,-,ccw,1,ne,w,2
S,gamma10,eta16,quarter,same,pro,ccw,-,ccw,1,se,n,pro,ccw,,ccw,0,ne,nw,1
S,gamma10,eta9,quarter,same,pro,ccw,,ccw,0,se,ne,pro,ccw,+,ccw,1,ne,n,1
S,gamma10,zeta15,quarter,same,pro,ccw,,ccw,0,se,ne,pro,ccw,-,ccw,1,ne,w,1
T,gamma2,gamma5,quarter,same,anti,ccw,+,cw,1,nw,e,anti,ccw,+,cw,1,ne,s,2
T,gamma2,beta3,quarter,same,anti,ccw,+,cw,1,nw,e,anti,ccw,-,cw,1,ne,e,2
T,gamma2,eta4,quarter,same,anti,ccw,+,cw,1,nw,e,anti,ccw,,cw,0,ne,se,1
T,gamma2,alpha5,quarter,same,anti,ccw,-,cw,1,nw,n,anti,ccw,+,cw,1,ne,s,2
T,gamma2,gamma3,quarter,same,anti,ccw,-,cw,1,nw,n,anti,ccw,-,cw,1,ne,e,2
T,gamma2,zeta4,quarter,same,anti,ccw,-,cw,1,nw,n,anti,ccw,,cw,0,ne,se,1
T,gamma2,zeta5,quarter,same,anti,ccw,,cw,0,nw,ne,anti,ccw,+,cw,1,ne,s,1
T,gamma2,eta3,quarter,same,anti,ccw,,cw,0,nw,ne,anti,ccw,-,cw,1,ne,e,1
T,gamma4,gamma7,quarter,same,anti,ccw,+,cw,1,ne,s,anti,ccw,+,cw,1,se,w,2
T,gamma4,beta5,quarter,same,anti,ccw,+,cw,1,ne,s,anti,ccw,-,cw,1,se,s,2
T,gamma4,eta6,quarter,same,anti,ccw,+,cw,1,ne,s,anti,ccw,,cw,0,se,sw,1
T,gamma4,alpha7,quarter,same,anti,ccw,-,cw,1,ne,e,anti,ccw,+,cw,1,se,w,2
T,gamma4,gamma5,quarter,same,anti,ccw,-,cw,1,ne,e,anti,ccw,-,cw,1,se,s,2
T,gamma4,zeta6,quarter,same,anti,ccw,-,cw,1,ne,e,anti,ccw,,cw,0,se,sw,1
T,gamma4,zeta7,quarter,same,anti,ccw,,cw,0,ne,se,anti,ccw,+,cw,1,se,w,1
T,gamma4,eta5,quarter,same,anti,ccw,,cw,0,ne,se,anti,ccw,-,cw,1,se,s,1
T,gamma6,gamma1,quarter,same,anti,ccw,+,cw,1,se,w,anti,ccw,+,cw,1,sw,n,2
T,gamma6,beta7,quarter,same,anti,ccw,+,cw,1,se,w,anti,ccw,-,cw,1,sw,w,2
T,gamma6,eta8,quarter,same,anti,ccw,+,cw,1,se,w,anti,ccw,,cw,0,sw,nw,1
T,gamma6,alpha1,quarter,same,anti,ccw,-,cw,1,se,s,anti,ccw,+,cw,1,sw,n,2
T,gamma6,gamma7,quarter,same,anti,ccw,-,cw,1,se,s,anti,ccw,-,cw,1,sw,w,2
T,gamma6,zeta8,quarter,same,anti,ccw,-,cw,1,se,s,anti,ccw,,cw,0,sw,nw,1
T,gamma6,zeta1,quarter,same,anti,ccw,,cw,0,se,sw,anti,ccw,+,cw,1,sw,n,1
T,gamma6,eta7,quarter,same,anti,ccw,,cw,0,se,sw,anti,ccw,-,cw,1,sw,w,1
T,gamma8,gamma3,quarter,same,anti,ccw,+,cw,1,sw,n,anti,ccw,+,cw,1,nw,e,2
T,gamma8,beta1,quarter,same,anti,ccw,+,cw,1,sw,n,anti,ccw,-,cw,1,nw,n,2
T,gamma8,eta2,quarter,same,anti,ccw,+,cw,1,sw,n,anti,ccw,,cw,0,nw,ne,1
T,gamma8,alpha3,quarter,same,anti,ccw,-,cw,1,sw,w,anti,ccw,+,cw,1,nw,e,2
T,gamma8,gamma1,quarter,same,anti,ccw,-,cw,1,sw,w,anti,ccw,-,cw,1,nw,n,2
T,gamma8,zeta2,quarter,same,anti,ccw,-,cw,1,sw,w,anti,ccw,,cw,0,nw,ne,1
T,gamma8,zeta3,quarter,same,anti,ccw,,cw,0,sw,nw,anti,ccw,+,cw,1,nw,e,1
T,gamma8,eta1,quarter,same,anti,ccw,,cw,0,sw,nw,anti,ccw,-,cw,1,nw,n,1
T,gamma2,gamma1,quarter,same,anti,cw,+,ccw,1,nw,w,anti,cw,+,ccw,1,ne,n,2
T,gamma2,beta7,quarter,same,anti,cw,+,ccw,1,nw,w,anti,cw,-,ccw,1,ne,w,2
T,gamma2,eta8,quarter,same,anti,cw,+,ccw,1,nw,w,anti,cw,,ccw,0,ne,nw,1
T,gamma2,alpha1,quarter,same,anti,cw,-,ccw,1,nw,s,anti,cw,+,ccw,1,ne,n,2
T,gamma2,gamma7,quarter,same,anti,cw,-,ccw,1,nw,s,anti,cw,-,ccw,1,ne,w,2
T,gamma2,zeta8,quarter,same,anti,cw,-,ccw,1,nw,s,anti,cw,,ccw,0,ne,nw,1
T,gamma2,zeta1,quarter,same,anti,cw,,ccw,0,nw,sw,anti,cw,+,ccw,1,ne,n,1
T,gamma2,eta7,quarter,same,anti,cw,,ccw,0,nw,sw,anti,cw,-,ccw,1,ne,w,1
T,gamma4,gamma3,quarter,same,anti,cw,+,ccw,1,ne,n,anti,cw,+,ccw,1,se,e,2
T,gamma4,beta1,quarter,same,anti,cw,+,ccw,1,ne,n,anti,cw,-,ccw,1,se,n,2
T,gamma4,eta2,quarter,same,anti,cw,+,ccw,1,ne,n,anti,cw,,ccw,0,se,ne,1
T,gamma4,alpha3,quarter,same,anti,cw,-,ccw,1,ne,w,anti,cw,+,ccw,1,se,e,2
T,gamma4,gamma1,quarter,same,anti,cw,-,ccw,1,ne,w,anti,cw,-,ccw,1,se,n,2
T,gamma4,zeta2,quarter,same,anti,cw,-,ccw,1,ne,w,anti,cw,,ccw,0,se,ne,1
T,gamma4,zeta3,quarter,same,anti,cw,,ccw,0,ne,nw,anti,cw,+,ccw,1,se,e,1
T,gamma4,eta1,quarter,same,anti,cw,,ccw,0,ne,nw,anti,cw,-,ccw,1,se,n,1
T,gamma8,gamma7,quarter,same,anti,cw,+,ccw,1,sw,s,anti,cw,+,ccw,1,nw,w,2
T,gamma8,beta5,quarter,same,anti,cw,+,ccw,1,sw,s,anti,cw,-,ccw,1,nw,s,2
T,gamma8,eta6,quarter,same,anti,cw,+,ccw,1,sw,s,anti,cw,,ccw,0,nw,sw,1
T,gamma8,alpha7,quarter,same,anti,cw,-,ccw,1,sw,e,anti,cw,+,ccw,1,nw,w,2
T,gamma8,gamma5,quarter,same,anti,cw,-,ccw,1,sw,e,anti,cw,-,ccw,1,nw,s,2
T,gamma8,zeta6,quarter,same,anti,cw,-,ccw,1,sw,e,anti,cw,,ccw,0,nw,sw,1
T,gamma8,zeta7,quarter,same,anti,cw,,ccw,0,sw,se,anti,cw,+,ccw,1,nw,w,1
T,gamma8,eta5,quarter,same,anti,cw,,ccw,0,sw,se,anti,cw,-,ccw,1,nw,s,1
T,gamma6,gamma5,quarter,same,anti,cw,+,ccw,1,se,e,anti,cw,+,ccw,1,sw,s,2
T,gamma6,beta3,quarter,same,anti,cw,+,ccw,1,se,e,anti,cw,-,ccw,1,sw,e,2
T,gamma6,eta4,quarter,same,anti,cw,+,ccw,1,se,e,anti,cw,,ccw,0,sw,se,1
T,gamma6,alpha5,quarter,same,anti,cw,-,ccw,1,se,n,anti,cw,+,ccw,1,sw,s,2
T,gamma6,gamma3,quarter,same,anti,cw,-,ccw,1,se,n,anti,cw,-,ccw,1,sw,e,2
T,gamma6,zeta4,quarter,same,anti,cw,-,ccw,1,se,n,anti,cw,,ccw,0,sw,se,1
T,gamma6,zeta5,quarter,same,anti,cw,,ccw,0,se,ne,anti,cw,+,ccw,1,sw,s,1
T,gamma6,eta3,quarter,same,anti,cw,,ccw,0,se,ne,anti,cw,-,ccw,1,sw,e,1
T,gamma16,gamma11,quarter,same,anti,ccw,+,cw,1,ne,s,anti,ccw,+,cw,1,nw,e,2
T,gamma16,alpha1,quarter,same,anti,ccw,+,cw,1,ne,s,anti,ccw,-,cw,1,nw,n,2
T,gamma16,zeta10,quarter,same,anti,ccw,+,cw,1,ne,s,anti,ccw,,cw,0,nw,ne,1
T,gamma16,beta3,quarter,same,anti,ccw,-,cw,1,ne,e,anti,ccw,+,cw,1,nw,e,2
T,gamma16,gamma9,quarter,same,anti,ccw,-,cw,1,ne,e,anti,ccw,-,cw,1,nw,n,2
T,gamma16,eta10,quarter,same,anti,ccw,-,cw,1,ne,e,anti,ccw,,cw,0,nw,ne,1
T,gamma16,eta11,quarter,same,anti,ccw,,cw,0,ne,se,anti,ccw,+,cw,1,nw,e,1
T,gamma16,zeta9,quarter,same,anti,ccw,,cw,0,ne,se,anti,ccw,-,cw,1,nw,n,1
T,gamma10,gamma13,quarter,same,anti,ccw,+,cw,1,se,w,anti,ccw,+,cw,1,ne,s,2
T,gamma10,alpha3,quarter,same,anti,ccw,+,cw,1,se,w,anti,ccw,-,cw,1,ne,e,2
T,gamma10,zeta12,quarter,same,anti,ccw,+,cw,1,se,w,anti,ccw,,cw,0,ne,se,1
T,gamma10,beta5,quarter,same,anti,ccw,-,cw,1,se,s,anti,ccw,+,cw,1,ne,s,2
T,gamma10,gamma11,quarter,same,anti,ccw,-,cw,1,se,s,anti,ccw,-,cw,1,ne,e,2
T,gamma10,eta12,quarter,same,anti,ccw,-,cw,1,se,s,anti,ccw,,cw,0,ne,se,1
T,gamma10,eta13,quarter,same,anti,ccw,,cw,0,se,sw,anti,ccw,+,cw,1,ne,s,1
T,gamma10,zeta11,quarter,same,anti,ccw,,cw,0,se,sw,anti,ccw,-,cw,1,ne,e,1
T,gamma12,gamma15,quarter,same,anti,ccw,+,cw,1,sw,n,anti,ccw,+,cw,1,se,w,2
T,gamma12,alpha5,quarter,same,anti,ccw,+,cw,1,sw,n,anti,ccw,-,cw,1,se,s,2
T,gamma12,zeta14,quarter,same,anti,ccw,+,cw,1,sw,n,anti,ccw,,cw,0,se,sw,1
T,gamma12,beta7,quarter,same,anti,ccw,-,cw,1,sw,w,anti,ccw,+,cw,1,se,w,2
T,gamma12,gamma13,quarter,same,anti,ccw,-,cw,1,sw,w,anti,ccw,-,cw,1,se,s,2
T,gamma12,eta14,quarter,same,anti,ccw,-,cw,1,sw,w,anti,ccw,,cw,0,se,sw,1
T,gamma12,eta15,quarter,same,anti,ccw,,cw,0,sw,nw,anti,ccw,+,cw,1,se,w,1
T,gamma12,zeta13,quarter,same,anti,ccw,,cw,0,sw,nw,anti,ccw,-,cw,1,se,s,1
T,gamma14,gamma9,quarter,same,anti,ccw,+,cw,1,nw,e,anti,ccw,+,cw,1,sw,n,2
T,gamma14,alpha7,quarter,same,anti,ccw,+,cw,1,nw,e,anti,ccw,-,cw,1,sw,w,2
T,gamma14,zeta16,quarter,same,anti,ccw,+,cw,1,nw,e,anti,ccw,,cw,0,sw,nw,1
T,gamma14,beta1,quarter,same,anti,ccw,-,cw,1,nw,n,anti,ccw,+,cw,1,sw,n,2
T,gamma14,gamma15,quarter,same,anti,ccw,-,cw,1,nw,n,anti,ccw,-,cw,1,sw,w,2
T,gamma14,eta16,quarter,same,anti,ccw,-,cw,1,nw,n,anti,ccw,,cw,0,sw,nw,1
T,gamma14,eta9,quarter,same,anti,ccw,,cw,0,nw,ne,anti,ccw,+,cw,1,sw,n,1
T,gamma14,zeta15,quarter,same,anti,ccw,,cw,0,nw,ne,anti,ccw,-,cw,1,sw,w,1
T,gamma16,gamma15,quarter,same,anti,cw,+,ccw,1,ne,n,anti,cw,+,ccw,1,nw,w,2
T,gamma16,alpha5,quarter,same,anti,cw,+,ccw,1,ne,n,anti,cw,-,ccw,1,nw,s,2
T,gamma16,zeta14,quarter,same,anti,cw,+,ccw,1,ne,n,anti,cw,,ccw,0,nw,sw,1
T,gamma16,beta7,quarter,same,anti,cw,-,ccw,1,ne,w,anti,cw,+,ccw,1,nw,w,2
T,gamma16,gamma13,quarter,same,anti,cw,-,ccw,1,ne,w,anti,cw,-,ccw,1,nw,s,2
T,gamma16,eta14,quarter,same,anti,cw,-,ccw,1,ne,w,anti,cw,,ccw,0,nw,sw,1
T,gamma16,eta15,quarter,same,anti,cw,,ccw,0,ne,nw,anti,cw,+,ccw,1,nw,w,1
T,gamma16,zeta13,quarter,same,anti,cw,,ccw,0,ne,nw,anti,cw,-,ccw,1,nw,s,1
T,gamma14,gamma13,quarter,same,anti,cw,+,ccw,1,nw,w,anti,cw,+,ccw,1,sw,s,2
T,gamma14,alpha3,quarter,same,anti,cw,+,ccw,1,nw,w,anti,cw,-,ccw,1,sw,e,2
T,gamma14,zeta12,quarter,same,anti,cw,+,ccw,1,nw,w,anti,cw,,ccw,0,sw,se,1
T,gamma14,beta5,quarter,same,anti,cw,-,ccw,1,nw,s,anti,cw,+,ccw,1,sw,s,2
T,gamma14,gamma11,quarter,same,anti,cw,-,ccw,1,nw,s,anti,cw,-,ccw,1,sw,e,2
T,gamma14,eta12,quarter,same,anti,cw,-,ccw,1,nw,s,anti,cw,,ccw,0,sw,se,1
T,gamma14,eta13,quarter,same,anti,cw,,ccw,0,nw,sw,anti,cw,+,ccw,1,sw,s,1
T,gamma14,zeta11,quarter,same,anti,cw,,ccw,0,nw,sw,anti,cw,-,ccw,1,sw,e,1
T,gamma12,gamma11,quarter,same,anti,cw,+,ccw,1,sw,s,anti,cw,+,ccw,1,se,e,2
T,gamma12,alpha1,quarter,same,anti,cw,+,ccw,1,sw,s,anti,cw,-,ccw,1,se,n,2
T,gamma12,zeta10,quarter,same,anti,cw,+,ccw,1,sw,s,anti,cw,,ccw,0,se,ne,1
T,gamma12,beta3,quarter,same,anti,cw,-,ccw,1,sw,e,anti,cw,+,ccw,1,se,e,2
T,gamma12,gamma9,quarter,same,anti,cw,-,ccw,1,sw,e,anti,cw,-,ccw,1,se,n,2
T,gamma12,eta10,quarter,same,anti,cw,-,ccw,1,sw,e,anti,cw,,ccw,0,se,ne,1
T,gamma12,eta11,quarter,same,anti,cw,,ccw,0,sw,se,anti,cw,+,ccw,1,se,e,1
T,gamma12,zeta9,quarter,same,anti,cw,,ccw,0,sw,se,anti,cw,-,ccw,1,se,n,1
T,gamma10,gamma9,quarter,same,anti,cw,+,ccw,1,se,e,anti,cw,+,ccw,1,ne,n,2
T,gamma10,alpha7,quarter,same,anti,cw,+,ccw,1,se,e,anti,cw,-,ccw,1,ne,w,2
T,gamma10,zeta16,quarter,same,anti,cw,+,ccw,1,se,e,anti,cw,,ccw,0,ne,nw,1
T,gamma10,beta1,quarter,same,anti,cw,-,ccw,1,se,n,anti,cw,+,ccw,1,ne,n,2
T,gamma10,gamma15,quarter,same,anti,cw,-,ccw,1,se,n,anti,cw,-,ccw,1,ne,w,2
T,gamma10,eta16,quarter,same,anti,cw,-,ccw,1,se,n,anti,cw,,ccw,0,ne,nw,1
T,gamma10,eta9,quarter,same,anti,cw,,ccw,0,se,ne,anti,cw,+,ccw,1,ne,n,1
T,gamma10,zeta15,quarter,same,anti,cw,,ccw,0,se,ne,anti,cw,-,ccw,1,ne,w,1
U,gamma2,gamma1,quarter,same,pro,ccw,+,ccw,1,nw,w,anti,cw,+,ccw,1,ne,n,2
U,gamma2,beta7,quarter,same,pro,ccw,+,ccw,1,nw,w,anti,cw,-,ccw,1,ne,w,2
U,gamma2,eta8,quarter,same,pro,ccw,+,ccw,1,nw,w,anti,cw,,ccw,0,ne,nw,1
U,gamma2,alpha1,quarter,same,pro,ccw,-,ccw,1,nw,s,anti,cw,+,ccw,1,ne,n,2
U,gamma2,gamma7,quarter,same,pro,ccw,-,ccw,1,nw,s,anti,cw,-,ccw,1,ne,w,2
U,gamma2,zeta8,quarter,same,pro,ccw,-,ccw,1,nw,s,anti,cw,,ccw,0,ne,nw,1
U,gamma2,zeta1,quarter,same,pro,ccw,,ccw,0,nw,sw,anti,cw,+,ccw,1,ne,n,1
U,gamma2,eta7,quarter,same,pro,ccw,,ccw,0,nw,sw,anti,cw,-,ccw,1,ne,w,1
U,gamma8,gamma7,quarter,same,pro,ccw,+,ccw,1,sw,s,anti,cw,+,ccw,1,nw,w,2
U,gamma8,beta5,quarter,same,pro,ccw,+,ccw,1,sw,s,anti,cw,-,ccw,1,nw,s,2
U,gamma8,eta6,quarter,same,pro,ccw,+,ccw,1,sw,s,anti,cw,,ccw,0,nw,sw,1
U,gamma8,alpha7,quarter,same,pro,ccw,-,ccw,1,sw,e,anti,cw,+,ccw,1,nw,w,2
U,gamma8,gamma5,quarter,same,pro,ccw,-,ccw,1,sw,e,anti,cw,-,ccw,1,nw,s,2
U,gamma8,zeta6,quarter,same,pro,ccw,-,ccw,1,sw,e,anti,cw,,ccw,0,nw,sw,1
U,gamma8,zeta7,quarter,same,pro,ccw,,ccw,0,sw,se,anti,cw,+,ccw,1,nw,w,1
U,gamma8,eta5,quarter,same,pro,ccw,,ccw,0,sw,se,anti,cw,-,ccw,1,nw,s,1
U,gamma6,gamma5,quarter,same,pro,ccw,+,ccw,1,se,e,anti,cw,+,ccw,1,sw,s,2
U,gamma6,beta3,quarter,same,pro,ccw,+,ccw,1,se,e,anti,cw,-,ccw,1,sw,e,2
U,gamma6,eta4,quarter,same,pro,ccw,+,ccw,1,se,e,anti,cw,,ccw,0,sw,se,1
U,gamma6,alpha5,quarter,same,pro,ccw,-,ccw,1,se,n,anti,cw,+,ccw,1,sw,s,2
U,gamma6,gamma3,quarter,same,pro,ccw,-,ccw,1,se,n,anti,cw,-,ccw,1,sw,e,2
U,gamma6,zeta4,quarter,same,pro,ccw,-,ccw,1,se,n,anti,cw,,ccw,0,sw,se,1
U,gamma6,zeta5,quarter,same,pro,ccw,,ccw,0,se,ne,anti,cw,+,ccw,1,sw,s,1
U,gamma6,eta3,quarter,same,pro,ccw,,ccw,0,se,ne,anti,cw,-,ccw,1,sw,e,1
U,gamma4,gamma3,quarter,same,pro,ccw,+,ccw,1,ne,n,anti,cw,+,ccw,1,se,e,2
U,gamma4,beta1,quarter,same,pro,ccw,+,ccw,1,ne,n,anti,cw,-,ccw,1,se,n,2
U,gamma4,eta2,quarter,same,pro,ccw,+,ccw,1,ne,n,anti,cw,,ccw,0,se,ne,1
U,gamma4,alpha3,quarter,same,pro,ccw,-,ccw,1,ne,w,anti,cw,+,ccw,1,se,e,2
U,gamma4,gamma1,quarter,same,pro,ccw,-,ccw,1,ne,w,anti,cw,-,ccw,1,se,n,2
U,gamma4,zeta2,quarter,same,pro,ccw,-,ccw,1,ne,w,anti,cw,,ccw,0,se,ne,1
U,gamma4,zeta3,quarter,same,pro,ccw,,ccw,0,ne,nw,anti,cw,+,ccw,1,se,e,1
U,gamma4,eta1,quarter,same,pro,ccw,,ccw,0,ne,nw,anti,cw,-,ccw,1,se,n,1
U,gamma2,gamma5,quarter,same,anti,ccw,+,cw,1,nw,e,pro,cw,+,cw,1,ne,s,2
U,gamma2,beta3,quarter,same,anti,ccw,+,cw,1,nw,e,pro,cw,-,cw,1,ne,e,2
U,gamma2,eta4,quarter,same,anti,ccw,+,cw,1,nw,e,pro,cw,,cw,0,ne,se,1
U,gamma2,alpha5,quarter,same,anti,ccw,-,cw,1,nw,n,pro,cw,+,cw,1,ne,s,2
U,gamma2,gamma3,quarter,same,anti,ccw,-,cw,1,nw,n,pro,cw,-,cw,1,ne,e,2
U,gamma2,zeta4,quarter,same,anti,ccw,-,cw,1,nw,n,pro,cw,,cw,0,ne,se,1
U,gamma2,zeta5,quarter,same,anti,ccw,,cw,0,nw,ne,pro,cw,+,cw,1,ne,s,1
U,gamma2,eta3,quarter,same,anti,ccw,,cw,0,nw,ne,pro,cw,-,cw,1,ne,e,1
U,gamma4,gamma7,quarter,same,anti,ccw,+,cw,1,ne,s,pro,cw,+,cw,1,se,w,2
U,gamma4,beta5,quarter,same,anti,ccw,+,cw,1,ne,s,pro,cw,-,cw,1,se,s,2
U,gamma4,eta6,quarter,same,anti,ccw,+,cw,1,ne,s,pro,cw,,cw,0,se,sw,1
U,gamma4,alpha7,quarter,same,anti,ccw,-,cw,1,ne,e,pro,cw,+,cw,1,se,w,2
U,gamma4,gamma5,quarter,same,anti,ccw,-,cw,1,ne,e,pro,cw,-,cw,1,se,s,2
U,gamma4,zeta6,quarter,same,anti,ccw,-,cw,1,ne,e,pro,cw,,cw,0,se,sw,1
U,gamma4,zeta7,quarter,same,anti,ccw,,cw,0,ne,se,pro,cw,+,cw,1,se,w,1
U,gamma4,eta5,quarter,same,anti,ccw,,cw,0,ne,se,pro,cw,-,cw,1,se,s,1
U,gamma6,gamma1,quarter,same,anti,ccw,+,cw,1,se,w,pro,cw,+,cw,1,sw,n,2
U,gamma6,beta7,quarter,same,anti,ccw,+,cw,1,se,w,pro,cw,-,cw,1,sw,w,2
U,gamma6,eta8,quarter,same,anti,ccw,+,cw,1,se,w,pro,cw,,cw,0,sw,nw,1
U,gamma6,alpha1,quarter,same,anti,ccw,-,cw,1,se,s,pro,cw,+,cw,1,sw,n,2
U,gamma6,gamma7,quarter,same,anti,ccw,-,cw,1,se,s,pro,cw,-,cw,1,sw,w,2
U,gamma6,zeta8,quarter,same,anti,ccw,-,cw,1,se,s,pro,cw,,cw,0,sw,nw,1
U,gamma6,zeta1,quarter,same,anti,ccw,,cw,0,se,sw,pro,cw,+,cw,1,sw,n,1
U,gamma6,eta7,quarter,same,anti,ccw,,cw,0,se,sw,pro,cw,-,cw,1,sw,w,1
U,gamma8,gamma3,quarter,same,anti,ccw,+,cw,1,sw,n,pro,cw,+,cw,1,nw,e,2
U,gamma8,beta1,quarter,same,anti,ccw,+,cw,1,sw,n,pro,cw,-,cw,1,nw,n,2
U,gamma8,eta2,quarter,same,anti,ccw,+,cw,1,sw,n,pro,cw,,cw,0,nw,ne,1
U,gamma8,alpha3,quarter,same,anti,ccw,-,cw,1,sw,w,pro,cw,+,cw,1,nw,e,2
U,gamma8,gamma1,quarter,same,anti,ccw,-,cw,1,sw,w,pro,cw,-,cw,1,nw,n,2
U,gamma8,zeta2,quarter,same,anti,ccw,-,cw,1,sw,w,pro,cw,,cw,0,nw,ne,1
U,gamma8,zeta3,quarter,same,anti,ccw,,cw,0,sw,nw,pro,cw,+,cw,1,nw,e,1
U,gamma8,eta1,quarter,same,anti,ccw,,cw,0,sw,nw,pro,cw,-,cw,1,nw,n,1
U,gamma10,gamma13,quarter,same,pro,cw,+,cw,1,se,w,anti,ccw,+,cw,1,ne,s,2
U,gamma10,alpha3,quarter,same,pro,cw,+,cw,1,se,w,anti,ccw,-,cw,1,ne,e,2
U,gamma10,zeta12,quarter,same,pro,cw,+,cw,1,se,w,anti,ccw,,cw,0,ne,se,1
U,gamma10,beta5,quarter,same,pro,cw,-,cw,1,se,s,anti,ccw,+,cw,1,ne,s,2
U,gamma10,gamma11,quarter,same,pro,cw,-,cw,1,se,s,anti,ccw,-,cw,1,ne,e,2
U,gamma10,eta12,quarter,same,pro,cw,-,cw,1,se,s,anti,ccw,,cw,0,ne,se,1
U,gamma10,eta13,quarter,same,pro,cw,,cw,0,se,sw,anti,ccw,+,cw,1,ne,s,1
U,gamma10,zeta11,quarter,same,pro,cw,,cw,0,se,sw,anti,ccw,-,cw,1,ne,e,1
U,gamma12,gamma15,quarter,same,pro,cw,+,cw,1,sw,n,anti,ccw,+,cw,1,se,w,2
U,gamma12,alpha5,quarter,same,pro,cw,+,cw,1,sw,n,anti,ccw,-,cw,1,se,s,2
U,gamma12,zeta14,quarter,same,pro,cw,+,cw,1,sw,n,anti,ccw,,cw,0,se,sw,1
U,gamma12,beta7,quarter,same,pro,cw,-,cw,1,sw,w,anti,ccw,+,cw,1,se,w,2
U,gamma12,gamma13,quarter,same,pro,cw,-,cw,1,sw,w,anti,ccw,-,cw,1,se,s,2
U,gamma12,eta14,quarter,same,pro,cw,-,cw,1,sw,w,anti,ccw,,cw,0,se,sw,1
U,gamma12,eta15,quarter,same,pro,cw,,cw,0,sw,nw,anti,ccw,+,cw,1,se,w,1
U,gamma12,zeta13,quarter,same,pro,cw,,cw,0,sw,nw,anti,ccw,-,cw,1,se,s,1
U,gamma14,gamma9,quarter,same,pro,cw,+,cw,1,nw,e,anti,ccw,+,cw,1,sw,n,2
U,gamma14,alpha7,quarter,same,pro,cw,+,cw,1,nw,e,anti,ccw,-,cw,1,sw,w,2
U,gamma14,zeta16,quarter,same,pro,cw,+,cw,1,nw,e,anti,ccw,,cw,0,sw,nw,1
U,gamma14,beta1,quarter,same,pro,cw,-,cw,1,nw,n,anti,ccw,+,cw,1,sw,n,2
U,gamma14,gamma15,quarter,same,pro,cw,-,cw,1,nw,n,anti,ccw,-,cw,1,sw,w,2
U,gamma14,eta16,quarter,same,pro,cw,-,cw,1,nw,n,anti,ccw,,cw,0,sw,nw,1
U,gamma14,eta9,quarter,same,pro,cw,,cw,0,nw,ne,anti,ccw,+,cw,1,sw,n,1
U,gamma14,zeta15,quarter,same,pro,cw,,cw,0,nw,ne,anti,ccw,-,cw,1,sw,w,1
U,gamma16,gamma11,quarter,same,pro,cw,+,cw,1,ne,s,anti,ccw,+,cw,1,nw,e,2
U,gamma16,alpha1,quarter,same,pro,cw,+,cw,1,ne,s,anti,ccw,-,cw,1,nw,n,2
U,gamma16,zeta10,quarter,same,pro,cw,+,cw,1,ne,s,anti,ccw,,cw,0,nw,ne,1
U,gamma16,beta3,quarter,same,pro,cw,-,cw,1,ne,e,anti,ccw,+,cw,1,nw,e,2
U,gamma16,gamma9,quarter,same,pro,cw,-,cw,1,ne,e,anti,ccw,-,cw,1,nw,n,2
U,gamma16,eta10,quarter,same,pro,cw,-,cw,1,ne,e,anti,ccw,,cw,0,nw,ne,1
U,gamma16,eta11,quarter,same,pro,cw,,cw,0,ne,se,anti,ccw,+,cw,1,nw,e,1
U,gamma16,zeta9,quarter,same,pro,cw,,cw,0,ne,se,anti,ccw,-,cw,1,nw,n,1
U,gamma10,gamma9,quarter,same,anti,cw,+,ccw,1,se,e,pro,ccw,+,ccw,1,ne,n,2
U,gamma10,alpha7,quarter,same,anti,cw,+,ccw,1,se,e,pro,ccw,-,ccw,1,ne,w,2
U,gamma10,zeta16,quarter,same,anti,cw,+,ccw,1,se,e,pro,ccw,,ccw,0,ne,nw,1
U,gamma10,beta1,quarter,same,anti,cw,-,ccw,1,se,n,pro,ccw,+,ccw,1,ne,n,2
U,gamma10,gamma15,quarter,same,anti,cw,-,ccw,1,se,n,pro,ccw,-,ccw,1,ne,w,2
U,gamma10,eta16,quarter,same,anti,cw,-,ccw,1,se,n,pro,ccw,,ccw,0,ne,nw,1
U,gamma10,eta9,quarter,same,anti,cw,,ccw,0,se,ne,pro,ccw,+,ccw,1,ne,n,1
U,gamma10,zeta15,quarter,same,anti,cw,,ccw,0,se,ne,pro,ccw,-,ccw,1,ne,w,1
U,gamma12,gamma11,quarter,same,anti,cw,+,ccw,1,sw,s,pro,ccw,+,ccw,1,se,e,2
U,gamma12,alpha1,quarter,same,anti,cw,+,ccw,1,sw,s,pro,ccw,-,ccw,1,se,n,2
U,gamma12,zeta10,quarter,same,anti,cw,+,ccw,1,sw,s,pro,ccw,,ccw,0,se,ne,1
U,gamma12,beta3,quarter,same,anti,cw,-,ccw,1,sw,e,pro,ccw,+,ccw,1,se,e,2
U,gamma12,gamma9,quarter,same,anti,cw,-,ccw,1,sw,e,pro,ccw,-,ccw,1,se,n,2
U,gamma12,eta10,quarter,same,anti,cw,-,ccw,1,sw,e,pro,ccw,,ccw,0,se,ne,1
U,gamma12,eta11,quarter,same,anti,cw,,ccw,0,sw,se,pro,ccw,+,ccw,1,se,e,1
U,gamma12,zeta9,quarter,same,anti,cw,,ccw,0,sw,se,pro,ccw,-,ccw,1,se,n,1
U,gamma14,gamma13,quarter,same,anti,cw,+,ccw,1,nw,w,pro,ccw,+,ccw,1,sw,s,2
U,gamma14,alpha3,quarter,same,anti,cw,+,ccw,1,nw,w,pro,ccw,-,ccw,1,sw,e,2
U,gamma14,zeta12,quarter,same,anti,cw,+,ccw,1,nw,w,pro,ccw,,ccw,0,sw,se,1
U,gamma14,beta5,quarter,same,anti,cw,-,ccw,1,nw,s,pro,ccw,+,ccw,1,sw,s,2
U,gamma14,gamma11,quarter,same,anti,cw,-,ccw,1,nw,s,pro,ccw,-,ccw,1,sw,e,2
U,gamma14,eta12,quarter,same,anti,cw,-,ccw,1,nw,s,pro,ccw,,ccw,0,sw,se,1
U,gamma14,eta13,quarter,same,anti,cw,,ccw,0,nw,sw,pro,ccw,+,ccw,1,sw,s,1
U,gamma14,zeta11,quarter,same,anti,cw,,ccw,0,nw,sw,pro,ccw,-,ccw,1,sw,e,1
U,gamma16,gamma15,quarter,same,anti,cw,+,ccw,1,ne,n,pro,ccw,+,ccw,1,nw,w,2
U,gamma16,alpha5,quarter,same,anti,cw,+,ccw,1,ne,n,pro,ccw,-,ccw,1,nw,s,2
U,gamma16,zeta14,quarter,same,anti,cw,+,ccw,1,ne,n,pro,ccw,,ccw,0,nw,sw,1
U,gamma16,beta7,quarter,same,anti,cw,-,ccw,1,ne,w,pro,ccw,+,ccw,1,nw,w,2
U,gamma16,gamma13,quarter,same,anti,cw,-,ccw,1,ne,w,pro,ccw,-,ccw,1,nw,s,2
U,gamma16,eta14,quarter,same,anti,cw,-,ccw,1,ne,w,pro,ccw,,ccw,0,nw,sw,1
U,gamma16,eta15,quarter,same,anti,cw,,ccw,0,ne,nw,pro,ccw,+,ccw,1,nw,w,1
U,gamma16,zeta13,quarter,same,anti,cw,,ccw,0,ne,nw,pro,ccw,-,ccw,1,nw,s,1
V,gamma2,gamma1,quarter,same,anti,cw,+,ccw,1,nw,w,pro,ccw,+,ccw,1,ne,n,2
V,gamma2,beta7,quarter,same,anti,cw,+,ccw,1,nw,w,pro,ccw,-,ccw,1,ne,w,2
V,gamma2,eta8,quarter,same,anti,cw,+,ccw,1,nw,w,pro,ccw,,ccw,0,ne,nw,1
V,gamma2,alpha1,quarter,same,anti,cw,-,ccw,1,nw,s,pro,ccw,+,ccw,1,ne,n,2
V,gamma2,gamma7,quarter,same,anti,cw,-,ccw,1,nw,s,pro,ccw,-,ccw,1,ne,w,2
V,gamma2,zeta8,quarter,same,anti,cw,-,ccw,1,nw,s,pro,ccw,,ccw,0,ne,nw,1
V,gamma2,zeta1,quarter,same,anti,cw,,ccw,0,nw,sw,pro,ccw,+,ccw,1,ne,n,1
V,gamma2,eta7,quarter,same,anti,cw,,ccw,0,nw,sw,pro,ccw,-,ccw,1,ne,w,1
V,gamma8,gamma7,quarter,same,anti,cw,+,ccw,1,sw,s,pro,ccw,+,ccw,1,nw,w,2
V,gamma8,beta5,quarter,same,anti,cw,+,ccw,1,sw,s,pro,ccw,-,ccw,1,nw,s,2
V,gamma8,eta6,quarter,same,anti,cw,+,ccw,1,sw,s,pro,ccw,,ccw,0,nw,sw,1
V,gamma8,alpha7,quarter,same,anti,cw,-,ccw,1,sw,e,pro,ccw,+,ccw,1,nw,w,2
V,gamma8,gamma5,quarter,same,anti,cw,-,ccw,1,sw,e,pro,ccw,-,ccw,1,nw,s,2
V,gamma8,zeta6,quarter,same,anti,cw,-,ccw,1,sw,e,pro,ccw,,ccw,0,nw,sw,1
V,gamma8,zeta7,quarter,same,anti,cw,,ccw,0,sw,se,pro,ccw,+,ccw,1,nw,w,1
V,gamma8,eta5,quarter,same,anti,cw,,ccw,0,sw,se,pro,ccw,-,ccw,1,nw,s,1
V,gamma6,gamma5,quarter,same,anti,cw,+,ccw,1,se,e,pro,ccw,+,ccw,1,sw,s,2
V,gamma6,beta3,quarter,same,anti,cw,+,ccw,1,se,e,pro,ccw,-,ccw,1,sw,e,2
V,gamma6,eta4,quarter,same,anti,cw,+,ccw,1,se,e,pro,ccw,,ccw,0,sw,se,1
V,gamma6,alpha5,quarter,same,anti,cw,-,ccw,1,se,n,pro,ccw,+,ccw,1,sw,s,2
V,gamma6,gamma3,quarter,same,anti,cw,-,ccw,1,se,n,pro,ccw,-,ccw,1,sw,e,2
V,gamma6,zeta4,quarter,same,anti,cw,-,ccw,1,se,n,pro,ccw,,ccw,0,sw,se,1
V,gamma6,zeta5,quarter,same,anti,cw,,ccw,0,se,ne,pro,ccw,+,ccw,1,sw,s,1
V,gamma6,eta3,quarter,same,anti,cw,,ccw,0,se,ne,pro,ccw,-,ccw,1,sw,e,1
V,gamma4,gamma3,quarter,same,anti,cw,+,ccw,1,ne,n,pro,ccw,+,ccw,1,se,e,2
V,gamma4,beta1,quarter,same,anti,cw,+,ccw,1,ne,n,pro,ccw,-,ccw,1,se,n,2
V,gamma4,eta2,quarter,same,anti,cw,+,ccw,1,ne,n,pro,ccw,,ccw,0,se,ne,1
V,gamma4,alpha3,quarter,same,anti,cw,-,ccw,1,ne,w,pro,ccw,+,ccw,1,se,e,2
V,gamma4,gamma1,quarter,same,anti,cw,-,ccw,1,ne,w,pro,ccw,-,ccw,1,se,n,2
V,gamma4,zeta2,quarter,same,anti,cw,-,ccw,1,ne,w,pro,ccw,,ccw,0,se,ne,1
V,gamma4,zeta3,quarter,same,anti,cw,,ccw,0,ne,nw,pro,ccw,+,ccw,1,se,e,1
V,gamma4,eta1,quarter,same,anti,cw,,ccw,0,ne,nw,pro,ccw,-,ccw,1,se,n,1
V,gamma2,gamma5,quarter,same,pro,cw,+,cw,1,nw,e,anti,ccw,+,cw,1,ne,s,2
V,gamma2,beta3,quarter,same,pro,cw,+,cw,1,nw,e,anti,ccw,-,cw,1,ne,e,2
V,gamma2,eta4,quarter,same,pro,cw,+,cw,1,nw,e,anti,ccw,,cw,0,ne,se,1
V,gamma2,alpha5,quarter,same,pro,cw,-,cw,1,nw,n,anti,ccw,+,cw,1,ne,s,2
V,gamma2,gamma3,quarter,same,pro,cw,-,cw,1,nw,n,anti,ccw,-,cw,1,ne,e,2
V,gamma2,zeta4,quarter,same,pro,cw,-,cw,1,nw,n,anti,ccw,,cw,0,ne,se,1
V,gamma2,zeta5,quarter,same,pro,cw,,cw,0,nw,ne,anti,ccw,+,cw,1,ne,s,1
V,gamma2,eta3,quarter,same,pro,cw,,cw,0,nw,ne,anti,ccw,-,cw,1,ne,e,1
V,gamma4,gamma7,quarter,same,pro,cw,+,cw,1,ne,s,anti,ccw,+,cw,1,se,w,2
V,gamma4,beta5,quarter,same,pro,cw,+,cw,1,ne,s,anti,ccw,-,cw,1,se,s,2
V,gamma4,eta6,quarter,same,pro,cw,+,cw,1,ne,s,anti,ccw,,cw,0,se,sw,1
V,gamma4,alpha7,quarter,same,pro,cw,-,cw,1,ne,e,anti,ccw,+,cw,1,se,w,2
V,gamma4,gamma5,quarter,same,pro,cw,-,cw,1,ne,e,anti,ccw,-,cw,1,se,s,2
V,gamma4,zeta6,quarter,same,pro,cw,-,cw,1,ne,e,anti,ccw,,cw,0,se,sw,1
V,gamma4,zeta7,quarter,same,pro,cw,,cw,0,ne,se,anti,ccw,+,cw,1,se,w,1
V,gamma4,eta5,quarter,same,pro,cw,,cw,0,ne,se,anti,ccw,-,cw,1,se,s,1
V,gamma6,gamma1,quarter,same,pro,cw,+,cw,1,se,w,anti,ccw,+,cw,1,sw,n,2
V,gamma6,beta7,quarter,same,pro,cw,+,cw,1,se,w,anti,ccw,-,cw,1,sw,w,2
V,gamma6,eta8,quarter,same,pro,cw,+,cw,1,se,w,anti,ccw,,cw,0,sw,nw,1
V,gamma6,alpha1,quarter,same,pro,cw,-,cw,1,se,s,anti,ccw,+,cw,1,sw,n,2
V,gamma6,gamma7,quarter,same,pro,cw,-,cw,1,se,s,anti,ccw,-,cw,1,sw,w,2
V,gamma6,zeta8,quarter,same,pro,cw,-,cw,1,se,s,anti,ccw,,cw,0,sw,nw,1
V,gamma6,zeta1,quarter,same,pro,cw,,cw,0,se,sw,anti,ccw,+,cw,1,sw,n,1
V,gamma6,eta7,quarter,same,pro,cw,,cw,0,se,sw,anti,ccw,-,cw,1,sw,w,1
V,gamma8,gamma3,quarter,same,pro,cw,+,cw,1,sw,n,anti,ccw,+,cw,1,nw,e,2
V,gamma8,beta1,quarter,same,pro,cw,+,cw,1,sw,n,anti,ccw,-,cw,1,nw,n,2
V,gamma8,eta2,quarter,same,pro,cw,+,cw,1,sw,n,anti,ccw,,cw,0,nw,ne,1
V,gamma8,alpha3,quarter,same,pro,cw,-,cw,1,sw,w,anti,ccw,+,cw,1,nw,e,2
V,gamma8,gamma1,quarter,same,pro,cw,-,cw,1,sw,w,anti,ccw,-,cw,1,nw,n,2
V,gamma8,zeta2,quarter,same,pro,cw,-,cw,1,sw,w,anti,ccw,,cw,0,nw,ne,1
V,gamma8,zeta3,quarter,same,pro,cw,,cw,0,sw,nw,anti,ccw,+,cw,1,nw,e,1
V,gamma8,eta1,quarter,same,pro,cw,,cw,0,sw,nw,anti,ccw,-,cw,1,nw,n,1
V,gamma10,gamma13,quarter,same,anti,ccw,+,cw,1,se,w,pro,cw,+,cw,1,ne,s,2
V,gamma10,alpha3,quarter,same,anti,ccw,+,cw,1,se,w,pro,cw,-,cw,1,ne,e,2
V,gamma10,zeta12,quarter,same,anti,ccw,+,cw,1,se,w,pro,cw,,cw,0,ne,se,1
V,gamma10,beta5,quarter,same,anti,ccw,-,cw,1,se,s,pro,cw,+,cw,1,ne,s,2
V,gamma10,gamma11,quarter,same,anti,ccw,-,cw,1,se,s,pro,cw,-,cw,1,ne,e,2
V,gamma10,eta12,quarter,same,anti,ccw,-,cw,1,se,s,pro,cw,,cw,0,ne,se,1
V,gamma10,eta13,quarter,same,anti,ccw,,cw,0,se,sw,pro,cw,+,cw,1,ne,s,1
V,gamma10,zeta11,quarter,same,anti,ccw,,cw,0,se,sw,pro,cw,-,cw,1,ne,e,1
V,gamma12,gamma15,quarter,same,anti,ccw,+,cw,1,sw,n,pro,cw,+,cw,1,se,w,2
V,gamma12,alpha5,quarter,same,anti,ccw,+,cw,1,sw,n,pro,cw,-,cw,1,se,s,2
V,gamma12,zeta14,quarter,same,anti,ccw,+,cw,1,sw,n,pro,cw,,cw,0,se,sw,1
V,gamma12,beta7,quarter,same,anti,ccw,-,cw,1,sw,w,pro,cw,+,cw,1,se,w,2
V,gamma12,gamma13,quarter,same,anti,ccw,-,cw,1,sw,w,pro,cw,-,cw,1,se,s,2
V,gamma12,eta14,quarter,same,anti,ccw,-,cw,1,sw,w,pro,cw,,cw,0,se,sw,1
V,gamma12,eta15,quarter,same,anti,ccw,,cw,0,sw,nw,pro,cw,+,cw,1,se,w,1
V,gamma12,zeta13,quarter,same,anti,ccw,,cw,0,sw,nw,pro,cw,-,cw,1,se,s,1
V,gamma14,gamma9,quarter,same,anti,ccw,+,cw,1,nw,e,pro,cw,+,cw,1,sw,n,2
V,gamma14,alpha7,quarter,same,anti,ccw,+,cw,1,nw,e,pro,cw,-,cw,1,sw,w,2
V,gamma14,zeta16,quarter,same,anti,ccw,+,cw,1,nw,e,pro,cw,,cw,0,sw,nw,1
V,gamma14,beta1,quarter,same,anti,ccw,-,cw,1,nw,n,pro,cw,+,cw,1,sw,n,2
V,gamma14,gamma15,quarter,same,anti,ccw,-,cw,1,nw,n,pro,cw,-,cw,1,sw,w,2
V,gamma14,eta16,quarter,same,anti,ccw,-,cw,1,nw,n,pro,cw,,cw,0,sw,nw,1
V,gamma14,eta9,quarter,same,anti,ccw,,cw,0,nw,ne,pro,cw,+,cw,1,sw,n,1
V,gamma14,zeta15,quarter,same,anti,ccw,,cw,0,nw,ne,pro,cw,-,cw,1,sw,w,1
V,gamma16,gamma11,quarter,same,anti,ccw,+,cw,1,ne,s,pro,cw,+,cw,1,nw,e,2
V,gamma16,alpha1,quarter,same,anti,ccw,+,cw,1,ne,s,pro,cw,-,cw,1,nw,n,2
V,gamma16,zeta10,quarter,same,anti,ccw,+,cw,1,ne,s,pro,cw,,cw,0,nw,ne,1
V,gamma16,beta3,quarter,same,anti,ccw,-,cw,1,ne,e,pro,cw,+,cw,1,nw,e,2
V,gamma16,gamma9,quarter,same,anti,ccw,-,cw,1,ne,e,pro,cw,-,cw,1,nw,n,2
V,gamma16,eta10,quarter,same,anti,ccw,-,cw,1,ne,e,pro,cw,,cw,0,nw,ne,1
V,gamma16,eta11,quarter,same,anti,ccw,,cw,0,ne,se,pro,cw,+,cw,1,nw,e,1
V,gamma16,zeta9,quarter,same,anti,ccw,,cw,0,ne,se,pro,cw,-,cw,1,nw,n,1
V,gamma10,gamma9,quarter,same,pro,ccw,+,ccw,1,se,e,anti,cw,+,ccw,1,ne,n,2
V,gamma10,alpha7,quarter,same,pro,ccw,+,ccw,1,se,e,anti,cw,-,ccw,1,ne,w,2
V,gamma10,zeta16,quarter,same,pro,ccw,+,ccw,1,se,e,anti,cw,,ccw,0,ne,nw,1
V,gamma10,beta1,quarter,same,pro,ccw,-,ccw,1,se,n,anti,cw,+,ccw,1,ne,n,2
V,gamma10,gamma15,quarter,same,pro,ccw,-,ccw,1,se,n,anti,cw,-,ccw,1,ne,w,2
V,gamma10,eta16,quarter,same,pro,ccw,-,ccw,1,se,n,anti,cw,,ccw,0,ne,nw,1
V,gamma10,eta9,quarter,same,pro,ccw,,ccw,0,se,ne,anti,cw,+,ccw,1,ne,n,1
V,gamma10,zeta15,quarter,same,pro,ccw,,ccw,0,se,ne,anti,cw,-,ccw,1,ne,w,1
V,gamma12,gamma11,quarter,same,pro,ccw,+,ccw,1,sw,s,anti,cw,+,ccw,1,se,e,2
V,gamma12,alpha1,quarter,same,pro,ccw,+,ccw,1,sw,s,anti,cw,-,ccw,1,se,n,2
V,gamma12,zeta10,quarter,same,pro,ccw,+,ccw,1,sw,s,anti,cw,,ccw,0,se,ne,1
V,gamma12,beta3,quarter,same,pro,ccw,-,ccw,1,sw,e,anti,cw,+,ccw,1,se,e,2
V,gamma12,gamma9,quarter,same,pro,ccw,-,ccw,1,sw,e,anti,cw,-,ccw,1,se,n,2
V,gamma12,eta10,quarter,same,pro,ccw,-,ccw,1,sw,e,anti,cw,,ccw,0,se,ne,1
V,gamma12,eta11,quarter,same,pro,ccw,,ccw,0,sw,se,anti,cw,+,ccw,1,se,e,1
V,gamma12,zeta9,quarter,same,pro,ccw,,ccw,0,sw,se,anti,cw,-,ccw,1,se,n,1
V,gamma14,gamma13,quarter,same,pro,ccw,+,ccw,1,nw,w,anti,cw,+,ccw,1,sw,s,2
V,gamma14,alpha3,quarter,same,pro,ccw,+,ccw,1,nw,w,anti,cw,-,ccw,1,sw,e,2
V,gamma14,zeta12,quarter,same,pro,ccw,+,ccw,1,nw,w,anti,cw,,ccw,0,sw,se,1
V,gamma14,beta5,quarter,same,pro,ccw,-,ccw,1,nw,s,anti,cw,+,ccw,1,sw,s,2
V,gamma14,gamma11,quarter,same,pro,ccw,-,ccw,1,nw,s,anti,cw,-,ccw,1,sw,e,2
V,gamma14,eta12,quarter,same,pro,ccw,-,ccw,1,nw,s,anti,cw,,ccw,0,sw,se,1
V,gamma14,eta13,quarter,same,pro,ccw,,ccw,0,nw,sw,anti,cw,+,ccw,1,sw,s,1
V,gamma14,zeta11,quarter,same,pro,ccw,,ccw,0,nw,sw,anti,cw,-,ccw,1,sw,e,1
V,gamma16,gamma15,quarter,same,pro,ccw,+,ccw,1,ne,n,anti,cw,+,ccw,1,nw,w,2
V,gamma16,alpha5,quarter,same,pro,ccw,+,ccw,1,ne,n,anti,cw,-,ccw,1,nw,s,2
V,gamma16,zeta14,quarter,same,pro,ccw,+,ccw,1,ne,n,anti,cw,,ccw,0,nw,sw,1
V,gamma16,beta7,quarter,same,pro,ccw,-,ccw,1,ne,w,anti,cw,+,ccw,1,nw,w,2
V,gamma16,gamma13,quarter,same,pro,ccw,-,ccw,1,ne,w,anti,cw,-,ccw,1,nw,s,2
V,gamma16,eta14,quarter,same,pro,ccw,-,ccw,1,ne,w,anti,cw,,ccw,0,nw,sw,1
V,gamma16,eta15,quarter,same,pro,ccw,,ccw,0,ne,nw,anti,cw,+,ccw,1,nw,w,1
V,gamma16,zeta13,quarter,same,pro,ccw,,ccw,0,ne,nw,anti,cw,-,ccw,1,nw,s,1
W,gamma2,zeta13,none,none,static,noRotation,,static,0,nw,nw,pro,cw,+,cw,1,ne,s,1
W,gamma2,zeta3,none,none,static,noRotation,,static,0,nw,nw,pro,cw,-,cw,1,ne,e,1
W,gamma4,zeta15,none,none,static,noRotation,,static,0,ne,ne,pro,cw,+,cw,1,se,w,1
W,gamma4,zeta5,none,none,static,noRotation,,static,0,ne,ne,pro,cw,-,cw,1,se,s,1
W,gamma6,zeta9,none,none,static,noRotation,,static,0,se,se,pro,cw,+,cw,1,sw,n,1
W,gamma6,zeta7,none,none,static,noRotation,,static,0,se,se,pro,cw,-,cw,1,sw,w,1
W,gamma8,zeta11,none,none,static,noRotation,,static,0,sw,sw,pro,cw,+,cw,1,nw,e,1
W,gamma8,zeta1,none,none,static,noRotation,,static,0,sw,sw,pro,cw,-,cw,1,nw,n,1
W,gamma10,zeta9,none,none,static,noRotation,,static,0,se,se,pro,ccw,+,ccw,1,ne,n,1
W,gamma10,zeta7,none,none,static,noRotation,,static,0,se,se,pro,ccw,-,ccw,1,ne,w,1
W,gamma12,zeta11,none,none,static,noRotation,,static,0,sw,sw,pro,ccw,+,ccw,1,se,e,1
W,gamma12,zeta1,none,none,static,noRotation,,static,0,sw,sw,pro,ccw,-,ccw,1,se,n,1
W,gamma14,zeta13,none,none,static,noRotation,,static,0,nw,nw,pro,ccw,+,ccw,1,sw,s,1
W,gamma14,zeta3,none,none,static,noRotation,,static,0,nw,nw,pro,ccw,-,ccw,1,sw,e,1
W,gamma16,zeta15,none,none,static,noRotation,,static,0,ne,ne,pro,ccw,+,ccw,1,nw,w,1
W,gamma16,zeta5,none,none,static,noRotation,,static,0,ne,ne,pro,ccw,-,ccw,1,nw,s,1
W,gamma2,zeta2,none,none,pro,ccw,+,ccw,1,nw,w,static,noRotation,,static,0,ne,ne,1
W,gamma2,zeta10,none,none,pro,ccw,-,ccw,1,nw,s,static,noRotation,,static,0,ne,ne,1
W,gamma4,zeta4,none,none,pro,ccw,+,ccw,1,ne,n,static,noRotation,,static,0,se,se,1
W,gamma4,zeta12,none,none,pro,ccw,-,ccw,1,ne,w,static,noRotation,,static,0,se,se,1
W,gamma6,zeta6,none,none,pro,ccw,+,ccw,1,se,e,static,noRotation,,static,0,sw,sw,1
W,gamma6,zeta14,none,none,pro,ccw,-,ccw,1,se,n,static,noRotation,,static,0,sw,sw,1
W,gamma8,zeta8,none,none,pro,ccw,+,ccw,1,sw,s,static,noRotation,,static,0,nw,nw,1
W,gamma8,zeta16,none,none,pro,ccw,-,ccw,1,sw,e,static,noRotation,,static,0,nw,nw,1
W,gamma10,zeta2,none,none,pro,cw,+,cw,1,se,w,static,noRotation,,static,0,ne,ne,1
W,gamma10,zeta10,none,none,pro,cw,-,cw,1,se,s,static,noRotation,,static,0,ne,ne,1
W,gamma12,zeta4,none,none,pro,cw,+,cw,1,sw,n,static,noRotation,,static,0,se,se,1
W,gamma12,zeta12,none,none,pro,cw,-,cw,1,sw,w,static,noRotation,,static,0,se,se,1
W,gamma14,zeta6,none,none,pro,cw,+,cw,1,nw,e,static,noRotation,,static,0,sw,sw,1
W,gamma14,zeta14,none,none,pro,cw,-,cw,1,nw,n,static,noRotation,,static,0,sw,sw,1
W,gamma16,zeta8,none,none,pro,cw,+,cw,1,ne,s,static,noRotation,,static,0,nw,nw,1
W,gamma16,zeta16,none,none,pro,cw,-,cw,1,ne,e,static,noRotation,,static,0,nw,nw,1
X,gamma2,zeta13,none,none,static,noRotation,,static,0,nw,nw,anti,ccw,+,cw,1,ne,s,1
X,gamma2,zeta3,none,none,static,noRotation,,static,0,nw,nw,anti,ccw,-,cw,1,ne,e,1
X,gamma4,zeta15,none,none,static,noRotation,,static,0,ne,ne,anti,ccw,+,cw,1,se,w,1
X,gamma4,zeta5,none,none,static,noRotation,,static,0,ne,ne,anti,ccw,-,cw,1,se,s,1
X,gamma6,zeta9,none,none,static,noRotation,,static,0,se,se,anti,ccw,+,cw,1,sw,n,1
X,gamma6,zeta7,none,none,static,noRotation,,static,0,se,se,anti,ccw,-,cw,1,sw,w,1
X,gamma8,zeta11,none,none,static,noRotation,,static,0,sw,sw,anti,ccw,+,cw,1,nw,e,1
X,gamma8,zeta1,none,none,static,noRotation,,static,0,sw,sw,anti,ccw,-,cw,1,nw,n,1
X,gamma10,zeta9,none,none,static,noRotation,,static,0,se,se,anti,cw,+,ccw,1,ne,n,1
X,gamma10,zeta7,none,none,static,noRotation,,static,0,se,se,anti,cw,-,ccw,1,ne,w,1
X,gamma12,zeta11,none,none,static,noRotation,,static,0,sw,sw,anti,cw,+,ccw,1,se,e,1
X,gamma12,zeta1,none,none,static,noRotation,,static,0,sw,sw,anti,cw,-,ccw,1,se,n,1
X,gamma14,zeta13,none,none,static,noRotation,,static,0,nw,nw,anti,cw,+,ccw,1,sw,s,1
X,gamma14,zeta3,none,none,static,noRotation,,static,0,nw,nw,anti,cw,-,ccw,1,sw,e,1
X,gamma16,zeta15,none,none,static,noRotation,,static,0,ne,ne,anti,cw,+,ccw,1,nw,w,1
X,gamma16,zeta5,none,none,static,noRotation,,static,0,ne,ne,anti,cw,-,ccw,1,nw,s,1
X,gamma2,zeta2,none,none,anti,cw,+,ccw,1,nw,w,static,noRotation,,static,0,ne,ne,1
X,gamma2,zeta10,none,none,anti,cw,-,ccw,1,nw,s,static,noRotation,,static,0,ne,ne,1
X,gamma4,zeta4,none,none,anti,cw,+,ccw,1,ne,n,static,noRotation,,static,0,se,se,1
X,gamma4,zeta12,none,none,anti,cw,-,ccw,1,ne,w,static,noRotation,,static,0,se,se,1
X,gamma6,zeta6,none,none,anti,cw,+,ccw,1,se,e,static,noRotation,,static,0,sw,sw,1
X,gamma6,zeta14,none,none,anti,cw,-,ccw,1,se,n,static,noRotation,,static,0,sw,sw,1
X,gamma8,zeta8,none,none,anti,cw,+,ccw,1,sw,s,static,noRotation,,static,0,nw,nw,1
X,gamma8,zeta16,none,none,anti,cw,-,ccw,1,sw,e,static,noRotation,,static,0,nw,nw,1
X,gamma10,zeta2,none,none,anti,ccw,+,cw,1,se,w,static,noRotation,,static,0,ne,ne,1
X,gamma10,zeta10,none,none,anti,ccw,-,cw,1,se,s,static,noRotation,,static,0,ne,ne,1
X,gamma12,zeta4,none,none,anti,ccw,+,cw,1,sw,n,static,noRotation,,static,0,se,se,1
X,gamma12,zeta12,none,none,anti,ccw,-,cw,1,sw,w,static,noRotation,,static,0,se,se,1
X,gamma14,zeta6,none,none,anti,ccw,+,cw,1,nw,e,static,noRotation,,static,0,sw,sw,1
X,gamma14,zeta14,none,none,anti,ccw,-,cw,1,nw,n,static,noRotation,,static,0,sw,sw,1
X,gamma16,zeta8,none,none,anti,ccw,+,cw,1,ne,s,static,noRotation,,static,0,nw,nw,1
X,gamma16,zeta16,none,none,anti,ccw,-,cw,1,ne,e,static,noRotation,,static,0,nw,nw,1
Y,gamma2,eta1,none,none,static,noRotation,,static,0,nw,nw,pro,ccw,+,ccw,1,ne,n,1
Y,gamma2,eta15,none,none,static,noRotation,,static,0,nw,nw,pro,ccw,-,ccw,1,ne,w,1
Y,gamma4,eta3,none,none,static,noRotation,,static,0,ne,ne,pro,ccw,+,ccw,1,se,e,1
Y,gamma4,eta9,none,none,static,noRotation,,static,0,ne,ne,pro,ccw,-,ccw,1,se,n,1
Y,gamma6,eta5,none,none,static,noRotation,,static,0,se,se,pro,ccw,+,ccw,1,sw,s,1
Y,gamma6,eta11,none,none,static,noRotation,,static,0,se,se,pro,ccw,-,ccw,1,sw,e,1
Y,gamma8,eta7,none,none,static,noRotation,,static,0,sw,sw,pro,ccw,+,ccw,1,nw,w,1
Y,gamma8,eta13,none,none,static,noRotation,,static,0,sw,sw,pro,ccw,-,ccw,1,nw,s,1
Y,gamma10,eta5,none,none,static,noRotation,,static,0,se,se,pro,cw,+,cw,1,ne,s,1
Y,gamma10,eta11,none,none,static,noRotation,,static,0,se,se,pro,cw,-,cw,1,ne,e,1
Y,gamma12,eta7,none,none,static,noRotation,,static,0,sw,sw,pro,cw,+,cw,1,se,w,1
Y,gamma12,eta13,none,none,static,noRotation,,static,0,sw,sw,pro,cw,-,cw,1,se,s,1
Y,gamma14,eta1,none,none,static,noRotation,,static,0,nw,nw,pro,cw,+,cw,1,sw,n,1
Y,gamma14,eta15,none,none,static,noRotation,,static,0,nw,nw,pro,cw,-,cw,1,sw,w,1
Y,gamma16,eta3,none,none,static,noRotation,,static,0,ne,ne,pro,cw,+,cw,1,nw,e,1
Y,gamma16,eta9,none,none,static,noRotation,,static,0,ne,ne,pro,cw,-,cw,1,nw,n,1
Y,gamma2,eta10,none,none,pro,cw,+,cw,1,nw,e,static,noRotation,,static,0,ne,ne,1
Y,gamma2,eta2,none,none,pro,cw,-,cw,1,nw,n,static,noRotation,,static,0,ne,ne,1
Y,gamma4,eta12,none,none,pro,cw,+,cw,1,ne,s,static,noRotation,,static,0,se,se,1
Y,gamma4,eta4,none,none,pro,cw,-,cw,1,ne,e,static,noRotation,,static,0,se,se,1
Y,gamma6,eta14,none,none,pro,cw,+,cw,1,se,w,static,noRotation,,static,0,sw,sw,1
Y,gamma6,eta6,none,none,pro,cw,-,cw,1,se,s,static,noRotation,,static,0,sw,sw,1
Y,gamma8,eta16,none,none,pro,cw,+,cw,1,sw,n,static,noRotation,,static,0,nw,nw,1
Y,gamma8,eta8,none,none,pro,cw,-,cw,1,sw,w,static,noRotation,,static,0,nw,nw,1
Y,gamma10,eta10,none,none,pro,ccw,+,ccw,1,se,e,static,noRotation,,static,0,ne,ne,1
Y,gamma10,eta2,none,none,pro,ccw,-,ccw,1,se,n,static,noRotation,,static,0,ne,ne,1
Y,gamma12,eta12,none,none,pro,ccw,+,ccw,1,sw,s,static,noRotation,,static,0,se,se,1
Y,gamma12,eta4,none,none,pro,ccw,-,ccw,1,sw,e,static,noRotation,,static,0,se,se,1
Y,gamma14,eta14,none,none,pro,ccw,+,ccw,1,nw,w,static,noRotation,,static,0,sw,sw,1
Y,gamma14,eta6,none,none,pro,ccw,-,ccw,1,nw,s,static,noRotation,,static,0,sw,sw,1
Y,gamma16,eta16,none,none,pro,ccw,+,ccw,1,ne,n,static,noRotation,,static,0,nw,nw,1
Y,gamma16,eta8,none,none,pro,ccw,-,ccw,1,ne,w,static,noRotation,,static,0,nw,nw,1
Z,gamma2,eta1,none,none,static,noRotation,,static,0,nw,nw,anti,cw,+,ccw,1,ne,n,1
Z,gamma2,eta15,none,none,static,noRotation,,static,0,nw,nw,anti,cw,-,ccw,1,ne,w,1
Z,gamma4,eta3,none,none,static,noRotation,,static,0,ne,ne,anti,cw,+,ccw,1,se,e,1
Z,gamma4,eta9,none,none,static,noRotation,,static,0,ne,ne,anti,cw,-,ccw,1,se,n,1
Z,gamma6,eta5,none,none,static,noRotation,,static,0,se,se,anti,cw,+,ccw,1,sw,s,1
Z,gamma6,eta11,none,none,static,noRotation,,static,0,se,se,anti,cw,-,ccw,1,sw,e,1
Z,gamma8,eta7,none,none,static,noRotation,,static,0,sw,sw,anti,cw,+,ccw,1,nw,w,1
Z,gamma8,eta13,none,none,static,noRotation,,static,0,sw,sw,anti,cw,-,ccw,1,nw,s,1
Z,gamma10,eta5,none,none,static,noRotation,,static,0,se,se,anti,ccw,+,cw,1,ne,s,1
Z,gamma10,eta11,none,none,static,noRotation,,static,0,se,se,anti,ccw,-,cw,1,ne,e,1
Z,gamma12,eta7,none,none,static,noRotation,,static,0,sw,sw,anti,ccw,+,cw,1,se,w,1
Z,gamma12,eta13,none,none,static,noRotation,,static,0,sw,sw,anti,ccw,-,cw,1,se,s,1
Z,gamma14,eta1,none,none,static,noRotation,,static,0,nw,nw,anti,ccw,+,cw,1,sw,n,1
Z,gamma14,eta15,none,none,static,noRotation,,static,0,nw,nw,anti,ccw,-,cw,1,sw,w,1
Z,gamma16,eta3,none,none,static,noRotation,,static,0,ne,ne,anti,ccw,+,cw,1,nw,e,1
Z,gamma16,eta9,none,none,static,noRotation,,static,0,ne,ne,anti,ccw,-,cw,1,nw,n,1
Z,gamma2,eta10,none,none,anti,ccw,+,cw,1,nw,e,static,noRotation,,static,0,ne,ne,1
Z,gamma2,eta2,none,none,anti,ccw,-,cw,1,nw,n,static,noRotation,,static,0,ne,ne,1
Z,gamma4,eta12,none,none,anti,ccw,+,cw,1,ne,s,static,noRotation,,static,0,se,se,1
Z,gamma4,eta4,none,none,anti,ccw,-,cw,1,ne,e,static,noRotation,,static,0,se,se,1
Z,gamma6,eta14,none,none,anti,ccw,+,cw,1,se,w,static,noRotation,,static,0,sw,sw,1
Z,gamma6,eta6,none,none,anti,ccw,-,cw,1,se,s,static,noRotation,,static,0,sw,sw,1
Z,gamma8,eta16,none,none,anti,ccw,+,cw,1,sw,n,static,noRotation,,static,0,nw,nw,1
Z,gamma8,eta8,none,none,anti,ccw,-,cw,1,sw,w,static,noRotation,,static,0,nw,nw,1
Z,gamma10,eta10,none,none,anti,cw,+,ccw,1,se,e,static,noRotation,,static,0,ne,ne,1
Z,gamma10,eta2,none,none,anti,cw,-,ccw,1,se,n,static,noRotation,,static,0,ne,ne,1
Z,gamma12,eta12,none,none,anti,cw,+,ccw,1,sw,s,static,noRotation,,static,0,se,se,1
Z,gamma12,eta4,none,none,anti,cw,-,ccw,1,sw,e,static,noRotation,,static,0,se,se,1
Z,gamma14,eta14,none,none,anti,cw,+,ccw,1,nw,w,static,noRotation,,static,0,sw,sw,1
Z,gamma14,eta6,none,none,anti,cw,-,ccw,1,nw,s,static,noRotation,,static,0,sw,sw,1
Z,gamma16,eta16,none,none,anti,cw,+,ccw,1,ne,n,static,noRotation,,static,0,nw,nw,1
Z,gamma16,eta8,none,none,anti,cw,-,ccw,1,ne,w,static,noRotation,,static,0,nw,nw,1
Σ,alpha2,eta13,none,none,static,noRotation,,static,0,sw,sw,pro,cw,+,cw,1,ne,s,1
Σ,alpha2,zeta11,none,none,static,noRotation,,static,0,sw,sw,pro,cw,-,cw,1,ne,e,1
Σ,alpha4,eta15,none,none,static,noRotation,,static,0,nw,nw,pro,cw,+,cw,1,se,w,1
Σ,alpha4,zeta13,none,none,static,noRotation,,static,0,nw,nw,pro,cw,-,cw,1,se,s,1
Σ,alpha6,eta9,none,none,static,noRotation,,static,0,ne,ne,pro,cw,+,cw,1,sw,n,1
Σ,alpha6,zeta15,none,none,static,noRotation,,static,0,ne,ne,pro,cw,-,cw,1,sw,w,1
Σ,alpha8,eta11,none,none,static,noRotation,,static,0,se,se,pro,cw,+,cw,1,nw,e,1
Σ,alpha8,zeta9,none,none,static,noRotation,,static,0,se,se,pro,cw,-,cw,1,nw,n,1
Σ,alpha2,zeta1,none,none,static,noRotation,,static,0,sw,sw,pro,ccw,+,ccw,1,ne,n,1
Σ,alpha2,eta7,none,none,static,noRotation,,static,0,sw,sw,pro,ccw,-,ccw,1,ne,w,1
Σ,alpha4,zeta3,none,none,static,noRotation,,static,0,nw,nw,pro,ccw,+,ccw,1,se,e,1
Σ,alpha4,eta1,none,none,static,noRotation,,static,0,nw,nw,pro,ccw,-,ccw,1,se,n,1
Σ,alpha6,zeta5,none,none,static,noRotation,,static,0,ne,ne,pro,ccw,+,ccw,1,sw,s,1
Σ,alpha6,eta3,none,none,static,noRotation,,static,0,ne,ne,pro,ccw,-,ccw,1,sw,e,1
Σ,alpha8,zeta7,none,none,static,noRotation,,static,0,se,se,pro,ccw,+,ccw,1,nw,w,1
Σ,alpha8,eta5,none,none,static,noRotation,,static,0,se,se,pro,ccw,-,ccw,1,nw,s,1
Σ,alpha2,zeta10,none,none,pro,ccw,+,ccw,1,sw,s,static,noRotation,,static,0,ne,ne,1
Σ,alpha2,eta10,none,none,pro,ccw,-,ccw,1,sw,e,static,noRotation,,static,0,ne,ne,1
Σ,alpha4,zeta12,none,none,pro,ccw,+,ccw,1,nw,w,static,noRotation,,static,0,se,se,1
Σ,alpha4,eta12,none,none,pro,ccw,-,ccw,1,nw,s,static,noRotation,,static,0,se,se,1
Σ,alpha6,zeta14,none,none,pro,ccw,+,ccw,1,ne,n,static,noRotation,,static,0,sw,sw,1
Σ,alpha6,eta14,none,none,pro,ccw,-,ccw,1,ne,w,static,noRotation,,static,0,sw,sw,1
Σ,alpha8,zeta16,none,none,pro,ccw,+,ccw,1,se,e,static,noRotation,,static,0,nw,nw,1
Σ,alpha8,eta16,none,none,pro,ccw,-,ccw,1,se,n,static,noRotation,,static,0,nw,nw,1
Σ,alpha2,eta2,none,none,pro,cw,+,cw,1,sw,n,static,noRotation,,static,0,ne,ne,1
Σ,alpha2,zeta2,none,none,pro,cw,-,cw,1,sw,w,static,noRotation,,static,0,ne,ne,1
Σ,alpha4,eta4,none,none,pro,cw,+,cw,1,nw,e,static,noRotation,,static,0,se,se,1
Σ,alpha4,zeta4,none,none,pro,cw,-,cw,1,nw,n,static,noRotation,,static,0,se,se,1
Σ,alpha6,eta6,none,none,pro,cw,+,cw,1,ne,s,static,noRotation,,static,0,sw,sw,1
Σ,alpha6,zeta6,none,none,pro,cw,-,cw,1,ne,e,static,noRotation,,static,0,sw,sw,1
Σ,alpha8,eta8,none,none,pro,cw,+,cw,1,se,w,static,noRotation,,static,0,nw,nw,1
Σ,alpha8,zeta8,none,none,pro,cw,-,cw,1,se,s,static,noRotation,,static,0,nw,nw,1
Δ,alpha2,eta13,none,none,static,noRotation,,static,0,sw,sw,anti,ccw,+,cw,1,ne,s,1
Δ,alpha2,zeta11,none,none,static,noRotation,,static,0,sw,sw,anti,ccw,-,cw,1,ne,e,1
Δ,alpha4,eta15,none,none,static,noRotation,,static,0,nw,nw,anti,ccw,+,cw,1,se,w,1
Δ,alpha4,zeta13,none,none,static,noRotation,,static,0,nw,nw,anti,ccw,-,cw,1,se,s,1
Δ,alpha6,eta9,none,none,static,noRotation,,static,0,ne,ne,anti,ccw,+,cw,1,sw,n,1
Δ,alpha6,zeta15,none,none,static,noRotation,,static,0,ne,ne,anti,ccw,-,cw,1,sw,w,1
Δ,alpha8,eta11,none,none,static,noRotation,,static,0,se,se,anti,ccw,+,cw,1,nw,e,1
Δ,alpha8,zeta9,none,none,static,noRotation,,static,0,se,se,anti,ccw,-,cw,1,nw,n,1
Δ,alpha2,zeta1,none,none,static,noRotation,,static,0,sw,sw,anti,cw,+,ccw,1,ne,n,1
Δ,alpha2,eta7,none,none,static,noRotation,,static,0,sw,sw,anti,cw,-,ccw,1,ne,w,1
Δ,alpha4,zeta3,none,none,static,noRotation,,static,0,nw,nw,anti,cw,+,ccw,1,se,e,1
Δ,alpha4,eta1,none,none,static,noRotation,,static,0,nw,nw,anti,cw,-,ccw,1,se,n,1
Δ,alpha6,zeta5,none,none,static,noRotation,,static,0,ne,ne,anti,cw,+,ccw,1,sw,s,1
Δ,alpha6,eta3,none,none,static,noRotation,,static,0,ne,ne,anti,cw,-,ccw,1,sw,e,1
Δ,alpha8,zeta7,none,none,static,noRotation,,static,0,se,se,anti,cw,+,ccw,1,nw,w,1
Δ,alpha8,eta5,none,none,static,noRotation,,static,0,se,se,anti,cw,-,ccw,1,nw,s,1
Δ,alpha2,zeta10,none,none,anti,cw,+,ccw,1,sw,s,static,noRotation,,static,0,ne,ne,1
Δ,alpha2,eta10,none,none,anti,cw,-,ccw,1,sw,e,static,noRotation,,static,0,ne,ne,1
Δ,alpha4,zeta12,none,none,anti,cw,+,ccw,1,nw,w,static,noRotation,,static,0,se,se,1
Δ,alpha4,eta12,none,none,anti,cw,-,ccw,1,nw,s,static,noRotation,,static,0,se,se,1
Δ,alpha6,zeta14,none,none,anti,cw,+,ccw,1,ne,n,static,noRotation,,static,0,sw,sw,1
Δ,alpha6,eta14,none,none,anti,cw,-,ccw,1,ne,w,static,noRotation,,static,0,sw,sw,1
Δ,alpha8,zeta16,none,none,anti,cw,+,ccw,1,se,e,static,noRotation,,static,0,nw,nw,1
Δ,alpha8,eta16,none,none,anti,cw,-,ccw,1,se,n,static,noRotation,,static,0,nw,nw,1
Δ,alpha2,eta2,none,none,anti,ccw,+,cw,1,sw,n,static,noRotation,,static,0,ne,ne,1
Δ,alpha2,zeta2,none,none,anti,ccw,-,cw,1,sw,w,static,noRotation,,static,0,ne,ne,1
Δ,alpha4,eta4,none,none,anti,ccw,+,cw,1,nw,e,static,noRotation,,static,0,se,se,1
Δ,alpha4,zeta4,none,none,anti,ccw,-,cw,1,nw,n,static,noRotation,,static,0,se,se,1
Δ,alpha6,eta6,none,none,anti,ccw,+,cw,1,ne,s,static,noRotation,,static,0,sw,sw,1
Δ,alpha6,zeta6,none,none,anti,ccw,-,cw,1,ne,e,static,noRotation,,static,0,sw,sw,1
Δ,alpha8,eta8,none,none,anti,ccw,+,cw,1,se,w,static,noRotation,,static,0,nw,nw,1
Δ,alpha8,zeta8,none,none,anti,ccw,-,cw,1,se,s,static,noRotation,,static,0,nw,nw,1
Θ,beta2,zeta5,none,none,static,noRotation,,static,0,ne,ne,pro,cw,+,cw,1,ne,s,1
Θ,beta2,eta3,none,none,static,noRotation,,static,0,ne,ne,pro,cw,-,cw,1,ne,e,1
Θ,beta4,zeta7,none,none,static,noRotation,,static,0,se,se,pro,cw,+,cw,1,se,w,1
Θ,beta4,eta5,none,none,static,noRotation,,static,0,se,se,pro,cw,-,cw,1,se,s,1
Θ,beta6,zeta1,none,none,static,noRotation,,static,0,sw,sw,pro,cw,+,cw,1,sw,n,1
Θ,beta6,eta7,none,none,static,noRotation,,static,0,sw,sw,pro,cw,-,cw,1,sw,w,1
Θ,beta8,zeta3,none,none,static,noRotation,,static,0,nw,nw,pro,cw,+,cw,1,nw,e,1
Θ,beta8,eta1,none,none,static,noRotation,,static,0,nw,nw,pro,cw,-,cw,1,nw,n,1
Θ,beta2,eta9,none,none,static,noRotation,,static,0,ne,ne,pro,ccw,+,ccw,1,ne,n,1
Θ,beta2,zeta15,none,none,static,noRotation,,static,0,ne,ne,pro,ccw,-,ccw,1,ne,w,1
Θ,beta4,eta11,none,none,static,noRotation,,static,0,se,se,pro,ccw,+,ccw,1,se,e,1
Θ,beta4,zeta9,none,none,static,noRotation,,static,0,se,se,pro,ccw,-,ccw,1,se,n,1
Θ,beta6,eta13,none,none,static,noRotation,,static,0,sw,sw,pro,ccw,+,ccw,1,sw,s,1
Θ,beta6,zeta11,none,none,static,noRotation,,static,0,sw,sw,pro,ccw,-,ccw,1,sw,e,1
Θ,beta8,eta15,none,none,static,noRotation,,static,0,nw,nw,pro,ccw,+,ccw,1,nw,w,1
Θ,beta8,zeta13,none,none,static,noRotation,,static,0,nw,nw,pro,ccw,-,ccw,1,nw,s,1
Θ,beta2,eta2,none,none,pro,ccw,+,ccw,1,ne,n,static,noRotation,,static,0,ne,ne,1
Θ,beta2,zeta2,none,none,pro,ccw,-,ccw,1,ne,w,static,noRotation,,static,0,ne,ne,1
Θ,beta4,eta4,none,none,pro,ccw,+,ccw,1,se,e,static,noRotation,,static,0,se,se,1
Θ,beta4,zeta4,none,none,pro,ccw,-,ccw,1,se,n,static,noRotation,,static,0,se,se,1
Θ,beta6,eta6,none,none,pro,ccw,+,ccw,1,sw,s,static,noRotation,,static,0,sw,sw,1
Θ,beta6,zeta6,none,none,pro,ccw,-,ccw,1,sw,e,static,noRotation,,static,0,sw,sw,1
Θ,beta8,eta8,none,none,pro,ccw,+,ccw,1,nw,w,static,noRotation,,static,0,nw,nw,1
Θ,beta8,zeta8,none,none,pro,ccw,-,ccw,1,nw,s,static,noRotation,,static,0,nw,nw,1
Θ,beta2,zeta10,none,none,pro,cw,+,cw,1,ne,s,static,noRotation,,static,0,ne,ne,1
Θ,beta2,eta10,none,none,pro,cw,-,cw,1,ne,e,static,noRotation,,static,0,ne,ne,1
Θ,beta4,zeta12,none,none,pro,cw,+,cw,1,se,w,static,noRotation,,static,0,se,se,1
Θ,beta4,eta12,none,none,pro,cw,-,cw,1,se,s,static,noRotation,,static,0,se,se,1
Θ,beta6,zeta14,none,none,pro,cw,+,cw,1,sw,n,static,noRotation,,static,0,sw,sw,1
Θ,beta6,eta14,none,none,pro,cw,-,cw,1,sw,w,static,noRotation,,static,0,sw,sw,1
Θ,beta8,zeta16,none,none,pro,cw,+,cw,1,nw,e,static,noRotation,,static,0,nw,nw,1
Θ,beta8,eta16,none,none,pro,cw,-,cw,1,nw,n,static,noRotation,,static,0,nw,nw,1
Ω,beta2,zeta5,none,none,static,noRotation,,static,0,ne,ne,anti,ccw,+,cw,1,ne,s,1
Ω,beta2,eta3,none,none,static,noRotation,,static,0,ne,ne,anti,ccw,-,cw,1,ne,e,1
Ω,beta4,zeta7,none,none,static,noRotation,,static,0,se,se,anti,ccw,+,cw,1,se,w,1
Ω,beta4,eta5,none,none,static,noRotation,,static,0,se,se,anti,ccw,-,cw,1,se,s,1
Ω,beta6,zeta1,none,none,static,noRotation,,static,0,sw,sw,anti,ccw,+,cw,1,sw,n,1
Ω,beta6,eta7,none,none,static,noRotation,,static,0,sw,sw,anti,ccw,-,cw,1,sw,w,1
Ω,beta8,zeta3,none,none,static,noRotation,,static,0,nw,nw,anti,ccw,+,cw,1,nw,e,1
Ω,beta8,eta1,none,none,static,noRotation,,static,0,nw,nw,anti,ccw,-,cw,1,nw,n,1
Ω,beta2,eta9,none,none,static,noRotation,,static,0,ne,ne,anti,cw,+,ccw,1,ne,n,1
Ω,beta2,zeta15,none,none,static,noRotation,,static,0,ne,ne,anti,cw,-,ccw,1,ne,w,1
Ω,beta4,eta11,none,none,static,noRotation,,static,0,se,se,anti,cw,+,ccw,1,se,e,1
Ω,beta4,zeta9,none,none,static,noRotation,,static,0,se,se,anti,cw,-,ccw,1,se,n,1
Ω,beta6,eta13,none,none,static,noRotation,,static,0,sw,sw,anti,cw,+,ccw,1,sw,s,1
Ω,beta6,zeta11,none,none,static,noRotation,,static,0,sw,sw,anti,cw,-,ccw,1,sw,e,1
Ω,beta8,eta15,none,none,static,noRotation,,static,0,nw,nw,anti,cw,+,ccw,1,nw,w,1
Ω,beta8,zeta13,none,none,static,noRotation,,static,0,nw,nw,anti,cw,-,ccw,1,nw,s,1
Ω,beta2,eta2,none,none,anti,cw,+,ccw,1,ne,n,static,noRotation,,static,0,ne,ne,1
Ω,beta2,zeta2,none,none,anti,cw,-,ccw,1,ne,w,static,noRotation,,static,0,ne,ne,1
Ω,beta4,eta4,none,none,anti,cw,+,ccw,1,se,e,static,noRotation,,static,0,se,se,1
Ω,beta4,zeta4,none,none,anti,cw,-,ccw,1,se,n,static,noRotation,,static,0,se,se,1
Ω,beta6,eta6,none,none,anti,cw,+,ccw,1,sw,s,static,noRotation,,static,0,sw,sw,1
Ω,beta6,zeta6,none,none,anti,cw,-,ccw,1,sw,e,static,noRotation,,static,0,sw,sw,1
Ω,beta8,eta8,none,none,anti,cw,+,ccw,1,nw,w,static,noRotation,,static,0,nw,nw,1
Ω,beta8,zeta8,none,none,anti,cw,-,ccw,1,nw,s,static,noRotation,,static,0,nw,nw,1
Ω,beta2,zeta10,none,none,anti,ccw,+,cw,1,ne,s,static,noRotation,,static,0,ne,ne,1
Ω,beta2,eta10,none,none,anti,ccw,-,cw,1,ne,e,static,noRotation,,static,0,ne,ne,1
Ω,beta4,zeta12,none,none,anti,ccw,+,cw,1,se,w,static,noRotation,,static,0,se,se,1
Ω,beta4,eta12,none,none,anti,ccw,-,cw,1,se,s,static,noRotation,,static,0,se,se,1
Ω,beta6,zeta14,none,none,anti,ccw,+,cw,1,sw,n,static,noRotation,,static,0,sw,sw,1
Ω,beta6,eta14,none,none,anti,ccw,-,cw,1,sw,w,static,noRotation,,static,0,sw,sw,1
Ω,beta8,zeta16,none,none,anti,ccw,+,cw,1,nw,e,static,noRotation,,static,0,nw,nw,1
Ω,beta8,eta16,none,none,anti,ccw,-,cw,1,nw,n,static,noRotation,,static,0,nw,nw,1
W-,gamma2,zeta9,none,none,dash,noRotation,,dash,0,nw,se,pro,ccw,+,ccw,1,ne,n,1
W-,gamma2,zeta7,none,none,dash,noRotation,,dash,0,nw,se,pro,ccw,-,ccw,1,ne,w,1
W-,gamma4,zeta11,none,none,dash,noRotation,,dash,0,ne,sw,pro,ccw,+,ccw,1,se,e,1
W-,gamma4,zeta1,none,none,dash,noRotation,,dash,0,ne,sw,pro,ccw,-,ccw,1,se,n,1
W-,gamma6,zeta13,none,none,dash,noRotation,,dash,0,se,nw,pro,ccw,+,ccw,1,sw,s,1
W-,gamma6,zeta3,none,none,dash,noRotation,,dash,0,se,nw,pro,ccw,-,ccw,1,sw,e,1
W-,gamma8,zeta15,none,none,dash,noRotation,,dash,0,sw,ne,pro,ccw,+,ccw,1,nw,w,1
W-,gamma8,zeta5,none,none,dash,noRotation,,dash,0,sw,ne,pro,ccw,-,ccw,1,nw,s,1
W-,gamma10,zeta13,none,none,dash,noRotation,,dash,0,se,nw,pro,cw,+,cw,1,ne,s,1
W-,gamma10,zeta3,none,none,dash,noRotation,,dash,0,se,nw,pro,cw,-,cw,1,ne,e,1
W-,gamma12,zeta15,none,none,dash,noRotation,,dash,0,sw,ne,pro,cw,+,cw,1,se,w,1
W-,gamma12,zeta5,none,none,dash,noRotation,,dash,0,sw,ne,pro,cw,-,cw,1,se,s,1
W-,gamma14,zeta9,none,none,dash,noRotation,,dash,0,nw,se,pro,cw,+,cw,1,sw,n,1
W-,gamma14,zeta7,none,none,dash,noRotation,,dash,0,nw,se,pro,cw,-,cw,1,sw,w,1
W-,gamma16,zeta11,none,none,dash,noRotation,,dash,0,ne,sw,pro,cw,+,cw,1,nw,e,1
W-,gamma16,zeta1,none,none,dash,noRotation,,dash,0,ne,sw,pro,cw,-,cw,1,nw,n,1
W-,gamma2,zeta6,none,none,pro,cw,+,cw,1,nw,e,dash,noRotation,,dash,0,ne,sw,1
W-,gamma2,zeta14,none,none,pro,cw,-,cw,1,nw,n,dash,noRotation,,dash,0,ne,sw,1
W-,gamma4,zeta8,none,none,pro,cw,+,cw,1,ne,s,dash,noRotation,,dash,0,se,nw,1
W-,gamma4,zeta16,none,none,pro,cw,-,cw,1,ne,e,dash,noRotation,,dash,0,se,nw,1
W-,gamma6,zeta2,none,none,pro,cw,+,cw,1,se,w,dash,noRotation,,dash,0,sw,ne,1
W-,gamma6,zeta10,none,none,pro,cw,-,cw,1,se,s,dash,noRotation,,dash,0,sw,ne,1
W-,gamma8,zeta4,none,none,pro,cw,+,cw,1,sw,n,dash,noRotation,,dash,0,nw,se,1
W-,gamma8,zeta12,none,none,pro,cw,-,cw,1,sw,w,dash,noRotation,,dash,0,nw,se,1
W-,gamma10,zeta6,none,none,pro,ccw,+,ccw,1,se,e,dash,noRotation,,dash,0,ne,sw,1
W-,gamma10,zeta14,none,none,pro,ccw,-,ccw,1,se,n,dash,noRotation,,dash,0,ne,sw,1
W-,gamma12,zeta8,none,none,pro,ccw,+,ccw,1,sw,s,dash,noRotation,,dash,0,se,nw,1
W-,gamma12,zeta16,none,none,pro,ccw,-,ccw,1,sw,e,dash,noRotation,,dash,0,se,nw,1
W-,gamma14,zeta2,none,none,pro,ccw,+,ccw,1,nw,w,dash,noRotation,,dash,0,sw,ne,1
W-,gamma14,zeta10,none,none,pro,ccw,-,ccw,1,nw,s,dash,noRotation,,dash,0,sw,ne,1
W-,gamma16,zeta4,none,none,pro,ccw,+,ccw,1,ne,n,dash,noRotation,,dash,0,nw,se,1
W-,gamma16,zeta12,none,none,pro,ccw,-,ccw,1,ne,w,dash,noRotation,,dash,0,nw,se,1
X-,gamma2,zeta9,none,none,dash,noRotation,,dash,0,nw,se,anti,cw,+,ccw,1,ne,n,1
X-,gamma2,zeta7,none,none,dash,noRotation,,dash,0,nw,se,anti,cw,-,ccw,1,ne,w,1
X-,gamma4,zeta11,none,none,dash,noRotation,,dash,0,ne,sw,anti,cw,+,ccw,1,se,e,1
X-,gamma4,zeta1,none,none,dash,noRotation,,dash,0,ne,sw,anti,cw,-,ccw,1,se,n,1
X-,gamma6,zeta13,none,none,dash,noRotation,,dash,0,se,nw,anti,cw,+,ccw,1,sw,s,1
X-,gamma6,zeta3,none,none,dash,noRotation,,dash,0,se,nw,anti,cw,-,ccw,1,sw,e,1
X-,gamma8,zeta15,none,none,dash,noRotation,,dash,0,sw,ne,anti,cw,+,ccw,1,nw,w,1
X-,gamma8,zeta5,none,none,dash,noRotation,,dash,0,sw,ne,anti,cw,-,ccw,1,nw,s,1
X-,gamma10,zeta13,none,none,dash,noRotation,,dash,0,se,nw,anti,ccw,+,cw,1,ne,s,1
X-,gamma10,zeta3,none,none,dash,noRotation,,dash,0,se,nw,anti,ccw,-,cw,1,ne,e,1
X-,gamma12,zeta15,none,none,dash,noRotation,,dash,0,sw,ne,anti,ccw,+,cw,1,se,w,1
X-,gamma12,zeta5,none,none,dash,noRotation,,dash,0,sw,ne,anti,ccw,-,cw,1,se,s,1
X-,gamma14,zeta9,none,none,dash,noRotation,,dash,0,nw,se,anti,ccw,+,cw,1,sw,n,1
X-,gamma14,zeta7,none,none,dash,noRotation,,dash,0,nw,se,anti,ccw,-,cw,1,sw,w,1
X-,gamma16,zeta11,none,none,dash,noRotation,,dash,0,ne,sw,anti,ccw,+,cw,1,nw,e,1
X-,gamma16,zeta1,none,none,dash,noRotation,,dash,0,ne,sw,anti,ccw,-,cw,1,nw,n,1
X-,gamma2,zeta6,none,none,anti,ccw,+,cw,1,nw,e,dash,noRotation,,dash,0,ne,sw,1
X-,gamma2,zeta14,none,none,anti,ccw,-,cw,1,nw,n,dash,noRotation,,dash,0,ne,sw,1
X-,gamma4,zeta8,none,none,anti,ccw,+,cw,1,ne,s,dash,noRotation,,dash,0,se,nw,1
X-,gamma4,zeta16,none,none,anti,ccw,-,cw,1,ne,e,dash,noRotation,,dash,0,se,nw,1
X-,gamma6,zeta2,none,none,anti,ccw,+,cw,1,se,w,dash,noRotation,,dash,0,sw,ne,1
X-,gamma6,zeta10,none,none,anti,ccw,-,cw,1,se,s,dash,noRotation,,dash,0,sw,ne,1
X-,gamma8,zeta4,none,none,anti,ccw,+,cw,1,sw,n,dash,noRotation,,dash,0,nw,se,1
X-,gamma8,zeta12,none,none,anti,ccw,-,cw,1,sw,w,dash,noRotation,,dash,0,nw,se,1
X-,gamma10,zeta6,none,none,anti,cw,+,ccw,1,se,e,dash,noRotation,,dash,0,ne,sw,1
X-,gamma10,zeta14,none,none,anti,cw,-,ccw,1,se,n,dash,noRotation,,dash,0,ne,sw,1
X-,gamma12,zeta8,none,none,anti,cw,+,ccw,1,sw,s,dash,noRotation,,dash,0,se,nw,1
X-,gamma12,zeta16,none,none,anti,cw,-,ccw,1,sw,e,dash,noRotation,,dash,0,se,nw,1
X-,gamma14,zeta2,none,none,anti,cw,+,ccw,1,nw,w,dash,noRotation,,dash,0,sw,ne,1
X-,gamma14,zeta10,none,none,anti,cw,-,ccw,1,nw,s,dash,noRotation,,dash,0,sw,ne,1
X-,gamma16,zeta4,none,none,anti,cw,+,ccw,1,ne,n,dash,noRotation,,dash,0,nw,se,1
X-,gamma16,zeta12,none,none,anti,cw,-,ccw,1,ne,w,dash,noRotation,,dash,0,nw,se,1
Y-,gamma2,eta5,none,none,dash,noRotation,,dash,0,nw,se,pro,cw,+,cw,1,ne,s,1
Y-,gamma2,eta11,none,none,dash,noRotation,,dash,0,nw,se,pro,cw,-,cw,1,ne,e,1
Y-,gamma4,eta7,none,none,dash,noRotation,,dash,0,ne,sw,pro,cw,+,cw,1,se,w,1
Y-,gamma4,eta13,none,none,dash,noRotation,,dash,0,ne,sw,pro,cw,-,cw,1,se,s,1
Y-,gamma6,eta1,none,none,dash,noRotation,,dash,0,se,nw,pro,cw,+,cw,1,sw,n,1
Y-,gamma6,eta15,none,none,dash,noRotation,,dash,0,se,nw,pro,cw,-,cw,1,sw,w,1
Y-,gamma8,eta3,none,none,dash,noRotation,,dash,0,sw,ne,pro,cw,+,cw,1,nw,e,1
Y-,gamma8,eta9,none,none,dash,noRotation,,dash,0,sw,ne,pro,cw,-,cw,1,nw,n,1
Y-,gamma10,eta1,none,none,dash,noRotation,,dash,0,se,nw,pro,ccw,+,ccw,1,ne,n,1
Y-,gamma10,eta15,none,none,dash,noRotation,,dash,0,se,nw,pro,ccw,-,ccw,1,ne,w,1
Y-,gamma12,eta3,none,none,dash,noRotation,,dash,0,sw,ne,pro,ccw,+,ccw,1,se,e,1
Y-,gamma12,eta9,none,none,dash,noRotation,,dash,0,sw,ne,pro,ccw,-,ccw,1,se,n,1
Y-,gamma14,eta5,none,none,dash,noRotation,,dash,0,nw,se,pro,ccw,+,ccw,1,sw,s,1
Y-,gamma14,eta11,none,none,dash,noRotation,,dash,0,nw,se,pro,ccw,-,ccw,1,sw,e,1
Y-,gamma16,eta7,none,none,dash,noRotation,,dash,0,ne,sw,pro,ccw,+,ccw,1,nw,w,1
Y-,gamma16,eta13,none,none,dash,noRotation,,dash,0,ne,sw,pro,ccw,-,ccw,1,nw,s,1
Y-,gamma2,eta14,none,none,pro,ccw,+,ccw,1,nw,w,dash,noRotation,,dash,0,ne,sw,1
Y-,gamma2,eta6,none,none,pro,ccw,-,ccw,1,nw,s,dash,noRotation,,dash,0,ne,sw,1
Y-,gamma4,eta16,none,none,pro,ccw,+,ccw,1,ne,n,dash,noRotation,,dash,0,se,nw,1
Y-,gamma4,eta8,none,none,pro,ccw,-,ccw,1,ne,w,dash,noRotation,,dash,0,se,nw,1
Y-,gamma6,eta10,none,none,pro,ccw,+,ccw,1,se,e,dash,noRotation,,dash,0,sw,ne,1
Y-,gamma6,eta2,none,none,pro,ccw,-,ccw,1,se,n,dash,noRotation,,dash,0,sw,ne,1
Y-,gamma8,eta12,none,none,pro,ccw,+,ccw,1,sw,s,dash,noRotation,,dash,0,nw,se,1
Y-,gamma8,eta4,none,none,pro,ccw,-,ccw,1,sw,e,dash,noRotation,,dash,0,nw,se,1
Y-,gamma10,eta14,none,none,pro,cw,+,cw,1,se,w,dash,noRotation,,dash,0,ne,sw,1
Y-,gamma10,eta6,none,none,pro,cw,-,cw,1,se,s,dash,noRotation,,dash,0,ne,sw,1
Y-,gamma12,eta16,none,none,pro,cw,+,cw,1,sw,n,dash,noRotation,,dash,0,se,nw,1
Y-,gamma12,eta8,none,none,pro,cw,-,cw,1,sw,w,dash,noRotation,,dash,0,se,nw,1
Y-,gamma14,eta10,none,none,pro,cw,+,cw,1,nw,e,dash,noRotation,,dash,0,sw,ne,1
Y-,gamma14,eta2,none,none,pro,cw,-,cw,1,nw,n,dash,noRotation,,dash,0,sw,ne,1
Y-,gamma16,eta12,none,none,pro,cw,+,cw,1,ne,s,dash,noRotation,,dash,0,nw,se,1
Y-,gamma16,eta4,none,none,pro,cw,-,cw,1,ne,e,dash,noRotation,,dash,0,nw,se,1
Z-,gamma2,eta5,none,none,dash,noRotation,,dash,0,nw,se,anti,ccw,+,cw,1,ne,s,1
Z-,gamma2,eta11,none,none,dash,noRotation,,dash,0,nw,se,anti,ccw,-,cw,1,ne,e,1
Z-,gamma4,eta7,none,none,dash,noRotation,,dash,0,ne,sw,anti,ccw,+,cw,1,se,w,1
Z-,gamma4,eta13,none,none,dash,noRotation,,dash,0,ne,sw,anti,ccw,-,cw,1,se,s,1
Z-,gamma6,eta1,none,none,dash,noRotation,,dash,0,se,nw,anti,ccw,+,cw,1,sw,n,1
Z-,gamma6,eta15,none,none,dash,noRotation,,dash,0,se,nw,anti,ccw,-,cw,1,sw,w,1
Z-,gamma8,eta3,none,none,dash,noRotation,,dash,0,sw,ne,anti,ccw,+,cw,1,nw,e,1
Z-,gamma8,eta9,none,none,dash,noRotation,,dash,0,sw,ne,anti,ccw,-,cw,1,nw,n,1
Z-,gamma10,eta1,none,none,dash,noRotation,,dash,0,se,nw,anti,cw,+,ccw,1,ne,n,1
Z-,gamma10,eta15,none,none,dash,noRotation,,dash,0,se,nw,anti,cw,-,ccw,1,ne,w,1
Z-,gamma12,eta3,none,none,dash,noRotation,,dash,0,sw,ne,anti,cw,+,ccw,1,se,e,1
Z-,gamma12,eta9,none,none,dash,noRotation,,dash,0,sw,ne,anti,cw,-,ccw,1,se,n,1
Z-,gamma14,eta5,none,none,dash,noRotation,,dash,0,nw,se,anti,cw,+,ccw,1,sw,s,1
Z-,gamma14,eta11,none,none,dash,noRotation,,dash,0,nw,se,anti,cw,-,ccw,1,sw,e,1
Z-,gamma16,eta7,none,none,dash,noRotation,,dash,0,ne,sw,anti,cw,+,ccw,1,nw,w,1
Z-,gamma16,eta13,none,none,dash,noRotation,,dash,0,ne,sw,anti,cw,-,ccw,1,nw,s,1
Z-,gamma2,eta14,none,none,anti,cw,+,ccw,1,nw,w,dash,noRotation,,dash,0,ne,sw,1
Z-,gamma2,eta6,none,none,anti,cw,-,ccw,1,nw,s,dash,noRotation,,dash,0,ne,sw,1
Z-,gamma4,eta16,none,none,anti,cw,+,ccw,1,ne,n,dash,noRotation,,dash,0,se,nw,1
Z-,gamma4,eta8,none,none,anti,cw,-,ccw,1,ne,w,dash,noRotation,,dash,0,se,nw,1
Z-,gamma6,eta10,none,none,anti,cw,+,ccw,1,se,e,dash,noRotation,,dash,0,sw,ne,1
Z-,gamma6,eta2,none,none,anti,cw,-,ccw,1,se,n,dash,noRotation,,dash,0,sw,ne,1
Z-,gamma8,eta12,none,none,anti,cw,+,ccw,1,sw,s,dash,noRotation,,dash,0,nw,se,1
Z-,gamma8,eta4,none,none,anti,cw,-,ccw,1,sw,e,dash,noRotation,,dash,0,nw,se,1
Z-,gamma10,eta14,none,none,anti,ccw,+,cw,1,se,w,dash,noRotation,,dash,0,ne,sw,1
Z-,gamma10,eta6,none,none,anti,ccw,-,cw,1,se,s,dash,noRotation,,dash,0,ne,sw,1
Z-,gamma12,eta16,none,none,anti,ccw,+,cw,1,sw,n,dash,noRotation,,dash,0,se,nw,1
Z-,gamma12,eta8,none,none,anti,ccw,-,cw,1,sw,w,dash,noRotation,,dash,0,se,nw,1
Z-,gamma14,eta10,none,none,anti,ccw,+,cw,1,nw,e,dash,noRotation,,dash,0,sw,ne,1
Z-,gamma14,eta2,none,none,anti,ccw,-,cw,1,nw,n,dash,noRotation,,dash,0,sw,ne,1
Z-,gamma16,eta12,none,none,anti,ccw,+,cw,1,ne,s,dash,noRotation,,dash,0,nw,se,1
Z-,gamma16,eta4,none,none,anti,ccw,-,cw,1,ne,e,dash,noRotation,,dash,0,nw,se,1
Σ-,beta2,eta13,none,none,dash,noRotation,,dash,0,ne,sw,pro,cw,+,cw,1,ne,s,1
Σ-,beta2,zeta11,none,none,dash,noRotation,,dash,0,ne,sw,pro,cw,-,cw,1,ne,e,1
Σ-,beta4,eta15,none,none,dash,noRotation,,dash,0,se,nw,pro,cw,+,cw,1,se,w,1
Σ-,beta4,zeta13,none,none,dash,noRotation,,dash,0,se,nw,pro,cw,-,cw,1,se,s,1
Σ-,beta6,eta9,none,none,dash,noRotation,,dash,0,sw,ne,pro,cw,+,cw,1,sw,n,1
Σ-,beta6,zeta15,none,none,dash,noRotation,,dash,0,sw,ne,pro,cw,-,cw,1,sw,w,1
Σ-,beta8,eta11,none,none,dash,noRotation,,dash,0,nw,se,pro,cw,+,cw,1,nw,e,1
Σ-,beta8,zeta9,none,none,dash,noRotation,,dash,0,nw,se,pro,cw,-,cw,1,nw,n,1
Σ-,beta2,zeta1,none,none,dash,noRotation,,dash,0,ne,sw,pro,ccw,+,ccw,1,ne,n,1
Σ-,beta2,eta7,none,none,dash,noRotation,,dash,0,ne,sw,pro,ccw,-,ccw,1,ne,w,1
Σ-,beta4,zeta3,none,none,dash,noRotation,,dash,0,se,nw,pro,ccw,+,ccw,1,se,e,1
Σ-,beta4,eta1,none,none,dash,noRotation,,dash,0,se,nw,pro,ccw,-,ccw,1,se,n,1
Σ-,beta6,zeta5,none,none,dash,noRotation,,dash,0,sw,ne,pro,ccw,+,ccw,1,sw,s,1
Σ-,beta6,eta3,none,none,dash,noRotation,,dash,0,sw,ne,pro,ccw,-,ccw,1,sw,e,1
Σ-,beta8,zeta7,none,none,dash,noRotation,,dash,0,nw,se,pro,ccw,+,ccw,1,nw,w,1
Σ-,beta8,eta5,none,none,dash,noRotation,,dash,0,nw,se,pro,ccw,-,ccw,1,nw,s,1
Σ-,beta2,eta6,none,none,pro,cw,+,cw,1,ne,s,dash,noRotation,,dash,0,ne,sw,1
Σ-,beta2,zeta6,none,none,pro,cw,-,cw,1,ne,e,dash,noRotation,,dash,0,ne,sw,1
Σ-,beta4,eta8,none,none,pro,cw,+,cw,1,se,w,dash,noRotation,,dash,0,se,nw,1
Σ-,beta4,zeta8,none,none,pro,cw,-,cw,1,se,s,dash,noRotation,,dash,0,se,nw,1
Σ-,beta6,eta2,none,none,pro,cw,+,cw,1,sw,n,dash,noRotation,,dash,0,sw,ne,1
Σ-,beta6,zeta2,none,none,pro,cw,-,cw,1,sw,w,dash,noRotation,,dash,0,sw,ne,1
Σ-,beta8,eta4,none,none,pro,cw,+,cw,1,nw,e,dash,noRotation,,dash,0,nw,se,1
Σ-,beta8,zeta4,none,none,pro,cw,-,cw,1,nw,n,dash,noRotation,,dash,0,nw,se,1
Σ-,beta2,zeta14,none,none,pro,ccw,+,ccw,1,ne,n,dash,noRotation,,dash,0,ne,sw,1
Σ-,beta2,eta14,none,none,pro,ccw,-,ccw,1,ne,w,dash,noRotation,,dash,0,ne,sw,1
Σ-,beta4,zeta16,none,none,pro,ccw,+,ccw,1,se,e,dash,noRotation,,dash,0,se,nw,1
Σ-,beta4,eta16,none,none,pro,ccw,-,ccw,1,se,n,dash,noRotation,,dash,0,se,nw,1
Σ-,beta6,zeta10,none,none,pro,ccw,+,ccw,1,sw,s,dash,noRotation,,dash,0,sw,ne,1
Σ-,beta6,eta10,none,none,pro,ccw,-,ccw,1,sw,e,dash,noRotation,,dash,0,sw,ne,1
Σ-,beta8,zeta12,none,none,pro,ccw,+,ccw,1,nw,w,dash,noRotation,,dash,0,nw,se,1
Σ-,beta8,eta12,none,none,pro,ccw,-,ccw,1,nw,s,dash,noRotation,,dash,0,nw,se,1
Δ-,beta2,eta13,none,none,dash,noRotation,,dash,0,ne,sw,anti,ccw,+,cw,1,ne,s,1
Δ-,beta2,zeta11,none,none,dash,noRotation,,dash,0,ne,sw,anti,ccw,-,cw,1,ne,e,1
Δ-,beta4,eta15,none,none,dash,noRotation,,dash,0,se,nw,anti,ccw,+,cw,1,se,w,1
Δ-,beta4,zeta13,none,none,dash,noRotation,,dash,0,se,nw,anti,ccw,-,cw,1,se,s,1
Δ-,beta6,eta9,none,none,dash,noRotation,,dash,0,sw,ne,anti,ccw,+,cw,1,sw,n,1
Δ-,beta6,zeta15,none,none,dash,noRotation,,dash,0,sw,ne,anti,ccw,-,cw,1,sw,w,1
Δ-,beta8,eta11,none,none,dash,noRotation,,dash,0,nw,se,anti,ccw,+,cw,1,nw,e,1
Δ-,beta8,zeta9,none,none,dash,noRotation,,dash,0,nw,se,anti,ccw,-,cw,1,nw,n,1
Δ-,beta2,zeta1,none,none,dash,noRotation,,dash,0,ne,sw,anti,cw,+,ccw,1,ne,n,1
Δ-,beta2,eta7,none,none,dash,noRotation,,dash,0,ne,sw,anti,cw,-,ccw,1,ne,w,1
Δ-,beta4,zeta3,none,none,dash,noRotation,,dash,0,se,nw,anti,cw,+,ccw,1,se,e,1
Δ-,beta4,eta1,none,none,dash,noRotation,,dash,0,se,nw,anti,cw,-,ccw,1,se,n,1
Δ-,beta6,zeta5,none,none,dash,noRotation,,dash,0,sw,ne,anti,cw,+,ccw,1,sw,s,1
Δ-,beta6,eta3,none,none,dash,noRotation,,dash,0,sw,ne,anti,cw,-,ccw,1,sw,e,1
Δ-,beta8,zeta7,none,none,dash,noRotation,,dash,0,nw,se,anti,cw,+,ccw,1,nw,w,1
Δ-,beta8,eta5,none,none,dash,noRotation,,dash,0,nw,se,anti,cw,-,ccw,1,nw,s,1
Δ-,beta2,eta6,none,none,anti,ccw,+,cw,1,ne,s,dash,noRotation,,dash,0,ne,sw,1
Δ-,beta2,zeta6,none,none,anti,ccw,-,cw,1,ne,e,dash,noRotation,,dash,0,ne,sw,1
Δ-,beta4,eta8,none,none,anti,ccw,+,cw,1,se,w,dash,noRotation,,dash,0,se,nw,1
Δ-,beta4,zeta8,none,none,anti,ccw,-,cw,1,se,s,dash,noRotation,,dash,0,se,nw,1
Δ-,beta6,eta2,none,none,anti,ccw,+,cw,1,sw,n,dash,noRotation,,dash,0,sw,ne,1
Δ-,beta6,zeta2,none,none,anti,ccw,-,cw,1,sw,w,dash,noRotation,,dash,0,sw,ne,1
Δ-,beta8,eta4,none,none,anti,ccw,+,cw,1,nw,e,dash,noRotation,,dash,0,nw,se,1
Δ-,beta8,zeta4,none,none,anti,ccw,-,cw,1,nw,n,dash,noRotation,,dash,0,nw,se,1
Δ-,beta2,zeta14,none,none,anti,cw,+,ccw,1,ne,n,dash,noRotation,,dash,0,ne,sw,1
Δ-,beta2,eta14,none,none,anti,cw,-,ccw,1,ne,w,dash,noRotation,,dash,0,ne,sw,1
Δ-,beta4,zeta16,none,none,anti,cw,+,ccw,1,se,e,dash,noRotation,,dash,0,se,nw,1
Δ-,beta4,eta16,none,none,anti,cw,-,ccw,1,se,n,dash,noRotation,,dash,0,se,nw,1
Δ-,beta6,zeta10,none,none,anti,cw,+,ccw,1,sw,s,dash,noRotation,,dash,0,sw,ne,1
Δ-,beta6,eta10,none,none,anti,cw,-,ccw,1,sw,e,dash,noRotation,,dash,0,sw,ne,1
Δ-,beta8,zeta12,none,none,anti,cw,+,ccw,1,nw,w,dash,noRotation,,dash,0,nw,se,1
Δ-,beta8,eta12,none,none,anti,cw,-,ccw,1,nw,s,dash,noRotation,,dash,0,nw,se,1
Θ-,alpha2,zeta5,none,none,dash,noRotation,,dash,0,sw,ne,pro,cw,+,cw,1,ne,s,1
Θ-,alpha2,eta3,none,none,dash,noRotation,,dash,0,sw,ne,pro,cw,-,cw,1,ne,e,1
Θ-,alpha4,zeta7,none,none,dash,noRotation,,dash,0,nw,se,pro,cw,+,cw,1,se,w,1
Θ-,alpha4,eta5,none,none,dash,noRotation,,dash,0,nw,se,pro,cw,-,cw,1,se,s,1
Θ-,alpha6,zeta1,none,none,dash,noRotation,,dash,0,ne,sw,pro,cw,+,cw,1,sw,n,1
Θ-,alpha6,eta7,none,none,dash,noRotation,,dash,0,ne,sw,pro,cw,-,cw,1,sw,w,1
Θ-,alpha8,zeta3,none,none,dash,noRotation,,dash,0,se,nw,pro,cw,+,cw,1,nw,e,1
Θ-,alpha8,eta1,none,none,dash,noRotation,,dash,0,se,nw,pro,cw,-,cw,1,nw,n,1
Θ-,alpha2,eta9,none,none,dash,noRotation,,dash,0,sw,ne,pro,ccw,+,ccw,1,ne,n,1
Θ-,alpha2,zeta15,none,none,dash,noRotation,,dash,0,sw,ne,pro,ccw,-,ccw,1,ne,w,1
Θ-,alpha4,eta11,none,none,dash,noRotation,,dash,0,nw,se,pro,ccw,+,ccw,1,se,e,1
Θ-,alpha4,zeta9,none,none,dash,noRotation,,dash,0,nw,se,pro,ccw,-,ccw,1,se,n,1
Θ-,alpha6,eta13,none,none,dash,noRotation,,dash,0,ne,sw,pro,ccw,+,ccw,1,sw,s,1
Θ-,alpha6,zeta11,none,none,dash,noRotation,,dash,0,ne,sw,pro,ccw,-,ccw,1,sw,e,1
Θ-,alpha8,eta15,none,none,dash,noRotation,,dash,0,se,nw,pro,ccw,+,ccw,1,nw,w,1
Θ-,alpha8,zeta13,none,none,dash,noRotation,,dash,0,se,nw,pro,ccw,-,ccw,1,nw,s,1
Θ-,alpha2,zeta14,none,none,pro,cw,+,cw,1,sw,n,dash,noRotation,,dash,0,ne,sw,1
Θ-,alpha2,eta14,none,none,pro,cw,-,cw,1,sw,w,dash,noRotation,,dash,0,ne,sw,1
Θ-,alpha4,zeta16,none,none,pro,cw,+,cw,1,nw,e,dash,noRotation,,dash,0,se,nw,1
Θ-,alpha4,eta16,none,none,pro,cw,-,cw,1,nw,n,dash,noRotation,,dash,0,se,nw,1
Θ-,alpha6,zeta10,none,none,pro,cw,+,cw,1,ne,s,dash,noRotation,,dash,0,sw,ne,1
Θ-,alpha6,eta10,none,none,pro,cw,-,cw,1,ne,e,dash,noRotation,,dash,0,sw,ne,1
Θ-,alpha8,zeta12,none,none,pro,cw,+,cw,1,se,w,dash,noRotation,,dash,0,nw,se,1
Θ-,alpha8,eta12,none,none,pro,cw,-,cw,1,se,s,dash,noRotation,,dash,0,nw,se,1
Θ-,alpha2,eta6,none,none,pro,ccw,+,ccw,1,sw,s,dash,noRotation,,dash,0,ne,sw,1
Θ-,alpha2,zeta6,none,none,pro,ccw,-,ccw,1,sw,e,dash,noRotation,,dash,0,ne,sw,1
Θ-,alpha4,eta8,none,none,pro,ccw,+,ccw,1,nw,w,dash,noRotation,,dash,0,se,nw,1
Θ-,alpha4,zeta8,none,none,pro,ccw,-,ccw,1,nw,s,dash,noRotation,,dash,0,se,nw,1
Θ-,alpha6,eta2,none,none,pro,ccw,+,ccw,1,ne,n,dash,noRotation,,dash,0,sw,ne,1
Θ-,alpha6,zeta2,none,none,pro,ccw,-,ccw,1,ne,w,dash,noRotation,,dash,0,sw,ne,1
Θ-,alpha8,eta4,none,none,pro,ccw,+,ccw,1,se,e,dash,noRotation,,dash,0,nw,se,1
Θ-,alpha8,zeta4,none,none,pro,ccw,-,ccw,1,se,n,dash,noRotation,,dash,0,nw,se,1
Ω-,alpha2,zeta5,none,none,dash,noRotation,,dash,0,sw,ne,anti,ccw,+,cw,1,ne,s,1
Ω-,alpha2,eta3,none,none,dash,noRotation,,dash,0,sw,ne,anti,ccw,-,cw,1,ne,e,1
Ω-,alpha4,zeta7,none,none,dash,noRotation,,dash,0,nw,se,anti,ccw,+,cw,1,se,w,1
Ω-,alpha4,eta5,none,none,dash,noRotation,,dash,0,nw,se,anti,ccw,-,cw,1,se,s,1
Ω-,alpha6,zeta1,none,none,dash,noRotation,,dash,0,ne,sw,anti,ccw,+,cw,1,sw,n,1
Ω-,alpha6,eta7,none,none,dash,noRotation,,dash,0,ne,sw,anti,ccw,-,cw,1,sw,w,1
Ω-,alpha8,zeta3,none,none,dash,noRotation,,dash,0,se,nw,anti,ccw,+,cw,1,nw,e,1
Ω-,alpha8,eta1,none,none,dash,noRotation,,dash,0,se,nw,anti,ccw,-,cw,1,nw,n,1
Ω-,alpha2,eta9,none,none,dash,noRotation,,dash,0,sw,ne,anti,cw,+,ccw,1,ne,n,1
Ω-,alpha2,zeta15,none,none,dash,noRotation,,dash,0,sw,ne,anti,cw,-,ccw,1,ne,w,1
Ω-,alpha4,eta11,none,none,dash,noRotation,,dash,0,nw,se,anti,cw,+,ccw,1,se,e,1
Ω-,alpha4,zeta9,none,none,dash,noRotation,,dash,0,nw,se,anti,cw,-,ccw,1,se,n,1
Ω-,alpha6,eta13,none,none,dash,noRotation,,dash,0,ne,sw,anti,cw,+,ccw,1,sw,s,1
Ω-,alpha6,zeta11,none,none,dash,noRotation,,dash,0,ne,sw,anti,cw,-,ccw,1,sw,e,1
Ω-,alpha8,eta15,none,none,dash,noRotation,,dash,0,se,nw,anti,cw,+,ccw,1,nw,w,1
Ω-,alpha8,zeta13,none,none,dash,noRotation,,dash,0,se,nw,anti,cw,-,ccw,1,nw,s,1
Ω-,alpha2,zeta14,none,none,anti,ccw,+,cw,1,sw,n,dash,noRotation,,dash,0,ne,sw,1
Ω-,alpha2,eta14,none,none,anti,ccw,-,cw,1,sw,w,dash,noRotation,,dash,0,ne,sw,1
Ω-,alpha4,zeta16,none,none,anti,ccw,+,cw,1,nw,e,dash,noRotation,,dash,0,se,nw,1
Ω-,alpha4,eta16,none,none,anti,ccw,-,cw,1,nw,n,dash,noRotation,,dash,0,se,nw,1
Ω-,alpha6,zeta10,none,none,anti,ccw,+,cw,1,ne,s,dash,noRotation,,dash,0,sw,ne,1
Ω-,alpha6,eta10,none,none,anti,ccw,-,cw,1,ne,e,dash,noRotation,,dash,0,sw,ne,1
Ω-,alpha8,zeta12,none,none,anti,ccw,+,cw,1,se,w,dash,noRotation,,dash,0,nw,se,1
Ω-,alpha8,eta12,none,none,anti,ccw,-,cw,1,se,s,dash,noRotation,,dash,0,nw,se,1
Ω-,alpha2,eta6,none,none,anti,cw,+,ccw,1,sw,s,dash,noRotation,,dash,0,ne,sw,1
Ω-,alpha2,zeta6,none,none,anti,cw,-,ccw,1,sw,e,dash,noRotation,,dash,0,ne,sw,1
Ω-,alpha4,eta8,none,none,anti,cw,+,ccw,1,nw,w,dash,noRotation,,dash,0,se,nw,1
Ω-,alpha4,zeta8,none,none,anti,cw,-,ccw,1,nw,s,dash,noRotation,,dash,0,se,nw,1
Ω-,alpha6,eta2,none,none,anti,cw,+,ccw,1,ne,n,dash,noRotation,,dash,0,sw,ne,1
Ω-,alpha6,zeta2,none,none,anti,cw,-,ccw,1,ne,w,dash,noRotation,,dash,0,sw,ne,1
Ω-,alpha8,eta4,none,none,anti,cw,+,ccw,1,se,e,dash,noRotation,,dash,0,nw,se,1
Ω-,alpha8,zeta4,none,none,anti,cw,-,ccw,1,se,n,dash,noRotation,,dash,0,nw,se,1
S,eta2,eta4,none,same,pro,cw,,cw,0,n,e,pro,cw,,cw,0,ne,se,3
P,eta2,zeta16,none,opp,pro,cw,,cw,0,n,e,pro,ccw,,ccw,0,ne,nw,3
V,eta2,eta4,none,same,pro,cw,,cw,0,n,e,anti,ccw,,cw,0,ne,se,3
R,eta2,zeta16,none,opp,pro,cw,,cw,0,n,e,anti,cw,,ccw,0,ne,nw,3
Y,eta2,eta10,none,none,pro,cw,,cw,0,n,e,static,noRotation,,static,0,ne,ne,3
W-,eta2,zeta6,none,none,pro,cw,,cw,0,n,e,dash,noRotation,,dash,0,ne,sw,3
M,eta2,zeta12,none,opp,pro,ccw,,ccw,0,n,w,pro,cw,,cw,0,ne,se,3
S,eta2,eta8,none,same,pro,ccw,,ccw,0,n,w,pro,ccw,,ccw,0,ne,nw,3
O,eta2,zeta12,none,opp,pro,ccw,,ccw,0,n,w,anti,ccw,,cw,0,ne,se,3
U,eta2,eta8,none,same,pro,ccw,,ccw,0,n,w,anti,cw,,ccw,0,ne,nw,3
Θ,eta2,zeta2,none,none,pro,ccw,,ccw,0,n,w,static,noRotation,,static,0,ne,ne,3
Σ-,eta2,eta14,none,none,pro,ccw,,ccw,0,n,w,dash,noRotation,,dash,0,ne,sw,3
U,eta2,eta4,none,same,anti,ccw,,cw,0,n,e,pro,cw,,cw,0,ne,se,3
R,eta2,zeta16,none,opp,anti,ccw,,cw,0,n,e,pro,ccw,,ccw,0,ne,nw,3
T,eta2,eta4,none,same,anti,ccw,,cw,0,n,e,anti,ccw,,cw,0,ne,se,3
Q,eta2,zeta16,none,opp,anti,ccw,,cw,0,n,e,anti,cw,,ccw,0,ne,nw,3
Z,eta2,eta10,none,none,anti,ccw,,cw,0,n,e,static,noRotation,,static,0,ne,ne,3
X-,eta2,zeta6,none,none,anti,ccw,,cw,0,n,e,dash,noRotation,,dash,0,ne,sw,3
O,eta2,zeta12,none,opp,anti,cw,,ccw,0,n,w,pro,cw,,cw,0,ne,se,3
V,eta2,eta8,none,same,anti,cw,,ccw,0,n,w,pro,ccw,,ccw,0,ne,nw,3
N,eta2,zeta12,none,opp,anti,cw,,ccw,0,n,w,anti,ccw,,cw,0,ne,se,3
T,eta2,eta8,none,same,anti,cw,,ccw,0,n,w,anti,cw,,ccw,0,ne,nw,3
Ω,eta2,zeta2,none,none,anti,cw,,ccw,0,n,w,static,noRotation,,static,0,ne,ne,3
Δ-,eta2,eta14,none,none,anti,cw,,ccw,0,n,w,dash,noRotation,,dash,0,ne,sw,3
Θ,eta2,zeta4,none,none,static,noRotation,,static,0,n,n,pro,cw,,cw,0,ne,se,3
Y,eta2,eta16,none,none,static,noRotation,,static,0,n,n,pro,ccw,,ccw,0,ne,nw,3
Ω,eta2,zeta4,none,none,static,noRotation,,static,0,n,n,anti,ccw,,cw,0,ne,se,3
Z,eta2,eta16,none,none,static,noRotation,,static,0,n,n,anti,cw,,ccw,0,ne,nw,3
η,eta2,eta2,none,none,static,noRotation,,static,0,n,n,static,noRotation,,static,0,ne,ne,3
Φ,eta2,zeta14,none,none,static,noRotation,,static,0,n,n,dash,noRotation,,dash,0,ne,sw,3
Σ-,eta2,eta12,none,none,dash,noRotation,,dash,0,n,s,pro,cw,,cw,0,ne,se,3
W-,eta2,zeta8,none,none,dash,noRotation,,dash,0,n,s,pro,ccw,,ccw,0,ne,nw,3
Δ-,eta2,eta12,none,none,dash,noRotation,,dash,0,n,s,anti,ccw,,cw,0,ne,se,3
X-,eta2,zeta8,none,none,dash,noRotation,,dash,0,n,s,anti,cw,,ccw,0,ne,nw,3
Φ,eta2,zeta10,none,none,dash,noRotation,,dash,0,n,s,static,noRotation,,static,0,ne,ne,3
Ψ-,eta2,eta6,none,none,dash,noRotation,,dash,0,n,s,dash,noRotation,,dash,0,ne,sw,3
S,zeta4,zeta6,none,same,pro,cw,,cw,0,n,e,pro,cw,,cw,0,se,sw,3
P,zeta4,eta10,none,opp,pro,cw,,cw,0,n,e,pro,ccw,,ccw,0,se,ne,3
V,zeta4,zeta6,none,same,pro,cw,,cw,0,n,e,anti,ccw,,cw,0,se,sw,3
R,zeta4,eta10,none,opp,pro,cw,,cw,0,n,e,anti,cw,,ccw,0,se,ne,3
Σ,zeta4,eta4,none,none,pro,cw,,cw,0,n,e,static,noRotation,,static,0,se,se,3
Θ-,zeta4,zeta16,none,none,pro,cw,,cw,0,n,e,dash,noRotation,,dash,0,se,nw,3
M,zeta4,eta14,none,opp,pro,ccw,,ccw,0,n,w,pro,cw,,cw,0,se,sw,3
S,zeta4,zeta2,none,same,pro,ccw,,ccw,0,n,w,pro,ccw,,ccw,0,se,ne,3
O,zeta4,eta14,none,opp,pro,ccw,,ccw,0,n,w,anti,ccw,,cw,0,se,sw,3
U,zeta4,zeta2,none,same,pro,ccw,,ccw,0,n,w,anti,cw,,ccw,0,se,ne,3
W,zeta4,zeta12,none,none,pro,ccw,,ccw,0,n,w,static,noRotation,,static,0,se,se,3
Y-,zeta4,eta8,none,none,pro,ccw,,ccw,0,n,w,dash,noRotation,,dash,0,se,nw,3
U,zeta4,zeta6,none,same,anti,ccw,,cw,0,n,e,pro,cw,,cw,0,se,sw,3
R,zeta4,eta10,none,opp,anti,ccw,,cw,0,n,e,pro,ccw,,ccw,0,se,ne,3
T,zeta4,zeta6,none,same,anti,ccw,,cw,0,n,e,anti,ccw,,cw,0,se,sw,3
Q,zeta4,eta10,none,opp,anti,ccw,,cw,0,n,e,anti,cw,,ccw,0,se,ne,3
Δ,zeta4,eta4,none,none,anti,ccw,,cw,0,n,e,static,noRotation,,static,0,se,se,3
Ω-,zeta4,zeta16,none,none,anti,ccw,,cw,0,n,e,dash,noRotation,,dash,0,se,nw,3
O,zeta4,eta14,none,opp,anti,cw,,ccw,0,n,w,pro,cw,,cw,0,se,sw,3
V,zeta4,zeta2,none,same,anti,cw,,ccw,0,n,w,pro,ccw,,ccw,0,se,ne,3
N,zeta4,eta14,none,opp,anti,cw,,ccw,0,n,w,anti,ccw,,cw,0,se,sw,3
T,zeta4,zeta2,none,same,anti,cw,,ccw,0,n,w,anti,cw,,ccw,0,se,ne,3
X,zeta4,zeta12,none,none,anti,cw,,ccw,0,n,w,static,noRotation,,static,0,se,se,3
Z-,zeta4,eta8,none,none,anti,cw,,ccw,0,n,w,dash,noRotation,,dash,0,se,nw,3
W,zeta4,zeta14,none,none,static,noRotation,,static,0,n,n,pro,cw,,cw,0,se,sw,3
Σ,zeta4,eta2,none,none,static,noRotation,,static,0,n,n,pro,ccw,,ccw,0,se,ne,3
X,zeta4,zeta14,none,none,static,noRotation,,static,0,n,n,anti,ccw,,cw,0,se,sw,3
Δ,zeta4,eta2,none,none,static,noRotation,,static,0,n,n,anti,cw,,ccw,0,se,ne,3
ζ,zeta4,zeta4,none,none,static,noRotation,,static,0,n,n,static,noRotation,,static,0,se,se,3
Ψ,zeta4,eta16,none,none,static,noRotation,,static,0,n,n,dash,noRotation,,dash,0,se,nw,3
Y-,zeta4,eta6,none,none,dash,noRotation,,dash,0,n,s,pro,cw,,cw,0,se,sw,3
Θ-,zeta4,zeta10,none,none,dash,noRotation,,dash,0,n,s,pro,ccw,,ccw,0,se,ne,3
Z-,zeta4,eta6,none,none,dash,noRotation,,dash,0,n,s,anti,ccw,,cw,0,se,sw,3
Ω-,zeta4,zeta10,none,none,dash,noRotation,,dash,0,n,s,anti,cw,,ccw,0,se,ne,3
Ψ,zeta4,eta12,none,none,dash,noRotation,,dash,0,n,s,static,noRotation,,static,0,se,se,3
Φ-,zeta4,zeta8,none,none,dash,noRotation,,dash,0,n,s,dash,noRotation,,dash,0,se,nw,3
S,zeta14,zeta16,none,same,pro,cw,,cw,0,n,e,pro,cw,,cw,0,sw,nw,3
M,zeta14,eta4,none,opp,pro,cw,,cw,0,n,e,pro,ccw,,ccw,0,sw,se,3
U,zeta14,zeta16,none,same,pro,cw,,cw,0,n,e,anti,ccw,,cw,0,sw,nw,3
O,zeta14,eta4,none,opp,pro,cw,,cw,0,n,e,anti,cw,,ccw,0,sw,se,3
W,zeta14,zeta6,none,none,pro,cw,,cw,0,n,e,static,noRotation,,static,0,sw,sw,3
Y-,zeta14,eta10,none,none,pro,cw,,cw,0,n,e,dash,noRotation,,dash,0,sw,ne,3
P,zeta14,eta8,none,opp,pro,ccw,,ccw,0,n,w,pro,cw,,cw,0,sw,nw,3
S,zeta14,zeta12,none,same,pro,ccw,,ccw,0,n,w,pro,ccw,,ccw,0,sw,se,3
R,zeta14,eta8,none,opp,pro,ccw,,ccw,0,n,w,anti,ccw,,cw,0,sw,nw,3
V,zeta14,zeta12,none,same,pro,ccw,,ccw,0,n,w,anti,cw,,ccw,0,sw,se,3
Σ,zeta14,eta14,none,none,pro,ccw,,ccw,0,n,w,static,noRotation,,static,0,sw,sw,3
Θ-,zeta14,zeta2,none,none,pro,ccw,,ccw,0,n,w,dash,noRotation,,dash,0,sw,ne,3
V,zeta14,zeta16,none,same,anti,ccw,,cw,0,n,e,pro,cw,,cw,0,sw,nw,3
O,zeta14,eta4,none,opp,anti,ccw,,cw,0,n,e,pro,ccw,,ccw,0,sw,se,3
T,zeta14,zeta16,none,same,anti,ccw,,cw,0,n,e,anti,ccw,,cw,0,sw,nw,3
N,zeta14,eta4,none,opp,anti,ccw,,cw,0,n,e,anti,cw,,ccw,0,sw,se,3
X,zeta14,zeta6,none,none,anti,ccw,,cw,0,n,e,static,noRotation,,static,0,sw,sw,3
Z-,zeta14,eta10,none,none,anti,ccw,,cw,0,n,e,dash,noRotation,,dash,0,sw,ne,3
R,zeta14,eta8,none,opp,anti,cw,,ccw,0,n,w,pro,cw,,cw,0,sw,nw,3
U,zeta14,zeta12,none,same,anti,cw,,ccw,0,n,w,pro,ccw,,ccw,0,sw,se,3
Q,zeta14,eta8,none,opp,anti,cw,,ccw,0,n,w,anti,ccw,,cw,0,sw,nw,3
T,zeta14,zeta12,none,same,anti,cw,,ccw,0,n,w,anti,cw,,ccw,0,sw,se,3
Δ,zeta14,eta14,none,none,anti,cw,,ccw,0,n,w,static,noRotation,,static,0,sw,sw,3
Ω-,zeta14,zeta2,none,none,anti,cw,,ccw,0,n,w,dash,noRotation,,dash,0,sw,ne,3
Σ,zeta14,eta16,none,none,static,noRotation,,static,0,n,n,pro,cw,,cw,0,sw,nw,3
W,zeta14,zeta4,none,none,static,noRotation,,static,0,n,n,pro,ccw,,ccw,0,sw,se,3
Δ,zeta14,eta16,none,none,static,noRotation,,static,0,n,n,anti,ccw,,cw,0,sw,nw,3
X,zeta14,zeta4,none,none,static,noRotation,,static,0,n,n,anti,cw,,ccw,0,sw,se,3
ζ,zeta14,zeta14,none,none,static,noRotation,,static,0,n,n,static,noRotation,,static,0,sw,sw,3
Ψ,zeta14,eta2,none,none,static,noRotation,,static,0,n,n,dash,noRotation,,dash,0,sw,ne,3
Θ-,zeta14,zeta8,none,none,dash,noRotation,,dash,0,n,s,pro,cw,,cw,0,sw,nw,3
Y-,zeta14,eta12,none,none,dash,noRotation,,dash,0,n,s,pro,ccw,,ccw,0,sw,se,3
Ω-,zeta14,zeta8,none,none,dash,noRotation,,dash,0,n,s,anti,ccw,,cw,0,sw,nw,3
Z-,zeta14,eta12,none,none,dash,noRotation,,dash,0,n,s,anti,cw,,ccw,0,sw,se,3
Ψ,zeta14,eta6,none,none,dash,noRotation,,dash,0,n,s,static,noRotation,,static,0,sw,sw,3
Φ-,zeta14,zeta10,none,none,dash,noRotation,,dash,0,n,s,dash,noRotation,,dash,0,sw,ne,3
S,eta16,eta10,none,same,pro,cw,,cw,0,n,e,pro,cw,,cw,0,nw,ne,3
M,eta16,zeta6,none,opp,pro,cw,,cw,0,n,e,pro,ccw,,ccw,0,nw,sw,3
U,eta16,eta10,none,same,pro,cw,,cw,0,n,e,anti,ccw,,cw,0,nw,ne,3
O,eta16,zeta6,none,opp,pro,cw,,cw,0,n,e,anti,cw,,ccw,0,nw,sw,3
Θ,eta16,zeta16,none,none,pro,cw,,cw,0,n,e,static,noRotation,,static,0,nw,nw,3
Σ-,eta16,eta4,none,none,pro,cw,,cw,0,n,e,dash,noRotation,,dash,0,nw,se,3
P,eta16,zeta2,none,opp,pro,ccw,,ccw,0,n,w,pro,cw,,cw,0,nw,ne,3
S,eta16,eta14,none,same,pro,ccw,,ccw,0,n,w,pro,ccw,,ccw,0,nw,sw,3
R,eta16,zeta2,none,opp,pro,ccw,,ccw,0,n,w,anti,ccw,,cw,0,nw,ne,3
V,eta16,eta14,none,same,pro,ccw,,ccw,0,n,w,anti,cw,,ccw,0,nw,sw,3
Y,eta16,eta8,none,none,pro,ccw,,ccw,0,n,w,static,noRotation,,static,0,nw,nw,3
W-,eta16,zeta12,none,none,pro,ccw,,ccw,0,n,w,dash,noRotation,,dash,0,nw,se,3
V,eta16,eta10,none,same,anti,ccw,,cw,0,n,e,pro,cw,,cw,0,nw,ne,3
O,eta16,zeta6,none,opp,anti,ccw,,cw,0,n,e,pro,ccw,,ccw,0,nw,sw,3
T,eta16,eta10,none,same,anti,ccw,,cw,0,n,e,anti,ccw,,cw,0,nw,ne,3
N,eta16,zeta6,none,opp,anti,ccw,,cw,0,n,e,anti,cw,,ccw,0,nw,sw,3
Ω,eta16,zeta16,none,none,anti,ccw,,cw,0,n,e,static,noRotation,,static,0,nw,nw,3
Δ-,eta16,eta4,none,none,anti,ccw,,cw,0,n,e,dash,noRotation,,dash,0,nw,se,3
R,eta16,zeta2,none,opp,anti,cw,,ccw,0,n,w,pro,cw,,cw,0,nw,ne,3
U,eta16,eta14,none,same,anti,cw,,ccw,0,n,w,pro,ccw,,ccw,0,nw,sw,3
Q,eta16,zeta2,none,opp,anti,cw,,ccw,0,n,w,anti,ccw,,cw,0,nw,ne,3
T,eta16,eta14,none,same,anti,cw,,ccw,0,n,w,anti,cw,,ccw,0,nw,sw,3
Z,eta16,eta8,none,none,anti,cw,,ccw,0,n,w,static,noRotation,,static,0,nw,nw,3
X-,eta16,zeta12,none,none,anti,cw,,ccw,0,n,w,dash,noRotation,,dash,0,nw,se,3
Y,eta16,eta2,none,none,static,noRotation,,static,0,n,n,pro,cw,,cw,0,nw,ne,3
Θ,eta16,zeta14,none,none,static,noRotation,,static,0,n,n,pro,ccw,,ccw,0,nw,sw,3
Z,eta16,eta2,none,none,static,noRotation,,static,0,n,n,anti,ccw,,cw,0,nw,ne,3
Ω,eta16,zeta14,none,none,static,noRotation,,static,0,n,n,anti,cw,,ccw,0,nw,sw,3
η,eta16,eta16,none,none,static,noRotation,,static,0,n,n,static,noRotation,,static,0,nw,nw,3
Φ,eta16,zeta4,none,none,static,noRotation,,static,0,n,n,dash,noRotation,,dash,0,nw,se,3
W-,eta16,zeta10,none,none,dash,noRotation,,dash,0,n,s,pro,cw,,cw,0,nw,ne,3
Σ-,eta16,eta6,none,none,dash,noRotation,,dash,0,n,s,pro,ccw,,ccw,0,nw,sw,3
X-,eta16,zeta10,none,none,dash,noRotation,,dash,0,n,s,anti,ccw,,cw,0,nw,ne,3
Δ-,eta16,eta6,none,none,dash,noRotation,,dash,0,n,s,anti,cw,,ccw,0,nw,sw,3
Φ,eta16,zeta8,none,none,dash,noRotation,,dash,0,n,s,static,noRotation,,static,0,nw,nw,3
Ψ-,eta16,eta12,none,none,dash,noRotation,,dash,0,n,s,dash,noRotation,,dash,0,nw,se,3
S,eta9,eta11,none,same,pro,cw,,cw,0,ne,se,pro,cw,,cw,0,n,e,3
M,eta9,zeta7,none,opp,pro,cw,,cw,0,ne,se,pro,ccw,,ccw,0,n,w,3
U,eta9,eta11,none,same,pro,cw,,cw,0,ne,se,anti,ccw,,cw,0,n,e,3
O,eta9,zeta7,none,opp,pro,cw,,cw,0,ne,se,anti,cw,,ccw,0,n,w,3
Θ,eta9,zeta9,none,none,pro,cw,,cw,0,ne,se,static,noRotation,,static,0,n,n,3
Σ-,eta9,eta5,none,none,pro,cw,,cw,0,ne,se,dash,noRotation,,dash,0,n,s,3
P,eta9,zeta3,none,opp,pro,ccw,,ccw,0,ne,nw,pro,cw,,cw,0,n,e,3
S,eta9,eta15,none,same,pro,ccw,,ccw,0,ne,nw,pro,ccw,,ccw,0,n,w,3
R,eta9,zeta3,none,opp,pro,ccw,,ccw,0,ne,nw,anti,ccw,,cw,0,n,e,3
V,eta9,eta15,none,same,pro,ccw,,ccw,0,ne,nw,anti,cw,,ccw,0,n,w,3
Y,eta9,eta1,none,none,pro,ccw,,ccw,0,ne,nw,static,noRotation,,static,0,n,n,3
W-,eta9,zeta13,none,none,pro,ccw,,ccw,0,ne,nw,dash,noRotation,,dash,0,n,s,3
V,eta9,eta11,none,same,anti,ccw,,cw,0,ne,se,pro,cw,,cw,0,n,e,3
O,eta9,zeta7,none,opp,anti,ccw,,cw,0,ne,se,pro,ccw,,ccw,0,n,w,3
T,eta9,eta11,none,same,anti,ccw,,cw,0,ne,se,anti,ccw,,cw,0,n,e,3
N,eta9,zeta7,none,opp,anti,ccw,,cw,0,ne,se,anti,cw,,ccw,0,n,w,3
Ω,eta9,zeta9,none,none,anti,ccw,,cw,0,ne,se,static,noRotation,,static,0,n,n,3
Δ-,eta9,eta5,none,none,anti,ccw,,cw,0,ne,se,dash,noRotation,,dash,0,n,s,3
R,eta9,zeta3,none,opp,anti,cw,,ccw,0,ne,nw,pro,cw,,cw,0,n,e,3
U,eta9,eta15,none,same,anti,cw,,ccw,0,ne,nw,pro,ccw,,ccw,0,n,w,3
Q,eta9,zeta3,none,opp,anti,cw,,ccw,0,ne,nw,anti,ccw,,cw,0,n,e,3
T,eta9,eta15,none,same,anti,cw,,ccw,0,ne,nw,anti,cw,,ccw,0,n,w,3
Z,eta9,eta1,none,none,anti,cw,,ccw,0,ne,nw,static,noRotation,,static,0,n,n,3
X-,eta9,zeta13,none,none,anti,cw,,ccw,0,ne,nw,dash,noRotation,,dash,0,n,s,3
Y,eta9,eta3,none,none,static,noRotation,,static,0,ne,ne,pro,cw,,cw,0,n,e,3
Θ,eta9,zeta15,none,none,static,noRotation,,static,0,ne,ne,pro,ccw,,ccw,0,n,w,3
Z,eta9,eta3,none,none,static,noRotation,,static,0,ne,ne,anti,ccw,,cw,0,n,e,3
Ω,eta9,zeta15,none,none,static,noRotation,,static,0,ne,ne,anti,cw,,ccw,0,n,w,3
η,eta9,eta9,none,none,static,noRotation,,static,0,ne,ne,static,noRotation,,static,0,n,n,3
Φ,eta9,zeta5,none,none,static,noRotation,,static,0,ne,ne,dash,noRotation,,dash,0,n,s,3
W-,eta9,zeta11,none,none,dash,noRotation,,dash,0,ne,sw,pro,cw,,cw,0,n,e,3
Σ-,eta9,eta7,none,none,dash,noRotation,,dash,0,ne,sw,pro,ccw,,ccw,0,n,w,3
X-,eta9,zeta11,none,none,dash,noRotation,,dash,0,ne,sw,anti,ccw,,cw,0,n,e,3
Δ-,eta9,eta7,none,none,dash,noRotation,,dash,0,ne,sw,anti,cw,,ccw,0,n,w,3
Φ,eta9,zeta1,none,none,dash,noRotation,,dash,0,ne,sw,static,noRotation,,static,0,n,n,3
Ψ-,eta9,eta13,none,none,dash,noRotation,,dash,0,ne,sw,dash,noRotation,,dash,0,n,s,3
S,eta3,eta5,none,same,pro,cw,,cw,0,ne,se,pro,cw,,cw,0,e,s,3
P,eta3,zeta9,none,opp,pro,cw,,cw,0,ne,se,pro,ccw,,ccw,0,e,n,3
V,eta3,eta5,none,same,pro,cw,,cw,0,ne,se,anti,ccw,,cw,0,e,s,3
R,eta3,zeta9,none,opp,pro,cw,,cw,0,ne,se,anti,cw,,ccw,0,e,n,3
Y,eta3,eta11,none,none,pro,cw,,cw,0,ne,se,static,noRotation,,static,0,e,e,3
W-,eta3,zeta7,none,none,pro,cw,,cw,0,ne,se,dash,noRotation,,dash,0,e,w,3
M,eta3,zeta13,none,opp,pro,ccw,,ccw,0,ne,nw,pro,cw,,cw,0,e,s,3
S,eta3,eta1,none,same,pro,ccw,,ccw,0,ne,nw,pro,ccw,,ccw,0,e,n,3
O,eta3,zeta13,none,opp,pro,ccw,,ccw,0,ne,nw,anti,ccw,,cw,0,e,s,3
U,eta3,eta1,none,same,pro,ccw,,ccw,0,ne,nw,anti,cw,,ccw,0,e,n,3
Θ,eta3,zeta3,none,none,pro,ccw,,ccw,0,ne,nw,static,noRotation,,static,0,e,e,3
Σ-,eta3,eta15,none,none,pro,ccw,,ccw,0,ne,nw,dash,noRotation,,dash,0,e,w,3
U,eta3,eta5,none,same,anti,ccw,,cw,0,ne,se,pro,cw,,cw,0,e,s,3
R,eta3,zeta9,none,opp,anti,ccw,,cw,0,ne,se,pro,ccw,,ccw,0,e,n,3
T,eta3,eta5,none,same,anti,ccw,,cw,0,ne,se,anti,ccw,,cw,0,e,s,3
Q,eta3,zeta9,none,opp,anti,ccw,,cw,0,ne,se,anti,cw,,ccw,0,e,n,3
Z,eta3,eta11,none,none,anti,ccw,,cw,0,ne,se,static,noRotation,,static,0,e,e,3
X-,eta3,zeta7,none,none,anti,ccw,,cw,0,ne,se,dash,noRotation,,dash,0,e,w,3
O,eta3,zeta13,none,opp,anti,cw,,ccw,0,ne,nw,pro,cw,,cw,0,e,s,3
V,eta3,eta1,none,same,anti,cw,,ccw,0,ne,nw,pro,ccw,,ccw,0,e,n,3
N,eta3,zeta13,none,opp,anti,cw,,ccw,0,ne,nw,anti,ccw,,cw,0,e,s,3
T,eta3,eta1,none,same,anti,cw,,ccw,0,ne,nw,anti,cw,,ccw,0,e,n,3
Ω,eta3,zeta3,none,none,anti,cw,,ccw,0,ne,nw,static,noRotation,,static,0,e,e,3
Δ-,eta3,eta15,none,none,anti,cw,,ccw,0,ne,nw,dash,noRotation,,dash,0,e,w,3
Θ,eta3,zeta5,none,none,static,noRotation,,static,0,ne,ne,pro,cw,,cw,0,e,s,3
Y,eta3,eta9,none,none,static,noRotation,,static,0,ne,ne,pro,ccw,,ccw,0,e,n,3
Ω,eta3,zeta5,none,none,static,noRotation,,static,0,ne,ne,anti,ccw,,cw,0,e,s,3
Z,eta3,eta9,none,none,static,noRotation,,static,0,ne,ne,anti,cw,,ccw,0,e,n,3
η,eta3,eta3,none,none,static,noRotation,,static,0,ne,ne,static,noRotation,,static,0,e,e,3
Φ,eta3,zeta15,none,none,static,noRotation,,static,0,ne,ne,dash,noRotation,,dash,0,e,w,3
Σ-,eta3,eta13,none,none,dash,noRotation,,dash,0,ne,sw,pro,cw,,cw,0,e,s,3
W-,eta3,zeta1,none,none,dash,noRotation,,dash,0,ne,sw,pro,ccw,,ccw,0,e,n,3
Δ-,eta3,eta13,none,none,dash,noRotation,,dash,0,ne,sw,anti,ccw,,cw,0,e,s,3
X-,eta3,zeta1,none,none,dash,noRotation,,dash,0,ne,sw,anti,cw,,ccw,0,e,n,3
Φ,eta3,zeta11,none,none,dash,noRotation,,dash,0,ne,sw,static,noRotation,,static,0,e,e,3
Ψ-,eta3,eta7,none,none,dash,noRotation,,dash,0,ne,sw,dash,noRotation,,dash,0,e,w,3
S,zeta5,zeta7,none,same,pro,cw,,cw,0,ne,se,pro,cw,,cw,0,s,w,3
P,zeta5,eta11,none,opp,pro,cw,,cw,0,ne,se,pro,ccw,,ccw,0,s,e,3
V,zeta5,zeta7,none,same,pro,cw,,cw,0,ne,se,anti,ccw,,cw,0,s,w,3
R,zeta5,eta11,none,opp,pro,cw,,cw,0,ne,se,anti,cw,,ccw,0,s,e,3
Σ,zeta5,eta5,none,none,pro,cw,,cw,0,ne,se,static,noRotation,,static,0,s,s,3
Θ-,zeta5,zeta9,none,none,pro,cw,,cw,0,ne,se,dash,noRotation,,dash,0,s,n,3
M,zeta5,eta15,none,opp,pro,ccw,,ccw,0,ne,nw,pro,cw,,cw,0,s,w,3
S,zeta5,zeta3,none,same,pro,ccw,,ccw,0,ne,nw,pro,ccw,,ccw,0,s,e,3
O,zeta5,eta15,none,opp,pro,ccw,,ccw,0,ne,nw,anti,ccw,,cw,0,s,w,3
U,zeta5,zeta3,none,same,pro,ccw,,ccw,0,ne,nw,anti,cw,,ccw,0,s,e,3
W,zeta5,zeta13,none,none,pro,ccw,,ccw,0,ne,nw,static,noRotation,,static,0,s,s,3
Y-,zeta5,eta1,none,none,pro,ccw,,ccw,0,ne,nw,dash,noRotation,,dash,0,s,n,3
U,zeta5,zeta7,none,same,anti,ccw,,cw,0,ne,se,pro,cw,,cw,0,s,w,3
R,zeta5,eta11,none,opp,anti,ccw,,cw,0,ne,se,pro,ccw,,ccw,0,s,e,3
T,zeta5,zeta7,none,same,anti,ccw,,cw,0,ne,se,anti,ccw,,cw,0,s,w,3
Q,zeta5,eta11,none,opp,anti,ccw,,cw,0,ne,se,anti,cw,,ccw,0,s,e,3
Δ,zeta5,eta5,none,none,anti,ccw,,cw,0,ne,se,static,noRotation,,static,0,s,s,3
Ω-,zeta5,zeta9,none,none,anti,ccw,,cw,0,ne,se,dash,noRotation,,dash,0,s,n,3
O,zeta5,eta15,none,opp,anti,cw,,ccw,0,ne,nw,pro,cw,,cw,0,s,w,3
V,zeta5,zeta3,none,same,anti,cw,,ccw,0,ne,nw,pro,ccw,,ccw,0,s,e,3
N,zeta5,eta15,none,opp,anti,cw,,ccw,0,ne,nw,anti,ccw,,cw,0,s,w,3
T,zeta5,zeta3,none,same,anti,cw,,ccw,0,ne,nw,anti,cw,,ccw,0,s,e,3
X,zeta5,zeta13,none,none,anti,cw,,ccw,0,ne,nw,static,noRotation,,static,0,s,s,3
Z-,zeta5,eta1,none,none,anti,cw,,ccw,0,ne,nw,dash,noRotation,,dash,0,s,n,3
W,zeta5,zeta15,none,none,static,noRotation,,static,0,ne,ne,pro,cw,,cw,0,s,w,3
Σ,zeta5,eta3,none,none,static,noRotation,,static,0,ne,ne,pro,ccw,,ccw,0,s,e,3
X,zeta5,zeta15,none,none,static,noRotation,,static,0,ne,ne,anti,ccw,,cw,0,s,w,3
Δ,zeta5,eta3,none,none,static,noRotation,,static,0,ne,ne,anti,cw,,ccw,0,s,e,3
ζ,zeta5,zeta5,none,none,static,noRotation,,static,0,ne,ne,static,noRotation,,static,0,s,s,3
Ψ,zeta5,eta9,none,none,static,noRotation,,static,0,ne,ne,dash,noRotation,,dash,0,s,n,3
Y-,zeta5,eta7,none,none,dash,noRotation,,dash,0,ne,sw,pro,cw,,cw,0,s,w,3
Θ-,zeta5,zeta11,none,none,dash,noRotation,,dash,0,ne,sw,pro,ccw,,ccw,0,s,e,3
Z-,zeta5,eta7,none,none,dash,noRotation,,dash,0,ne,sw,anti,ccw,,cw,0,s,w,3
Ω-,zeta5,zeta11,none,none,dash,noRotation,,dash,0,ne,sw,anti,cw,,ccw,0,s,e,3
Ψ,zeta5,eta13,none,none,dash,noRotation,,dash,0,ne,sw,static,noRotation,,static,0,s,s,3
Φ-,zeta5,zeta1,none,none,dash,noRotation,,dash,0,ne,sw,dash,noRotation,,dash,0,s,n,3
S,zeta15,zeta9,none,same,pro,cw,,cw,0,ne,se,pro,cw,,cw,0,w,n,3
M,zeta15,eta5,none,opp,pro,cw,,cw,0,ne,se,pro,ccw,,ccw,0,w,s,3
U,zeta15,zeta9,none,same,pro,cw,,cw,0,ne,se,anti,ccw,,cw,0,w,n,3
O,zeta15,eta5,none,opp,pro,cw,,cw,0,ne,se,anti,cw,,ccw,0,w,s,3
W,zeta15,zeta7,none,none,pro,cw,,cw,0,ne,se,static,noRotation,,static,0,w,w,3
Y-,zeta15,eta11,none,none,pro,cw,,cw,0,ne,se,dash,noRotation,,dash,0,w,e,3
P,zeta15,eta1,none,opp,pro,ccw,,ccw,0,ne,nw,pro,cw,,cw,0,w,n,3
S,zeta15,zeta13,none,same,pro,ccw,,ccw,0,ne,nw,pro,ccw,,ccw,0,w,s,3
R,zeta15,eta1,none,opp,pro,ccw,,ccw,0,ne,nw,anti,ccw,,cw,0,w,n,3
V,zeta15,zeta13,none,same,pro,ccw,,ccw,0,ne,nw,anti,cw,,ccw,0,w,s,3
Σ,zeta15,eta15,none,none,pro,ccw,,ccw,0,ne,nw,static,noRotation,,static,0,w,w,3
Θ-,zeta15,zeta3,none,none,pro,ccw,,ccw,0,ne,nw,dash,noRotation,,dash,0,w,e,3
V,zeta15,zeta9,none,same,anti,ccw,,cw,0,ne,se,pro,cw,,cw,0,w,n,3
O,zeta15,eta5,none,opp,anti,ccw,,cw,0,ne,se,pro,ccw,,ccw,0,w,s,3
T,zeta15,zeta9,none,same,anti,ccw,,cw,0,ne,se,anti,ccw,,cw,0,w,n,3
N,zeta15,eta5,none,opp,anti,ccw,,cw,0,ne,se,anti,cw,,ccw,0,w,s,3
X,zeta15,zeta7,none,none,anti,ccw,,cw,0,ne,se,static,noRotation,,static,0,w,w,3
Z-,zeta15,eta11,none,none,anti,ccw,,cw,0,ne,se,dash,noRotation,,dash,0,w,e,3
R,zeta15,eta1,none,opp,anti,cw,,ccw,0,ne,nw,pro,cw,,cw,0,w,n,3
U,zeta15,zeta13,none,same,anti,cw,,ccw,0,ne,nw,pro,ccw,,ccw,0,w,s,3
Q,zeta15,eta1,none,opp,anti,cw,,ccw,0,ne,nw,anti,ccw,,cw,0,w,n,3
T,zeta15,zeta13,none,same,anti,cw,,ccw,0,ne,nw,anti,cw,,ccw,0,w,s,3
Δ,zeta15,eta15,none,none,anti,cw,,ccw,0,ne,nw,static,noRotation,,static,0,w,w,3
Ω-,zeta15,zeta3,none,none,anti,cw,,ccw,0,ne,nw,dash,noRotation,,dash,0,w,e,3
Σ,zeta15,eta9,none,none,static,noRotation,,static,0,ne,ne,pro,cw,,cw,0,w,n,3
W,zeta15,zeta5,none,none,static,noRotation,,static,0,ne,ne,pro,ccw,,ccw,0,w,s,3
Δ,zeta15,eta9,none,none,static,noRotation,,static,0,ne,ne,anti,ccw,,cw,0,w,n,3
X,zeta15,zeta5,none,none,static,noRotation,,static,0,ne,ne,anti,cw,,ccw,0,w,s,3
ζ,zeta15,zeta15,none,none,static,noRotation,,static,0,ne,ne,static,noRotation,,static,0,w,w,3
Ψ,zeta15,eta3,none,none,static,noRotation,,static,0,ne,ne,dash,noRotation,,dash,0,w,e,3
Θ-,zeta15,zeta1,none,none,dash,noRotation,,dash,0,ne,sw,pro,cw,,cw,0,w,n,3
Y-,zeta15,eta13,none,none,dash,noRotation,,dash,0,ne,sw,pro,ccw,,ccw,0,w,s,3
Ω-,zeta15,zeta1,none,none,dash,noRotation,,dash,0,ne,sw,anti,ccw,,cw,0,w,n,3
Z-,zeta15,eta13,none,none,dash,noRotation,,dash,0,ne,sw,anti,cw,,ccw,0,w,s,3
Ψ,zeta15,eta7,none,none,dash,noRotation,,dash,0,ne,sw,static,noRotation,,static,0,w,w,3
Φ-,zeta15,zeta11,none,none,dash,noRotation,,dash,0,ne,sw,dash,noRotation,,dash,0,w,e,3
S,eta10,eta12,none,same,pro,cw,,cw,0,e,s,pro,cw,,cw,0,ne,se,3
M,eta10,zeta8,none,opp,pro,cw,,cw,0,e,s,pro,ccw,,ccw,0,ne,nw,3
U,eta10,eta12,none,same,pro,cw,,cw,0,e,s,anti,ccw,,cw,0,ne,se,3
O,eta10,zeta8,none,opp,pro,cw,,cw,0,e,s,anti,cw,,ccw,0,ne,nw,3
Θ,eta10,zeta10,none,none,pro,cw,,cw,0,e,s,static,noRotation,,static,0,ne,ne,3
Σ-,eta10,eta6,none,none,pro,cw,,cw,0,e,s,dash,noRotation,,dash,0,ne,sw,3
P,eta10,zeta4,none,opp,pro,ccw,,ccw,0,e,n,pro,cw,,cw,0,ne,se,3
S,eta10,eta16,none,same,pro,ccw,,ccw,0,e,n,pro,ccw,,ccw,0,ne,nw,3
R,eta10,zeta4,none,opp,pro,ccw,,ccw,0,e,n,anti,ccw,,cw,0,ne,se,3
V,eta10,eta16,none,same,pro,ccw,,ccw,0,e,n,anti,cw,,ccw,0,ne,nw,3
Y,eta10,eta2,none,none,pro,ccw,,ccw,0,e,n,static,noRotation,,static,0,ne,ne,3
W-,eta10,zeta14,none,none,pro,ccw,,ccw,0,e,n,dash,noRotation,,dash,0,ne,sw,3
V,eta10,eta12,none,same,anti,ccw,,cw,0,e,s,pro,cw,,cw,0,ne,se,3
O,eta10,zeta8,none,opp,anti,ccw,,cw,0,e,s,pro,ccw,,ccw,0,ne,nw,3
T,eta10,eta12,none,same,anti,ccw,,cw,0,e,s,anti,ccw,,cw,0,ne,se,3
N,eta10,zeta8,none,opp,anti,ccw,,cw,0,e,s,anti,cw,,ccw,0,ne,nw,3
Ω,eta10,zeta10,none,none,anti,ccw,,cw,0,e,s,static,noRotation,,static,0,ne,ne,3
Δ-,eta10,eta6,none,none,anti,ccw,,cw,0,e,s,dash,noRotation,,dash,0,ne,sw,3
R,eta10,zeta4,none,opp,anti,cw,,ccw,0,e,n,pro,cw,,cw,0,ne,se,3
U,eta10,eta16,none,same,anti,cw,,ccw,0,e,n,pro,ccw,,ccw,0,ne,nw,3
Q,eta10,zeta4,none,opp,anti,cw,,ccw,0,e,n,anti,ccw,,cw,0,ne,se,3
T,eta10,eta16,none,same,anti,cw,,ccw,0,e,n,anti,cw,,ccw,0,ne,nw,3
Z,eta10,eta2,none,none,anti,cw,,ccw,0,e,n,static,noRotation,,static,0,ne,ne,3
X-,eta10,zeta14,none,none,anti,cw,,ccw,0,e,n,dash,noRotation,,dash,0,ne,sw,3
Y,eta10,eta4,none,none,static,noRotation,,static,0,e,e,pro,cw,,cw,0,ne,se,3
Θ,eta10,zeta16,none,none,static,noRotation,,static,0,e,e,pro,ccw,,ccw,0,ne,nw,3
Z,eta10,eta4,none,none,static,noRotation,,static,0,e,e,anti,ccw,,cw,0,ne,se,3
Ω,eta10,zeta16,none,none,static,noRotation,,static,0,e,e,anti,cw,,ccw,0,ne,nw,3
η,eta10,eta10,none,none,static,noRotation,,static,0,e,e,static,noRotation,,static,0,ne,ne,3
Φ,eta10,zeta6,none,none,static,noRotation,,static,0,e,e,dash,noRotation,,dash,0,ne,sw,3
W-,eta10,zeta12,none,none,dash,noRotation,,dash,0,e,w,pro,cw,,cw,0,ne,se,3
Σ-,eta10,eta8,none,none,dash,noRotation,,dash,0,e,w,pro,ccw,,ccw,0,ne,nw,3
X-,eta10,zeta12,none,none,dash,noRotation,,dash,0,e,w,anti,ccw,,cw,0,ne,se,3
Δ-,eta10,eta8,none,none,dash,noRotation,,dash,0,e,w,anti,cw,,ccw,0,ne,nw,3
Φ,eta10,zeta2,none,none,dash,noRotation,,dash,0,e,w,static,noRotation,,static,0,ne,ne,3
Ψ-,eta10,eta14,none,none,dash,noRotation,,dash,0,e,w,dash,noRotation,,dash,0,ne,sw,3
S,eta4,eta6,none,same,pro,cw,,cw,0,e,s,pro,cw,,cw,0,se,sw,3
P,eta4,zeta10,none,opp,pro,cw,,cw,0,e,s,pro,ccw,,ccw,0,se,ne,3
V,eta4,eta6,none,same,pro,cw,,cw,0,e,s,anti,ccw,,cw,0,se,sw,3
R,eta4,zeta10,none,opp,pro,cw,,cw,0,e,s,anti,cw,,ccw,0,se,ne,3
Y,eta4,eta12,none,none,pro,cw,,cw,0,e,s,static,noRotation,,static,0,se,se,3
W-,eta4,zeta8,none,none,pro,cw,,cw,0,e,s,dash,noRotation,,dash,0,se,nw,3
M,eta4,zeta14,none,opp,pro,ccw,,ccw,0,e,n,pro,cw,,cw,0,se,sw,3
S,eta4,eta2,none,same,pro,ccw,,ccw,0,e,n,pro,ccw,,ccw,0,se,ne,3
O,eta4,zeta14,none,opp,pro,ccw,,ccw,0,e,n,anti,ccw,,cw,0,se,sw,3
U,eta4,eta2,none,same,pro,ccw,,ccw,0,e,n,anti,cw,,ccw,0,se,ne,3
Θ,eta4,zeta4,none,none,pro,ccw,,ccw,0,e,n,static,noRotation,,static,0,se,se,3
Σ-,eta4,eta16,none,none,pro,ccw,,ccw,0,e,n,dash,noRotation,,dash,0,se,nw,3
U,eta4,eta6,none,same,anti,ccw,,cw,0,e,s,pro,cw,,cw,0,se,sw,3
R,eta4,zeta10,none,opp,anti,ccw,,cw,0,e,s,pro,ccw,,ccw,0,se,ne,3
T,eta4,eta6,none,same,anti,ccw,,cw,0,e,s,anti,ccw,,cw,0,se,sw,3
Q,eta4,zeta10,none,opp,anti,ccw,,cw,0,e,s,anti,cw,,ccw,0,se,ne,3
Z,eta4,eta12,none,none,anti,ccw,,cw,0,e,s,static,noRotation,,static,0,se,se,3
X-,eta4,zeta8,none,none,anti,ccw,,cw,0,e,s,dash,noRotation,,dash,0,se,nw,3
O,eta4,zeta14,none,opp,anti,cw,,ccw,0,e,n,pro,cw,,cw,0,se,sw,3
V,eta4,eta2,none,same,anti,cw,,ccw,0,e,n,pro,ccw,,ccw,0,se,ne,3
N,eta4,zeta14,none,opp,anti,cw,,ccw,0,e,n,anti,ccw,,cw,0,se,sw,3
T,eta4,eta2,none,same,anti,cw,,ccw,0,e,n,anti,cw,,ccw,0,se,ne,3
Ω,eta4,zeta4,none,none,anti,cw,,ccw,0,e,n,static,noRotation,,static,0,se,se,3
Δ-,eta4,eta16,none,none,anti,cw,,ccw,0,e,n,dash,noRotation,,dash,0,se,nw,3
Θ,eta4,zeta6,none,none,static,noRotation,,static,0,e,e,pro,cw,,cw,0,se,sw,3
Y,eta4,eta10,none,none,static,noRotation,,static,0,e,e,pro,ccw,,ccw,0,se,ne,3
Ω,eta4,zeta6,none,none,static,noRotation,,static,0,e,e,anti,ccw,,cw,0,se,sw,3
Z,eta4,eta10,none,none,static,noRotation,,static,0,e,e,anti,cw,,ccw,0,se,ne,3
η,eta4,eta4,none,none,static,noRotation,,static,0,e,e,static,noRotation,,static,0,se,se,3
Φ,eta4,zeta16,none,none,static,noRotation,,static,0,e,e,dash,noRotation,,dash,0,se,nw,3
Σ-,eta4,eta14,none,none,dash,noRotation,,dash,0,e,w,pro,cw,,cw,0,se,sw,3
W-,eta4,zeta2,none,none,dash,noRotation,,dash,0,e,w,pro,ccw,,ccw,0,se,ne,3
Δ-,eta4,eta14,none,none,dash,noRotation,,dash,0,e,w,anti,ccw,,cw,0,se,sw,3
X-,eta4,zeta2,none,none,dash,noRotation,,dash,0,e,w,anti,cw,,ccw,0,se,ne,3
Φ,eta4,zeta12,none,none,dash,noRotation,,dash,0,e,w,static,noRotation,,static,0,se,se,3
Ψ-,eta4,eta8,none,none,dash,noRotation,,dash,0,e,w,dash,noRotation,,dash,0,se,nw,3
S,zeta6,zeta8,none,same,pro,cw,,cw,0,e,s,pro,cw,,cw,0,sw,nw,3
P,zeta6,eta12,none,opp,pro,cw,,cw,0,e,s,pro,ccw,,ccw,0,sw,se,3
V,zeta6,zeta8,none,same,pro,cw,,cw,0,e,s,anti,ccw,,cw,0,sw,nw,3
R,zeta6,eta12,none,opp,pro,cw,,cw,0,e,s,anti,cw,,ccw,0,sw,se,3
Σ,zeta6,eta6,none,none,pro,cw,,cw,0,e,s,static,noRotation,,static,0,sw,sw,3
Θ-,zeta6,zeta10,none,none,pro,cw,,cw,0,e,s,dash,noRotation,,dash,0,sw,ne,3
M,zeta6,eta16,none,opp,pro,ccw,,ccw,0,e,n,pro,cw,,cw,0,sw,nw,3
S,zeta6,zeta4,none,same,pro,ccw,,ccw,0,e,n,pro,ccw,,ccw,0,sw,se,3
O,zeta6,eta16,none,opp,pro,ccw,,ccw,0,e,n,anti,ccw,,cw,0,sw,nw,3
U,zeta6,zeta4,none,same,pro,ccw,,ccw,0,e,n,anti,cw,,ccw,0,sw,se,3
W,zeta6,zeta14,none,none,pro,ccw,,ccw,0,e,n,static,noRotation,,static,0,sw,sw,3
Y-,zeta6,eta2,none,none,pro,ccw,,ccw,0,e,n,dash,noRotation,,dash,0,sw,ne,3
U,zeta6,zeta8,none,same,anti,ccw,,cw,0,e,s,pro,cw,,cw,0,sw,nw,3
R,zeta6,eta12,none,opp,anti,ccw,,cw,0,e,s,pro,ccw,,ccw,0,sw,se,3
T,zeta6,zeta8,none,same,anti,ccw,,cw,0,e,s,anti,ccw,,cw,0,sw,nw,3
Q,zeta6,eta12,none,opp,anti,ccw,,cw,0,e,s,anti,cw,,ccw,0,sw,se,3
Δ,zeta6,eta6,none,none,anti,ccw,,cw,0,e,s,static,noRotation,,static,0,sw,sw,3
Ω-,zeta6,zeta10,none,none,anti,ccw,,cw,0,e,s,dash,noRotation,,dash,0,sw,ne,3
O,zeta6,eta16,none,opp,anti,cw,,ccw,0,e,n,pro,cw,,cw,0,sw,nw,3
V,zeta6,zeta4,none,same,anti,cw,,ccw,0,e,n,pro,ccw,,ccw,0,sw,se,3
N,zeta6,eta16,none,opp,anti,cw,,ccw,0,e,n,anti,ccw,,cw,0,sw,nw,3
T,zeta6,zeta4,none,same,anti,cw,,ccw,0,e,n,anti,cw,,ccw,0,sw,se,3
X,zeta6,zeta14,none,none,anti,cw,,ccw,0,e,n,static,noRotation,,static,0,sw,sw,3
Z-,zeta6,eta2,none,none,anti,cw,,ccw,0,e,n,dash,noRotation,,dash,0,sw,ne,3
W,zeta6,zeta16,none,none,static,noRotation,,static,0,e,e,pro,cw,,cw,0,sw,nw,3
Σ,zeta6,eta4,none,none,static,noRotation,,static,0,e,e,pro,ccw,,ccw,0,sw,se,3
X,zeta6,zeta16,none,none,static,noRotation,,static,0,e,e,anti,ccw,,cw,0,sw,nw,3
Δ,zeta6,eta4,none,none,static,noRotation,,static,0,e,e,anti,cw,,ccw,0,sw,se,3
ζ,zeta6,zeta6,none,none,static,noRotation,,static,0,e,e,static,noRotation,,static,0,sw,sw,3
Ψ,zeta6,eta10,none,none,static,noRotation,,static,0,e,e,dash,noRotation,,dash,0,sw,ne,3
Y-,zeta6,eta8,none,none,dash,noRotation,,dash,0,e,w,pro,cw,,cw,0,sw,nw,3
Θ-,zeta6,zeta12,none,none,dash,noRotation,,dash,0,e,w,pro,ccw,,ccw,0,sw,se,3
Z-,zeta6,eta8,none,none,dash,noRotation,,dash,0,e,w,anti,ccw,,cw,0,sw,nw,3
Ω-,zeta6,zeta12,none,none,dash,noRotation,,dash,0,e,w,anti,cw,,ccw,0,sw,se,3
Ψ,zeta6,eta14,none,none,dash,noRotation,,dash,0,e,w,static,noRotation,,static,0,sw,sw,3
Φ-,zeta6,zeta2,none,none,dash,noRotation,,dash,0,e,w,dash,noRotation,,dash,0,sw,ne,3
S,zeta16,zeta10,none,same,pro,cw,,cw,0,e,s,pro,cw,,cw,0,nw,ne,3
M,zeta16,eta6,none,opp,pro,cw,,cw,0,e,s,pro,ccw,,ccw,0,nw,sw,3
U,zeta16,zeta10,none,same,pro,cw,,cw,0,e,s,anti,ccw,,cw,0,nw,ne,3
O,zeta16,eta6,none,opp,pro,cw,,cw,0,e,s,anti,cw,,ccw,0,nw,sw,3
W,zeta16,zeta8,none,none,pro,cw,,cw,0,e,s,static,noRotation,,static,0,nw,nw,3
Y-,zeta16,eta12,none,none,pro,cw,,cw,0,e,s,dash,noRotation,,dash,0,nw,se,3
P,zeta16,eta2,none,opp,pro,ccw,,ccw,0,e,n,pro,cw,,cw,0,nw,ne,3
S,zeta16,zeta14,none,same,pro,ccw,,ccw,0,e,n,pro,ccw,,ccw,0,nw,sw,3
R,zeta16,eta2,none,opp,pro,ccw,,ccw,0,e,n,anti,ccw,,cw,0,nw,ne,3
V,zeta16,zeta14,none,same,pro,ccw,,ccw,0,e,n,anti,cw,,ccw,0,nw,sw,3
Σ,zeta16,eta16,none,none,pro,ccw,,ccw,0,e,n,static,noRotation,,static,0,nw,nw,3
Θ-,zeta16,zeta4,none,none,pro,ccw,,ccw,0,e,n,dash,noRotation,,dash,0,nw,se,3
V,zeta16,zeta10,none,same,anti,ccw,,cw,0,e,s,pro,cw,,cw,0,nw,ne,3
O,zeta16,eta6,none,opp,anti,ccw,,cw,0,e,s,pro,ccw,,ccw,0,nw,sw,3
T,zeta16,zeta10,none,same,anti,ccw,,cw,0,e,s,anti,ccw,,cw,0,nw,ne,3
N,zeta16,eta6,none,opp,anti,ccw,,cw,0,e,s,anti,cw,,ccw,0,nw,sw,3
X,zeta16,zeta8,none,none,anti,ccw,,cw,0,e,s,static,noRotation,,static,0,nw,nw,3
Z-,zeta16,eta12,none,none,anti,ccw,,cw,0,e,s,dash,noRotation,,dash,0,nw,se,3
R,zeta16,eta2,none,opp,anti,cw,,ccw,0,e,n,pro,cw,,cw,0,nw,ne,3
U,zeta16,zeta14,none,same,anti,cw,,ccw,0,e,n,pro,ccw,,ccw,0,nw,sw,3
Q,zeta16,eta2,none,opp,anti,cw,,ccw,0,e,n,anti,ccw,,cw,0,nw,ne,3
T,zeta16,zeta14,none,same,anti,cw,,ccw,0,e,n,anti,cw,,ccw,0,nw,sw,3
Δ,zeta16,eta16,none,none,anti,cw,,ccw,0,e,n,static,noRotation,,static,0,nw,nw,3
Ω-,zeta16,zeta4,none,none,anti,cw,,ccw,0,e,n,dash,noRotation,,dash,0,nw,se,3
Σ,zeta16,eta10,none,none,static,noRotation,,static,0,e,e,pro,cw,,cw,0,nw,ne,3
W,zeta16,zeta6,none,none,static,noRotation,,static,0,e,e,pro,ccw,,ccw,0,nw,sw,3
Δ,zeta16,eta10,none,none,static,noRotation,,static,0,e,e,anti,ccw,,cw,0,nw,ne,3
X,zeta16,zeta6,none,none,static,noRotation,,static,0,e,e,anti,cw,,ccw,0,nw,sw,3
ζ,zeta16,zeta16,none,none,static,noRotation,,static,0,e,e,static,noRotation,,static,0,nw,nw,3
Ψ,zeta16,eta4,none,none,static,noRotation,,static,0,e,e,dash,noRotation,,dash,0,nw,se,3
Θ-,zeta16,zeta2,none,none,dash,noRotation,,dash,0,e,w,pro,cw,,cw,0,nw,ne,3
Y-,zeta16,eta14,none,none,dash,noRotation,,dash,0,e,w,pro,ccw,,ccw,0,nw,sw,3
Ω-,zeta16,zeta2,none,none,dash,noRotation,,dash,0,e,w,anti,ccw,,cw,0,nw,ne,3
Z-,zeta16,eta14,none,none,dash,noRotation,,dash,0,e,w,anti,cw,,ccw,0,nw,sw,3
Ψ,zeta16,eta8,none,none,dash,noRotation,,dash,0,e,w,static,noRotation,,static,0,nw,nw,3
Φ-,zeta16,zeta12,none,none,dash,noRotation,,dash,0,e,w,dash,noRotation,,dash,0,nw,se,3
S,zeta9,zeta11,none,same,pro,cw,,cw,0,se,sw,pro,cw,,cw,0,n,e,3
M,zeta9,eta7,none,opp,pro,cw,,cw,0,se,sw,pro,ccw,,ccw,0,n,w,3
U,zeta9,zeta11,none,same,pro,cw,,cw,0,se,sw,anti,ccw,,cw,0,n,e,3
O,zeta9,eta7,none,opp,pro,cw,,cw,0,se,sw,anti,cw,,ccw,0,n,w,3
W,zeta9,zeta1,none,none,pro,cw,,cw,0,se,sw,static,noRotation,,static,0,n,n,3
Y-,zeta9,eta13,none,none,pro,cw,,cw,0,se,sw,dash,noRotation,,dash,0,n,s,3
P,zeta9,eta3,none,opp,pro,ccw,,ccw,0,se,ne,pro,cw,,cw,0,n,e,3
S,zeta9,zeta15,none,same,pro,ccw,,ccw,0,se,ne,pro,ccw,,ccw,0,n,w,3
R,zeta9,eta3,none,opp,pro,ccw,,ccw,0,se,ne,anti,ccw,,cw,0,n,e,3
V,zeta9,zeta15,none,same,pro,ccw,,ccw,0,se,ne,anti,cw,,ccw,0,n,w,3
Σ,zeta9,eta9,none,none,pro,ccw,,ccw,0,se,ne,static,noRotation,,static,0,n,n,3
Θ-,zeta9,zeta5,none,none,pro,ccw,,ccw,0,se,ne,dash,noRotation,,dash,0,n,s,3
V,zeta9,zeta11,none,same,anti,ccw,,cw,0,se,sw,pro,cw,,cw,0,n,e,3
O,zeta9,eta7,none,opp,anti,ccw,,cw,0,se,sw,pro,ccw,,ccw,0,n,w,3
T,zeta9,zeta11,none,same,anti,ccw,,cw,0,se,sw,anti,ccw,,cw,0,n,e,3
N,zeta9,eta7,none,opp,anti,ccw,,cw,0,se,sw,anti,cw,,ccw,0,n,w,3
X,zeta9,zeta1,none,none,anti,ccw,,cw,0,se,sw,static,noRotation,,static,0,n,n,3
Z-,zeta9,eta13,none,none,anti,ccw,,cw,0,se,sw,dash,noRotation,,dash,0,n,s,3
R,zeta9,eta3,none,opp,anti,cw,,ccw,0,se,ne,pro,cw,,cw,0,n,e,3
U,zeta9,zeta15,none,same,anti,cw,,ccw,0,se,ne,pro,ccw,,ccw,0,n,w,3
Q,zeta9,eta3,none,opp,anti,cw,,ccw,0,se,ne,anti,ccw,,cw,0,n,e,3
T,zeta9,zeta15,none,same,anti,cw,,ccw,0,se,ne,anti,cw,,ccw,0,n,w,3
Δ,zeta9,eta9,none,none,anti,cw,,ccw,0,se,ne,static,noRotation,,static,0,n,n,3
Ω-,zeta9,zeta5,none,none,anti,cw,,ccw,0,se,ne,dash,noRotation,,dash,0,n,s,3
Σ,zeta9,eta11,none,none,static,noRotation,,static,0,se,se,pro,cw,,cw,0,n,e,3
W,zeta9,zeta7,none,none,static,noRotation,,static,0,se,se,pro,ccw,,ccw,0,n,w,3
Δ,zeta9,eta11,none,none,static,noRotation,,static,0,se,se,anti,ccw,,cw,0,n,e,3
X,zeta9,zeta7,none,none,static,noRotation,,static,0,se,se,anti,cw,,ccw,0,n,w,3
ζ,zeta9,zeta9,none,none,static,noRotation,,static,0,se,se,static,noRotation,,static,0,n,n,3
Ψ,zeta9,eta5,none,none,static,noRotation,,static,0,se,se,dash,noRotation,,dash,0,n,s,3
Θ-,zeta9,zeta3,none,none,dash,noRotation,,dash,0,se,nw,pro,cw,,cw,0,n,e,3
Y-,zeta9,eta15,none,none,dash,noRotation,,dash,0,se,nw,pro,ccw,,ccw,0,n,w,3
Ω-,zeta9,zeta3,none,none,dash,noRotation,,dash,0,se,nw,anti,ccw,,cw,0,n,e,3
Z-,zeta9,eta15,none,none,dash,noRotation,,dash,0,se,nw,anti,cw,,ccw,0,n,w,3
Ψ,zeta9,eta1,none,none,dash,noRotation,,dash,0,se,nw,static,noRotation,,static,0,n,n,3
Φ-,zeta9,zeta13,none,none,dash,noRotation,,dash,0,se,nw,dash,noRotation,,dash,0,n,s,3
S,eta11,eta13,none,same,pro,cw,,cw,0,se,sw,pro,cw,,cw,0,e,s,3
M,eta11,zeta1,none,opp,pro,cw,,cw,0,se,sw,pro,ccw,,ccw,0,e,n,3
U,eta11,eta13,none,same,pro,cw,,cw,0,se,sw,anti,ccw,,cw,0,e,s,3
O,eta11,zeta1,none,opp,pro,cw,,cw,0,se,sw,anti,cw,,ccw,0,e,n,3
Θ,eta11,zeta11,none,none,pro,cw,,cw,0,se,sw,static,noRotation,,static,0,e,e,3
Σ-,eta11,eta7,none,none,pro,cw,,cw,0,se,sw,dash,noRotation,,dash,0,e,w,3
P,eta11,zeta5,none,opp,pro,ccw,,ccw,0,se,ne,pro,cw,,cw,0,e,s,3
S,eta11,eta9,none,same,pro,ccw,,ccw,0,se,ne,pro,ccw,,ccw,0,e,n,3
R,eta11,zeta5,none,opp,pro,ccw,,ccw,0,se,ne,anti,ccw,,cw,0,e,s,3
V,eta11,eta9,none,same,pro,ccw,,ccw,0,se,ne,anti,cw,,ccw,0,e,n,3
Y,eta11,eta3,none,none,pro,ccw,,ccw,0,se,ne,static,noRotation,,static,0,e,e,3
W-,eta11,zeta15,none,none,pro,ccw,,ccw,0,se,ne,dash,noRotation,,dash,0,e,w,3
V,eta11,eta13,none,same,anti,ccw,,cw,0,se,sw,pro,cw,,cw,0,e,s,3
O,eta11,zeta1,none,opp,anti,ccw,,cw,0,se,sw,pro,ccw,,ccw,0,e,n,3
T,eta11,eta13,none,same,anti,ccw,,cw,0,se,sw,anti,ccw,,cw,0,e,s,3
N,eta11,zeta1,none,opp,anti,ccw,,cw,0,se,sw,anti,cw,,ccw,0,e,n,3
Ω,eta11,zeta11,none,none,anti,ccw,,cw,0,se,sw,static,noRotation,,static,0,e,e,3
Δ-,eta11,eta7,none,none,anti,ccw,,cw,0,se,sw,dash,noRotation,,dash,0,e,w,3
R,eta11,zeta5,none,opp,anti,cw,,ccw,0,se,ne,pro,cw,,cw,0,e,s,3
U,eta11,eta9,none,same,anti,cw,,ccw,0,se,ne,pro,ccw,,ccw,0,e,n,3
Q,eta11,zeta5,none,opp,anti,cw,,ccw,0,se,ne,anti,ccw,,cw,0,e,s,3
T,eta11,eta9,none,same,anti,cw,,ccw,0,se,ne,anti,cw,,ccw,0,e,n,3
Z,eta11,eta3,none,none,anti,cw,,ccw,0,se,ne,static,noRotation,,static,0,e,e,3
X-,eta11,zeta15,none,none,anti,cw,,ccw,0,se,ne,dash,noRotation,,dash,0,e,w,3
Y,eta11,eta5,none,none,static,noRotation,,static,0,se,se,pro,cw,,cw,0,e,s,3
Θ,eta11,zeta9,none,none,static,noRotation,,static,0,se,se,pro,ccw,,ccw,0,e,n,3
Z,eta11,eta5,none,none,static,noRotation,,static,0,se,se,anti,ccw,,cw,0,e,s,3
Ω,eta11,zeta9,none,none,static,noRotation,,static,0,se,se,anti,cw,,ccw,0,e,n,3
η,eta11,eta11,none,none,static,noRotation,,static,0,se,se,static,noRotation,,static,0,e,e,3
Φ,eta11,zeta7,none,none,static,noRotation,,static,0,se,se,dash,noRotation,,dash,0,e,w,3
W-,eta11,zeta13,none,none,dash,noRotation,,dash,0,se,nw,pro,cw,,cw,0,e,s,3
Σ-,eta11,eta1,none,none,dash,noRotation,,dash,0,se,nw,pro,ccw,,ccw,0,e,n,3
X-,eta11,zeta13,none,none,dash,noRotation,,dash,0,se,nw,anti,ccw,,cw,0,e,s,3
Δ-,eta11,eta1,none,none,dash,noRotation,,dash,0,se,nw,anti,cw,,ccw,0,e,n,3
Φ,eta11,zeta3,none,none,dash,noRotation,,dash,0,se,nw,static,noRotation,,static,0,e,e,3
Ψ-,eta11,eta15,none,none,dash,noRotation,,dash,0,se,nw,dash,noRotation,,dash,0,e,w,3
S,eta5,eta7,none,same,pro,cw,,cw,0,se,sw,pro,cw,,cw,0,s,w,3
P,eta5,zeta11,none,opp,pro,cw,,cw,0,se,sw,pro,ccw,,ccw,0,s,e,3
V,eta5,eta7,none,same,pro,cw,,cw,0,se,sw,anti,ccw,,cw,0,s,w,3
R,eta5,zeta11,none,opp,pro,cw,,cw,0,se,sw,anti,cw,,ccw,0,s,e,3
Y,eta5,eta13,none,none,pro,cw,,cw,0,se,sw,static,noRotation,,static,0,s,s,3
W-,eta5,zeta1,none,none,pro,cw,,cw,0,se,sw,dash,noRotation,,dash,0,s,n,3
M,eta5,zeta15,none,opp,pro,ccw,,ccw,0,se,ne,pro,cw,,cw,0,s,w,3
S,eta5,eta3,none,same,pro,ccw,,ccw,0,se,ne,pro,ccw,,ccw,0,s,e,3
O,eta5,zeta15,none,opp,pro,ccw,,ccw,0,se,ne,anti,ccw,,cw,0,s,w,3
U,eta5,eta3,none,same,pro,ccw,,ccw,0,se,ne,anti,cw,,ccw,0,s,e,3
Θ,eta5,zeta5,none,none,pro,ccw,,ccw,0,se,ne,static,noRotation,,static,0,s,s,3
Σ-,eta5,eta9,none,none,pro,ccw,,ccw,0,se,ne,dash,noRotation,,dash,0,s,n,3
U,eta5,eta7,none,same,anti,ccw,,cw,0,se,sw,pro,cw,,cw,0,s,w,3
R,eta5,zeta11,none,opp,anti,ccw,,cw,0,se,sw,pro,ccw,,ccw,0,s,e,3
T,eta5,eta7,none,same,anti,ccw,,cw,0,se,sw,anti,ccw,,cw,0,s,w,3
Q,eta5,zeta11,none,opp,anti,ccw,,cw,0,se,sw,anti,cw,,ccw,0,s,e,3
Z,eta5,eta13,none,none,anti,ccw,,cw,0,se,sw,static,noRotation,,static,0,s,s,3
X-,eta5,zeta1,none,none,anti,ccw,,cw,0,se,sw,dash,noRotation,,dash,0,s,n,3
O,eta5,zeta15,none,opp,anti,cw,,ccw,0,se,ne,pro,cw,,cw,0,s,w,3
V,eta5,eta3,none,same,anti,cw,,ccw,0,se,ne,pro,ccw,,ccw,0,s,e,3
N,eta5,zeta15,none,opp,anti,cw,,ccw,0,se,ne,anti,ccw,,cw,0,s,w,3
T,eta5,eta3,none,same,anti,cw,,ccw,0,se,ne,anti,cw,,ccw,0,s,e,3
Ω,eta5,zeta5,none,none,anti,cw,,ccw,0,se,ne,static,noRotation,,static,0,s,s,3
Δ-,eta5,eta9,none,none,anti,cw,,ccw,0,se,ne,dash,noRotation,,dash,0,s,n,3
Θ,eta5,zeta7,none,none,static,noRotation,,static,0,se,se,pro,cw,,cw,0,s,w,3
Y,eta5,eta11,none,none,static,noRotation,,static,0,se,se,pro,ccw,,ccw,0,s,e,3
Ω,eta5,zeta7,none,none,static,noRotation,,static,0,se,se,anti,ccw,,cw,0,s,w,3
Z,eta5,eta11,none,none,static,noRotation,,static,0,se,se,anti,cw,,ccw,0,s,e,3
η,eta5,eta5,none,none,static,noRotation,,static,0,se,se,static,noRotation,,static,0,s,s,3
Φ,eta5,zeta9,none,none,static,noRotation,,static,0,se,se,dash,noRotation,,dash,0,s,n,3
Σ-,eta5,eta15,none,none,dash,noRotation,,dash,0,se,nw,pro,cw,,cw,0,s,w,3
W-,eta5,zeta3,none,none,dash,noRotation,,dash,0,se,nw,pro,ccw,,ccw,0,s,e,3
Δ-,eta5,eta15,none,none,dash,noRotation,,dash,0,se,nw,anti,ccw,,cw,0,s,w,3
X-,eta5,zeta3,none,none,dash,noRotation,,dash,0,se,nw,anti,cw,,ccw,0,s,e,3
Φ,eta5,zeta13,none,none,dash,noRotation,,dash,0,se,nw,static,noRotation,,static,0,s,s,3
Ψ-,eta5,eta1,none,none,dash,noRotation,,dash,0,se,nw,dash,noRotation,,dash,0,s,n,3
S,zeta7,zeta1,none,same,pro,cw,,cw,0,se,sw,pro,cw,,cw,0,w,n,3
P,zeta7,eta13,none,opp,pro,cw,,cw,0,se,sw,pro,ccw,,ccw,0,w,s,3
V,zeta7,zeta1,none,same,pro,cw,,cw,0,se,sw,anti,ccw,,cw,0,w,n,3
R,zeta7,eta13,none,opp,pro,cw,,cw,0,se,sw,anti,cw,,ccw,0,w,s,3
Σ,zeta7,eta7,none,none,pro,cw,,cw,0,se,sw,static,noRotation,,static,0,w,w,3
Θ-,zeta7,zeta11,none,none,pro,cw,,cw,0,se,sw,dash,noRotation,,dash,0,w,e,3
M,zeta7,eta9,none,opp,pro,ccw,,ccw,0,se,ne,pro,cw,,cw,0,w,n,3
S,zeta7,zeta5,none,same,pro,ccw,,ccw,0,se,ne,pro,ccw,,ccw,0,w,s,3
O,zeta7,eta9,none,opp,pro,ccw,,ccw,0,se,ne,anti,ccw,,cw,0,w,n,3
U,zeta7,zeta5,none,same,pro,ccw,,ccw,0,se,ne,anti,cw,,ccw,0,w,s,3
W,zeta7,zeta15,none,none,pro,ccw,,ccw,0,se,ne,static,noRotation,,static,0,w,w,3
Y-,zeta7,eta3,none,none,pro,ccw,,ccw,0,se,ne,dash,noRotation,,dash,0,w,e,3
U,zeta7,zeta1,none,same,anti,ccw,,cw,0,se,sw,pro,cw,,cw,0,w,n,3
R,zeta7,eta13,none,opp,anti,ccw,,cw,0,se,sw,pro,ccw,,ccw,0,w,s,3
T,zeta7,zeta1,none,same,anti,ccw,,cw,0,se,sw,anti,ccw,,cw,0,w,n,3
Q,zeta7,eta13,none,opp,anti,ccw,,cw,0,se,sw,anti,cw,,ccw,0,w,s,3
Δ,zeta7,eta7,none,none,anti,ccw,,cw,0,se,sw,static,noRotation,,static,0,w,w,3
Ω-,zeta7,zeta11,none,none,anti,ccw,,cw,0,se,sw,dash,noRotation,,dash,0,w,e,3
O,zeta7,eta9,none,opp,anti,cw,,ccw,0,se,ne,pro,cw,,cw,0,w,n,3
V,zeta7,zeta5,none,same,anti,cw,,ccw,0,se,ne,pro,ccw,,ccw,0,w,s,3
N,zeta7,eta9,none,opp,anti,cw,,ccw,0,se,ne,anti,ccw,,cw,0,w,n,3
T,zeta7,zeta5,none,same,anti,cw,,ccw,0,se,ne,anti,cw,,ccw,0,w,s,3
X,zeta7,zeta15,none,none,anti,cw,,ccw,0,se,ne,static,noRotation,,static,0,w,w,3
Z-,zeta7,eta3,none,none,anti,cw,,ccw,0,se,ne,dash,noRotation,,dash,0,w,e,3
W,zeta7,zeta9,none,none,static,noRotation,,static,0,se,se,pro,cw,,cw,0,w,n,3
Σ,zeta7,eta5,none,none,static,noRotation,,static,0,se,se,pro,ccw,,ccw,0,w,s,3
X,zeta7,zeta9,none,none,static,noRotation,,static,0,se,se,anti,ccw,,cw,0,w,n,3
Δ,zeta7,eta5,none,none,static,noRotation,,static,0,se,se,anti,cw,,ccw,0,w,s,3
ζ,zeta7,zeta7,none,none,static,noRotation,,static,0,se,se,static,noRotation,,static,0,w,w,3
Ψ,zeta7,eta11,none,none,static,noRotation,,static,0,se,se,dash,noRotation,,dash,0,w,e,3
Y-,zeta7,eta1,none,none,dash,noRotation,,dash,0,se,nw,pro,cw,,cw,0,w,n,3
Θ-,zeta7,zeta13,none,none,dash,noRotation,,dash,0,se,nw,pro,ccw,,ccw,0,w,s,3
Z-,zeta7,eta1,none,none,dash,noRotation,,dash,0,se,nw,anti,ccw,,cw,0,w,n,3
Ω-,zeta7,zeta13,none,none,dash,noRotation,,dash,0,se,nw,anti,cw,,ccw,0,w,s,3
Ψ,zeta7,eta15,none,none,dash,noRotation,,dash,0,se,nw,static,noRotation,,static,0,w,w,3
Φ-,zeta7,zeta3,none,none,dash,noRotation,,dash,0,se,nw,dash,noRotation,,dash,0,w,e,3
S,zeta10,zeta12,none,same,pro,cw,,cw,0,s,w,pro,cw,,cw,0,ne,se,3
M,zeta10,eta8,none,opp,pro,cw,,cw,0,s,w,pro,ccw,,ccw,0,ne,nw,3
U,zeta10,zeta12,none,same,pro,cw,,cw,0,s,w,anti,ccw,,cw,0,ne,se,3
O,zeta10,eta8,none,opp,pro,cw,,cw,0,s,w,anti,cw,,ccw,0,ne,nw,3
W,zeta10,zeta2,none,none,pro,cw,,cw,0,s,w,static,noRotation,,static,0,ne,ne,3
Y-,zeta10,eta14,none,none,pro,cw,,cw,0,s,w,dash,noRotation,,dash,0,ne,sw,3
P,zeta10,eta4,none,opp,pro,ccw,,ccw,0,s,e,pro,cw,,cw,0,ne,se,3
S,zeta10,zeta16,none,same,pro,ccw,,ccw,0,s,e,pro,ccw,,ccw,0,ne,nw,3
R,zeta10,eta4,none,opp,pro,ccw,,ccw,0,s,e,anti,ccw,,cw,0,ne,se,3
V,zeta10,zeta16,none,same,pro,ccw,,ccw,0,s,e,anti,cw,,ccw,0,ne,nw,3
Σ,zeta10,eta10,none,none,pro,ccw,,ccw,0,s,e,static,noRotation,,static,0,ne,ne,3
Θ-,zeta10,zeta6,none,none,pro,ccw,,ccw,0,s,e,dash,noRotation,,dash,0,ne,sw,3
V,zeta10,zeta12,none,same,anti,ccw,,cw,0,s,w,pro,cw,,cw,0,ne,se,3
O,zeta10,eta8,none,opp,anti,ccw,,cw,0,s,w,pro,ccw,,ccw,0,ne,nw,3
T,zeta10,zeta12,none,same,anti,ccw,,cw,0,s,w,anti,ccw,,cw,0,ne,se,3
N,zeta10,eta8,none,opp,anti,ccw,,cw,0,s,w,anti,cw,,ccw,0,ne,nw,3
X,zeta10,zeta2,none,none,anti,ccw,,cw,0,s,w,static,noRotation,,static,0,ne,ne,3
Z-,zeta10,eta14,none,none,anti,ccw,,cw,0,s,w,dash,noRotation,,dash,0,ne,sw,3
R,zeta10,eta4,none,opp,anti,cw,,ccw,0,s,e,pro,cw,,cw,0,ne,se,3
U,zeta10,zeta16,none,same,anti,cw,,ccw,0,s,e,pro,ccw,,ccw,0,ne,nw,3
Q,zeta10,eta4,none,opp,anti,cw,,ccw,0,s,e,anti,ccw,,cw,0,ne,se,3
T,zeta10,zeta16,none,same,anti,cw,,ccw,0,s,e,anti,cw,,ccw,0,ne,nw,3
Δ,zeta10,eta10,none,none,anti,cw,,ccw,0,s,e,static,noRotation,,static,0,ne,ne,3
Ω-,zeta10,zeta6,none,none,anti,cw,,ccw,0,s,e,dash,noRotation,,dash,0,ne,sw,3
Σ,zeta10,eta12,none,none,static,noRotation,,static,0,s,s,pro,cw,,cw,0,ne,se,3
W,zeta10,zeta8,none,none,static,noRotation,,static,0,s,s,pro,ccw,,ccw,0,ne,nw,3
Δ,zeta10,eta12,none,none,static,noRotation,,static,0,s,s,anti,ccw,,cw,0,ne,se,3
X,zeta10,zeta8,none,none,static,noRotation,,static,0,s,s,anti,cw,,ccw,0,ne,nw,3
ζ,zeta10,zeta10,none,none,static,noRotation,,static,0,s,s,static,noRotation,,static,0,ne,ne,3
Ψ,zeta10,eta6,none,none,static,noRotation,,static,0,s,s,dash,noRotation,,dash,0,ne,sw,3
Θ-,zeta10,zeta4,none,none,dash,noRotation,,dash,0,s,n,pro,cw,,cw,0,ne,se,3
Y-,zeta10,eta16,none,none,dash,noRotation,,dash,0,s,n,pro,ccw,,ccw,0,ne,nw,3
Ω-,zeta10,zeta4,none,none,dash,noRotation,,dash,0,s,n,anti,ccw,,cw,0,ne,se,3
Z-,zeta10,eta16,none,none,dash,noRotation,,dash,0,s,n,anti,cw,,ccw,0,ne,nw,3
Ψ,zeta10,eta2,none,none,dash,noRotation,,dash,0,s,n,static,noRotation,,static,0,ne,ne,3
Φ-,zeta10,zeta14,none,none,dash,noRotation,,dash,0,s,n,dash,noRotation,,dash,0,ne,sw,3
S,eta12,eta14,none,same,pro,cw,,cw,0,s,w,pro,cw,,cw,0,se,sw,3
M,eta12,zeta2,none,opp,pro,cw,,cw,0,s,w,pro,ccw,,ccw,0,se,ne,3
U,eta12,eta14,none,same,pro,cw,,cw,0,s,w,anti,ccw,,cw,0,se,sw,3
O,eta12,zeta2,none,opp,pro,cw,,cw,0,s,w,anti,cw,,ccw,0,se,ne,3
Θ,eta12,zeta12,none,none,pro,cw,,cw,0,s,w,static,noRotation,,static,0,se,se,3
Σ-,eta12,eta8,none,none,pro,cw,,cw,0,s,w,dash,noRotation,,dash,0,se,nw,3
P,eta12,zeta6,none,opp,pro,ccw,,ccw,0,s,e,pro,cw,,cw,0,se,sw,3
S,eta12,eta10,none,same,pro,ccw,,ccw,0,s,e,pro,ccw,,ccw,0,se,ne,3
R,eta12,zeta6,none,opp,pro,ccw,,ccw,0,s,e,anti,ccw,,cw,0,se,sw,3
V,eta12,eta10,none,same,pro,ccw,,ccw,0,s,e,anti,cw,,ccw,0,se,ne,3
Y,eta12,eta4,none,none,pro,ccw,,ccw,0,s,e,static,noRotation,,static,0,se,se,3
W-,eta12,zeta16,none,none,pro,ccw,,ccw,0,s,e,dash,noRotation,,dash,0,se,nw,3
V,eta12,eta14,none,same,anti,ccw,,cw,0,s,w,pro,cw,,cw,0,se,sw,3
O,eta12,zeta2,none,opp,anti,ccw,,cw,0,s,w,pro,ccw,,ccw,0,se,ne,3
T,eta12,eta14,none,same,anti,ccw,,cw,0,s,w,anti,ccw,,cw,0,se,sw,3
N,eta12,zeta2,none,opp,anti,ccw,,cw,0,s,w,anti,cw,,ccw,0,se,ne,3
Ω,eta12,zeta12,none,none,anti,ccw,,cw,0,s,w,static,noRotation,,static,0,se,se,3
Δ-,eta12,eta8,none,none,anti,ccw,,cw,0,s,w,dash,noRotation,,dash,0,se,nw,3
R,eta12,zeta6,none,opp,anti,cw,,ccw,0,s,e,pro,cw,,cw,0,se,sw,3
U,eta12,eta10,none,same,anti,cw,,ccw,0,s,e,pro,ccw,,ccw,0,se,ne,3
Q,eta12,zeta6,none,opp,anti,cw,,ccw,0,s,e,anti,ccw,,cw,0,se,sw,3
T,eta12,eta10,none,same,anti,cw,,ccw,0,s,e,anti,cw,,ccw,0,se,ne,3
Z,eta12,eta4,none,none,anti,cw,,ccw,0,s,e,static,noRotation,,static,0,se,se,3
X-,eta12,zeta16,none,none,anti,cw,,ccw,0,s,e,dash,noRotation,,dash,0,se,nw,3
Y,eta12,eta6,none,none,static,noRotation,,static,0,s,s,pro,cw,,cw,0,se,sw,3
Θ,eta12,zeta10,none,none,static,noRotation,,static,0,s,s,pro,ccw,,ccw,0,se,ne,3
Z,eta12,eta6,none,none,static,noRotation,,static,0,s,s,anti,ccw,,cw,0,se,sw,3
Ω,eta12,zeta10,none,none,static,noRotation,,static,0,s,s,anti,cw,,ccw,0,se,ne,3
η,eta12,eta12,none,none,static,noRotation,,static,0,s,s,static,noRotation,,static,0,se,se,3
Φ,eta12,zeta8,none,none,static,noRotation,,static,0,s,s,dash,noRotation,,dash,0,se,nw,3
W-,eta12,zeta14,none,none,dash,noRotation,,dash,0,s,n,pro,cw,,cw,0,se,sw,3
Σ-,eta12,eta2,none,none,dash,noRotation,,dash,0,s,n,pro,ccw,,ccw,0,se,ne,3
X-,eta12,zeta14,none,none,dash,noRotation,,dash,0,s,n,anti,ccw,,cw,0,se,sw,3
Δ-,eta12,eta2,none,none,dash,noRotation,,dash,0,s,n,anti,cw,,ccw,0,se,ne,3
Φ,eta12,zeta4,none,none,dash,noRotation,,dash,0,s,n,static,noRotation,,static,0,se,se,3
Ψ-,eta12,eta16,none,none,dash,noRotation,,dash,0,s,n,dash,noRotation,,dash,0,se,nw,3
S,eta6,eta8,none,same,pro,cw,,cw,0,s,w,pro,cw,,cw,0,sw,nw,3
P,eta6,zeta12,none,opp,pro,cw,,cw,0,s,w,pro,ccw,,ccw,0,sw,se,3
V,eta6,eta8,none,same,pro,cw,,cw,0,s,w,anti,ccw,,cw,0,sw,nw,3
R,eta6,zeta12,none,opp,pro,cw,,cw,0,s,w,anti,cw,,ccw,0,sw,se,3
Y,eta6,eta14,none,none,pro,cw,,cw,0,s,w,static,noRotation,,static,0,sw,sw,3
W-,eta6,zeta2,none,none,pro,cw,,cw,0,s,w,dash,noRotation,,dash,0,sw,ne,3
M,eta6,zeta16,none,opp,pro,ccw,,ccw,0,s,e,pro,cw,,cw,0,sw,nw,3
S,eta6,eta4,none,same,pro,ccw,,ccw,0,s,e,pro,ccw,,ccw,0,sw,se,3
O,eta6,zeta16,none,opp,pro,ccw,,ccw,0,s,e,anti,ccw,,cw,0,sw,nw,3
U,eta6,eta4,none,same,pro,ccw,,ccw,0,s,e,anti,cw,,ccw,0,sw,se,3
Θ,eta6,zeta6,none,none,pro,ccw,,ccw,0,s,e,static,noRotation,,static,0,sw,sw,3
Σ-,eta6,eta10,none,none,pro,ccw,,ccw,0,s,e,dash,noRotation,,dash,0,sw,ne,3
U,eta6,eta8,none,same,anti,ccw,,cw,0,s,w,pro,cw,,cw,0,sw,nw,3
R,eta6,zeta12,none,opp,anti,ccw,,cw,0,s,w,pro,ccw,,ccw,0,sw,se,3
T,eta6,eta8,none,same,anti,ccw,,cw,0,s,w,anti,ccw,,cw,0,sw,nw,3
Q,eta6,zeta12,none,opp,anti,ccw,,cw,0,s,w,anti,cw,,ccw,0,sw,se,3
Z,eta6,eta14,none,none,anti,ccw,,cw,0,s,w,static,noRotation,,static,0,sw,sw,3
X-,eta6,zeta2,none,none,anti,ccw,,cw,0,s,w,dash,noRotation,,dash,0,sw,ne,3
O,eta6,zeta16,none,opp,anti,cw,,ccw,0,s,e,pro,cw,,cw,0,sw,nw,3
V,eta6,eta4,none,same,anti,cw,,ccw,0,s,e,pro,ccw,,ccw,0,sw,se,3
N,eta6,zeta16,none,opp,anti,cw,,ccw,0,s,e,anti,ccw,,cw,0,sw,nw,3
T,eta6,eta4,none,same,anti,cw,,ccw,0,s,e,anti,cw,,ccw,0,sw,se,3
Ω,eta6,zeta6,none,none,anti,cw,,ccw,0,s,e,static,noRotation,,static,0,sw,sw,3
Δ-,eta6,eta10,none,none,anti,cw,,ccw,0,s,e,dash,noRotation,,dash,0,sw,ne,3
Θ,eta6,zeta8,none,none,static,noRotation,,static,0,s,s,pro,cw,,cw,0,sw,nw,3
Y,eta6,eta12,none,none,static,noRotation,,static,0,s,s,pro,ccw,,ccw,0,sw,se,3
Ω,eta6,zeta8,none,none,static,noRotation,,static,0,s,s,anti,ccw,,cw,0,sw,nw,3
Z,eta6,eta12,none,none,static,noRotation,,static,0,s,s,anti,cw,,ccw,0,sw,se,3
η,eta6,eta6,none,none,static,noRotation,,static,0,s,s,static,noRotation,,static,0,sw,sw,3
Φ,eta6,zeta10,none,none,static,noRotation,,static,0,s,s,dash,noRotation,,dash,0,sw,ne,3
Σ-,eta6,eta16,none,none,dash,noRotation,,dash,0,s,n,pro,cw,,cw,0,sw,nw,3
W-,eta6,zeta4,none,none,dash,noRotation,,dash,0,s,n,pro,ccw,,ccw,0,sw,se,3
Δ-,eta6,eta16,none,none,dash,noRotation,,dash,0,s,n,anti,ccw,,cw,0,sw,nw,3
X-,eta6,zeta4,none,none,dash,noRotation,,dash,0,s,n,anti,cw,,ccw,0,sw,se,3
Φ,eta6,zeta14,none,none,dash,noRotation,,dash,0,s,n,static,noRotation,,static,0,sw,sw,3
Ψ-,eta6,eta2,none,none,dash,noRotation,,dash,0,s,n,dash,noRotation,,dash,0,sw,ne,3
S,zeta8,zeta2,none,same,pro,cw,,cw,0,s,w,pro,cw,,cw,0,nw,ne,3
P,zeta8,eta14,none,opp,pro,cw,,cw,0,s,w,pro,ccw,,ccw,0,nw,sw,3
V,zeta8,zeta2,none,same,pro,cw,,cw,0,s,w,anti,ccw,,cw,0,nw,ne,3
R,zeta8,eta14,none,opp,pro,cw,,cw,0,s,w,anti,cw,,ccw,0,nw,sw,3
Σ,zeta8,eta8,none,none,pro,cw,,cw,0,s,w,static,noRotation,,static,0,nw,nw,3
Θ-,zeta8,zeta12,none,none,pro,cw,,cw,0,s,w,dash,noRotation,,dash,0,nw,se,3
M,zeta8,eta10,none,opp,pro,ccw,,ccw,0,s,e,pro,cw,,cw,0,nw,ne,3
S,zeta8,zeta6,none,same,pro,ccw,,ccw,0,s,e,pro,ccw,,ccw,0,nw,sw,3
O,zeta8,eta10,none,opp,pro,ccw,,ccw,0,s,e,anti,ccw,,cw,0,nw,ne,3
U,zeta8,zeta6,none,same,pro,ccw,,ccw,0,s,e,anti,cw,,ccw,0,nw,sw,3
W,zeta8,zeta16,none,none,pro,ccw,,ccw,0,s,e,static,noRotation,,static,0,nw,nw,3
Y-,zeta8,eta4,none,none,pro,ccw,,ccw,0,s,e,dash,noRotation,,dash,0,nw,se,3
U,zeta8,zeta2,none,same,anti,ccw,,cw,0,s,w,pro,cw,,cw,0,nw,ne,3
R,zeta8,eta14,none,opp,anti,ccw,,cw,0,s,w,pro,ccw,,ccw,0,nw,sw,3
T,zeta8,zeta2,none,same,anti,ccw,,cw,0,s,w,anti,ccw,,cw,0,nw,ne,3
Q,zeta8,eta14,none,opp,anti,ccw,,cw,0,s,w,anti,cw,,ccw,0,nw,sw,3
Δ,zeta8,eta8,none,none,anti,ccw,,cw,0,s,w,static,noRotation,,static,0,nw,nw,3
Ω-,zeta8,zeta12,none,none,anti,ccw,,cw,0,s,w,dash,noRotation,,dash,0,nw,se,3
O,zeta8,eta10,none,opp,anti,cw,,ccw,0,s,e,pro,cw,,cw,0,nw,ne,3
V,zeta8,zeta6,none,same,anti,cw,,ccw,0,s,e,pro,ccw,,ccw,0,nw,sw,3
N,zeta8,eta10,none,opp,anti,cw,,ccw,0,s,e,anti,ccw,,cw,0,nw,ne,3
T,zeta8,zeta6,none,same,anti,cw,,ccw,0,s,e,anti,cw,,ccw,0,nw,sw,3
X,zeta8,zeta16,none,none,anti,cw,,ccw,0,s,e,static,noRotation,,static,0,nw,nw,3
Z-,zeta8,eta4,none,none,anti,cw,,ccw,0,s,e,dash,noRotation,,dash,0,nw,se,3
W,zeta8,zeta10,none,none,static,noRotation,,static,0,s,s,pro,cw,,cw,0,nw,ne,3
Σ,zeta8,eta6,none,none,static,noRotation,,static,0,s,s,pro,ccw,,ccw,0,nw,sw,3
X,zeta8,zeta10,none,none,static,noRotation,,static,0,s,s,anti,ccw,,cw,0,nw,ne,3
Δ,zeta8,eta6,none,none,static,noRotation,,static,0,s,s,anti,cw,,ccw,0,nw,sw,3
ζ,zeta8,zeta8,none,none,static,noRotation,,static,0,s,s,static,noRotation,,static,0,nw,nw,3
Ψ,zeta8,eta12,none,none,static,noRotation,,static,0,s,s,dash,noRotation,,dash,0,nw,se,3
Y-,zeta8,eta2,none,none,dash,noRotation,,dash,0,s,n,pro,cw,,cw,0,nw,ne,3
Θ-,zeta8,zeta14,none,none,dash,noRotation,,dash,0,s,n,pro,ccw,,ccw,0,nw,sw,3
Z-,zeta8,eta2,none,none,dash,noRotation,,dash,0,s,n,anti,ccw,,cw,0,nw,ne,3
Ω-,zeta8,zeta14,none,none,dash,noRotation,,dash,0,s,n,anti,cw,,ccw,0,nw,sw,3
Ψ,zeta8,eta16,none,none,dash,noRotation,,dash,0,s,n,static,noRotation,,static,0,nw,nw,3
Φ-,zeta8,zeta4,none,none,dash,noRotation,,dash,0,s,n,dash,noRotation,,dash,0,nw,se,3
S,zeta1,zeta3,none,same,pro,cw,,cw,0,sw,nw,pro,cw,,cw,0,n,e,3
P,zeta1,eta15,none,opp,pro,cw,,cw,0,sw,nw,pro,ccw,,ccw,0,n,w,3
V,zeta1,zeta3,none,same,pro,cw,,cw,0,sw,nw,anti,ccw,,cw,0,n,e,3
R,zeta1,eta15,none,opp,pro,cw,,cw,0,sw,nw,anti,cw,,ccw,0,n,w,3
Σ,zeta1,eta1,none,none,pro,cw,,cw,0,sw,nw,static,noRotation,,static,0,n,n,3
Θ-,zeta1,zeta13,none,none,pro,cw,,cw,0,sw,nw,dash,noRotation,,dash,0,n,s,3
M,zeta1,eta11,none,opp,pro,ccw,,ccw,0,sw,se,pro,cw,,cw,0,n,e,3
S,zeta1,zeta7,none,same,pro,ccw,,ccw,0,sw,se,pro,ccw,,ccw,0,n,w,3
O,zeta1,eta11,none,opp,pro,ccw,,ccw,0,sw,se,anti,ccw,,cw,0,n,e,3
U,zeta1,zeta7,none,same,pro,ccw,,ccw,0,sw,se,anti,cw,,ccw,0,n,w,3
W,zeta1,zeta9,none,none,pro,ccw,,ccw,0,sw,se,static,noRotation,,static,0,n,n,3
Y-,zeta1,eta5,none,none,pro,ccw,,ccw,0,sw,se,dash,noRotation,,dash,0,n,s,3
U,zeta1,zeta3,none,same,anti,ccw,,cw,0,sw,nw,pro,cw,,cw,0,n,e,3
R,zeta1,eta15,none,opp,anti,ccw,,cw,0,sw,nw,pro,ccw,,ccw,0,n,w,3
T,zeta1,zeta3,none,same,anti,ccw,,cw,0,sw,nw,anti,ccw,,cw,0,n,e,3
Q,zeta1,eta15,none,opp,anti,ccw,,cw,0,sw,nw,anti,cw,,ccw,0,n,w,3
Δ,zeta1,eta1,none,none,anti,ccw,,cw,0,sw,nw,static,noRotation,,static,0,n,n,3
Ω-,zeta1,zeta13,none,none,anti,ccw,,cw,0,sw,nw,dash,noRotation,,dash,0,n,s,3
O,zeta1,eta11,none,opp,anti,cw,,ccw,0,sw,se,pro,cw,,cw,0,n,e,3
V,zeta1,zeta7,none,same,anti,cw,,ccw,0,sw,se,pro,ccw,,ccw,0,n,w,3
N,zeta1,eta11,none,opp,anti,cw,,ccw,0,sw,se,anti,ccw,,cw,0,n,e,3
T,zeta1,zeta7,none,same,anti,cw,,ccw,0,sw,se,anti,cw,,ccw,0,n,w,3
X,zeta1,zeta9,none,none,anti,cw,,ccw,0,sw,se,static,noRotation,,static,0,n,n,3
Z-,zeta1,eta5,none,none,anti,cw,,ccw,0,sw,se,dash,noRotation,,dash,0,n,s,3
W,zeta1,zeta11,none,none,static,noRotation,,static,0,sw,sw,pro,cw,,cw,0,n,e,3
Σ,zeta1,eta7,none,none,static,noRotation,,static,0,sw,sw,pro,ccw,,ccw,0,n,w,3
X,zeta1,zeta11,none,none,static,noRotation,,static,0,sw,sw,anti,ccw,,cw,0,n,e,3
Δ,zeta1,eta7,none,none,static,noRotation,,static,0,sw,sw,anti,cw,,ccw,0,n,w,3
ζ,zeta1,zeta1,none,none,static,noRotation,,static,0,sw,sw,static,noRotation,,static,0,n,n,3
Ψ,zeta1,eta13,none,none,static,noRotation,,static,0,sw,sw,dash,noRotation,,dash,0,n,s,3
Y-,zeta1,eta3,none,none,dash,noRotation,,dash,0,sw,ne,pro,cw,,cw,0,n,e,3
Θ-,zeta1,zeta15,none,none,dash,noRotation,,dash,0,sw,ne,pro,ccw,,ccw,0,n,w,3
Z-,zeta1,eta3,none,none,dash,noRotation,,dash,0,sw,ne,anti,ccw,,cw,0,n,e,3
Ω-,zeta1,zeta15,none,none,dash,noRotation,,dash,0,sw,ne,anti,cw,,ccw,0,n,w,3
Ψ,zeta1,eta9,none,none,dash,noRotation,,dash,0,sw,ne,static,noRotation,,static,0,n,n,3
Φ-,zeta1,zeta5,none,none,dash,noRotation,,dash,0,sw,ne,dash,noRotation,,dash,0,n,s,3
S,zeta11,zeta13,none,same,pro,cw,,cw,0,sw,nw,pro,cw,,cw,0,e,s,3
M,zeta11,eta1,none,opp,pro,cw,,cw,0,sw,nw,pro,ccw,,ccw,0,e,n,3
U,zeta11,zeta13,none,same,pro,cw,,cw,0,sw,nw,anti,ccw,,cw,0,e,s,3
O,zeta11,eta1,none,opp,pro,cw,,cw,0,sw,nw,anti,cw,,ccw,0,e,n,3
W,zeta11,zeta3,none,none,pro,cw,,cw,0,sw,nw,static,noRotation,,static,0,e,e,3
Y-,zeta11,eta15,none,none,pro,cw,,cw,0,sw,nw,dash,noRotation,,dash,0,e,w,3
P,zeta11,eta5,none,opp,pro,ccw,,ccw,0,sw,se,pro,cw,,cw,0,e,s,3
S,zeta11,zeta9,none,same,pro,ccw,,ccw,0,sw,se,pro,ccw,,ccw,0,e,n,3
R,zeta11,eta5,none,opp,pro,ccw,,ccw,0,sw,se,anti,ccw,,cw,0,e,s,3
V,zeta11,zeta9,none,same,pro,ccw,,ccw,0,sw,se,anti,cw,,ccw,0,e,n,3
Σ,zeta11,eta11,none,none,pro,ccw,,ccw,0,sw,se,static,noRotation,,static,0,e,e,3
Θ-,zeta11,zeta7,none,none,pro,ccw,,ccw,0,sw,se,dash,noRotation,,dash,0,e,w,3
V,zeta11,zeta13,none,same,anti,ccw,,cw,0,sw,nw,pro,cw,,cw,0,e,s,3
O,zeta11,eta1,none,opp,anti,ccw,,cw,0,sw,nw,pro,ccw,,ccw,0,e,n,3
T,zeta11,zeta13,none,same,anti,ccw,,cw,0,sw,nw,anti,ccw,,cw,0,e,s,3
N,zeta11,eta1,none,opp,anti,ccw,,cw,0,sw,nw,anti,cw,,ccw,0,e,n,3
X,zeta11,zeta3,none,none,anti,ccw,,cw,0,sw,nw,static,noRotation,,static,0,e,e,3
Z-,zeta11,eta15,none,none,anti,ccw,,cw,0,sw,nw,dash,noRotation,,dash,0,e,w,3
R,zeta11,eta5,none,opp,anti,cw,,ccw,0,sw,se,pro,cw,,cw,0,e,s,3
U,zeta11,zeta9,none,same,anti,cw,,ccw,0,sw,se,pro,ccw,,ccw,0,e,n,3
Q,zeta11,eta5,none,opp,anti,cw,,ccw,0,sw,se,anti,ccw,,cw,0,e,s,3
T,zeta11,zeta9,none,same,anti,cw,,ccw,0,sw,se,anti,cw,,ccw,0,e,n,3
Δ,zeta11,eta11,none,none,anti,cw,,ccw,0,sw,se,static,noRotation,,static,0,e,e,3
Ω-,zeta11,zeta7,none,none,anti,cw,,ccw,0,sw,se,dash,noRotation,,dash,0,e,w,3
Σ,zeta11,eta13,none,none,static,noRotation,,static,0,sw,sw,pro,cw,,cw,0,e,s,3
W,zeta11,zeta1,none,none,static,noRotation,,static,0,sw,sw,pro,ccw,,ccw,0,e,n,3
Δ,zeta11,eta13,none,none,static,noRotation,,static,0,sw,sw,anti,ccw,,cw,0,e,s,3
X,zeta11,zeta1,none,none,static,noRotation,,static,0,sw,sw,anti,cw,,ccw,0,e,n,3
ζ,zeta11,zeta11,none,none,static,noRotation,,static,0,sw,sw,static,noRotation,,static,0,e,e,3
Ψ,zeta11,eta7,none,none,static,noRotation,,static,0,sw,sw,dash,noRotation,,dash,0,e,w,3
Θ-,zeta11,zeta5,none,none,dash,noRotation,,dash,0,sw,ne,pro,cw,,cw,0,e,s,3
Y-,zeta11,eta9,none,none,dash,noRotation,,dash,0,sw,ne,pro,ccw,,ccw,0,e,n,3
Ω-,zeta11,zeta5,none,none,dash,noRotation,,dash,0,sw,ne,anti,ccw,,cw,0,e,s,3
Z-,zeta11,eta9,none,none,dash,noRotation,,dash,0,sw,ne,anti,cw,,ccw,0,e,n,3
Ψ,zeta11,eta3,none,none,dash,noRotation,,dash,0,sw,ne,static,noRotation,,static,0,e,e,3
Φ-,zeta11,zeta15,none,none,dash,noRotation,,dash,0,sw,ne,dash,noRotation,,dash,0,e,w,3
S,eta13,eta15,none,same,pro,cw,,cw,0,sw,nw,pro,cw,,cw,0,s,w,3
M,eta13,zeta3,none,opp,pro,cw,,cw,0,sw,nw,pro,ccw,,ccw,0,s,e,3
U,eta13,eta15,none,same,pro,cw,,cw,0,sw,nw,anti,ccw,,cw,0,s,w,3
O,eta13,zeta3,none,opp,pro,cw,,cw,0,sw,nw,anti,cw,,ccw,0,s,e,3
Θ,eta13,zeta13,none,none,pro,cw,,cw,0,sw,nw,static,noRotation,,static,0,s,s,3
Σ-,eta13,eta1,none,none,pro,cw,,cw,0,sw,nw,dash,noRotation,,dash,0,s,n,3
P,eta13,zeta7,none,opp,pro,ccw,,ccw,0,sw,se,pro,cw,,cw,0,s,w,3
S,eta13,eta11,none,same,pro,ccw,,ccw,0,sw,se,pro,ccw,,ccw,0,s,e,3
R,eta13,zeta7,none,opp,pro,ccw,,ccw,0,sw,se,anti,ccw,,cw,0,s,w,3
V,eta13,eta11,none,same,pro,ccw,,ccw,0,sw,se,anti,cw,,ccw,0,s,e,3
Y,eta13,eta5,none,none,pro,ccw,,ccw,0,sw,se,static,noRotation,,static,0,s,s,3
W-,eta13,zeta9,none,none,pro,ccw,,ccw,0,sw,se,dash,noRotation,,dash,0,s,n,3
V,eta13,eta15,none,same,anti,ccw,,cw,0,sw,nw,pro,cw,,cw,0,s,w,3
O,eta13,zeta3,none,opp,anti,ccw,,cw,0,sw,nw,pro,ccw,,ccw,0,s,e,3
T,eta13,eta15,none,same,anti,ccw,,cw,0,sw,nw,anti,ccw,,cw,0,s,w,3
N,eta13,zeta3,none,opp,anti,ccw,,cw,0,sw,nw,anti,cw,,ccw,0,s,e,3
Ω,eta13,zeta13,none,none,anti,ccw,,cw,0,sw,nw,static,noRotation,,static,0,s,s,3
Δ-,eta13,eta1,none,none,anti,ccw,,cw,0,sw,nw,dash,noRotation,,dash,0,s,n,3
R,eta13,zeta7,none,opp,anti,cw,,ccw,0,sw,se,pro,cw,,cw,0,s,w,3
U,eta13,eta11,none,same,anti,cw,,ccw,0,sw,se,pro,ccw,,ccw,0,s,e,3
Q,eta13,zeta7,none,opp,anti,cw,,ccw,0,sw,se,anti,ccw,,cw,0,s,w,3
T,eta13,eta11,none,same,anti,cw,,ccw,0,sw,se,anti,cw,,ccw,0,s,e,3
Z,eta13,eta5,none,none,anti,cw,,ccw,0,sw,se,static,noRotation,,static,0,s,s,3
X-,eta13,zeta9,none,none,anti,cw,,ccw,0,sw,se,dash,noRotation,,dash,0,s,n,3
Y,eta13,eta7,none,none,static,noRotation,,static,0,sw,sw,pro,cw,,cw,0,s,w,3
Θ,eta13,zeta11,none,none,static,noRotation,,static,0,sw,sw,pro,ccw,,ccw,0,s,e,3
Z,eta13,eta7,none,none,static,noRotation,,static,0,sw,sw,anti,ccw,,cw,0,s,w,3
Ω,eta13,zeta11,none,none,static,noRotation,,static,0,sw,sw,anti,cw,,ccw,0,s,e,3
η,eta13,eta13,none,none,static,noRotation,,static,0,sw,sw,static,noRotation,,static,0,s,s,3
Φ,eta13,zeta1,none,none,static,noRotation,,static,0,sw,sw,dash,noRotation,,dash,0,s,n,3
W-,eta13,zeta15,none,none,dash,noRotation,,dash,0,sw,ne,pro,cw,,cw,0,s,w,3
Σ-,eta13,eta3,none,none,dash,noRotation,,dash,0,sw,ne,pro,ccw,,ccw,0,s,e,3
X-,eta13,zeta15,none,none,dash,noRotation,,dash,0,sw,ne,anti,ccw,,cw,0,s,w,3
Δ-,eta13,eta3,none,none,dash,noRotation,,dash,0,sw,ne,anti,cw,,ccw,0,s,e,3
Φ,eta13,zeta5,none,none,dash,noRotation,,dash,0,sw,ne,static,noRotation,,static,0,s,s,3
Ψ-,eta13,eta9,none,none,dash,noRotation,,dash,0,sw,ne,dash,noRotation,,dash,0,s,n,3
S,eta7,eta1,none,same,pro,cw,,cw,0,sw,nw,pro,cw,,cw,0,w,n,3
P,eta7,zeta13,none,opp,pro,cw,,cw,0,sw,nw,pro,ccw,,ccw,0,w,s,3
V,eta7,eta1,none,same,pro,cw,,cw,0,sw,nw,anti,ccw,,cw,0,w,n,3
R,eta7,zeta13,none,opp,pro,cw,,cw,0,sw,nw,anti,cw,,ccw,0,w,s,3
Y,eta7,eta15,none,none,pro,cw,,cw,0,sw,nw,static,noRotation,,static,0,w,w,3
W-,eta7,zeta3,none,none,pro,cw,,cw,0,sw,nw,dash,noRotation,,dash,0,w,e,3
M,eta7,zeta9,none,opp,pro,ccw,,ccw,0,sw,se,pro,cw,,cw,0,w,n,3
S,eta7,eta5,none,same,pro,ccw,,ccw,0,sw,se,pro,ccw,,ccw,0,w,s,3
O,eta7,zeta9,none,opp,pro,ccw,,ccw,0,sw,se,anti,ccw,,cw,0,w,n,3
U,eta7,eta5,none,same,pro,ccw,,ccw,0,sw,se,anti,cw,,ccw,0,w,s,3
Θ,eta7,zeta7,none,none,pro,ccw,,ccw,0,sw,se,static,noRotation,,static,0,w,w,3
Σ-,eta7,eta11,none,none,pro,ccw,,ccw,0,sw,se,dash,noRotation,,dash,0,w,e,3
U,eta7,eta1,none,same,anti,ccw,,cw,0,sw,nw,pro,cw,,cw,0,w,n,3
R,eta7,zeta13,none,opp,anti,ccw,,cw,0,sw,nw,pro,ccw,,ccw,0,w,s,3
T,eta7,eta1,none,same,anti,ccw,,cw,0,sw,nw,anti,ccw,,cw,0,w,n,3
Q,eta7,zeta13,none,opp,anti,ccw,,cw,0,sw,nw,anti,cw,,ccw,0,w,s,3
Z,eta7,eta15,none,none,anti,ccw,,cw,0,sw,nw,static,noRotation,,static,0,w,w,3
X-,eta7,zeta3,none,none,anti,ccw,,cw,0,sw,nw,dash,noRotation,,dash,0,w,e,3
O,eta7,zeta9,none,opp,anti,cw,,ccw,0,sw,se,pro,cw,,cw,0,w,n,3
V,eta7,eta5,none,same,anti,cw,,ccw,0,sw,se,pro,ccw,,ccw,0,w,s,3
N,eta7,zeta9,none,opp,anti,cw,,ccw,0,sw,se,anti,ccw,,cw,0,w,n,3
T,eta7,eta5,none,same,anti,cw,,ccw,0,sw,se,anti,cw,,ccw,0,w,s,3
Ω,eta7,zeta7,none,none,anti,cw,,ccw,0,sw,se,static,noRotation,,static,0,w,w,3
Δ-,eta7,eta11,none,none,anti,cw,,ccw,0,sw,se,dash,noRotation,,dash,0,w,e,3
Θ,eta7,zeta1,none,none,static,noRotation,,static,0,sw,sw,pro,cw,,cw,0,w,n,3
Y,eta7,eta13,none,none,static,noRotation,,static,0,sw,sw,pro,ccw,,ccw,0,w,s,3
Ω,eta7,zeta1,none,none,static,noRotation,,static,0,sw,sw,anti,ccw,,cw,0,w,n,3
Z,eta7,eta13,none,none,static,noRotation,,static,0,sw,sw,anti,cw,,ccw,0,w,s,3
η,eta7,eta7,none,none,static,noRotation,,static,0,sw,sw,static,noRotation,,static,0,w,w,3
Φ,eta7,zeta11,none,none,static,noRotation,,static,0,sw,sw,dash,noRotation,,dash,0,w,e,3
Σ-,eta7,eta9,none,none,dash,noRotation,,dash,0,sw,ne,pro,cw,,cw,0,w,n,3
W-,eta7,zeta5,none,none,dash,noRotation,,dash,0,sw,ne,pro,ccw,,ccw,0,w,s,3
Δ-,eta7,eta9,none,none,dash,noRotation,,dash,0,sw,ne,anti,ccw,,cw,0,w,n,3
X-,eta7,zeta5,none,none,dash,noRotation,,dash,0,sw,ne,anti,cw,,ccw,0,w,s,3
Φ,eta7,zeta15,none,none,dash,noRotation,,dash,0,sw,ne,static,noRotation,,static,0,w,w,3
Ψ-,eta7,eta3,none,none,dash,noRotation,,dash,0,sw,ne,dash,noRotation,,dash,0,w,e,3
S,zeta2,zeta4,none,same,pro,cw,,cw,0,w,n,pro,cw,,cw,0,ne,se,3
P,zeta2,eta16,none,opp,pro,cw,,cw,0,w,n,pro,ccw,,ccw,0,ne,nw,3
V,zeta2,zeta4,none,same,pro,cw,,cw,0,w,n,anti,ccw,,cw,0,ne,se,3
R,zeta2,eta16,none,opp,pro,cw,,cw,0,w,n,anti,cw,,ccw,0,ne,nw,3
Σ,zeta2,eta2,none,none,pro,cw,,cw,0,w,n,static,noRotation,,static,0,ne,ne,3
Θ-,zeta2,zeta14,none,none,pro,cw,,cw,0,w,n,dash,noRotation,,dash,0,ne,sw,3
M,zeta2,eta12,none,opp,pro,ccw,,ccw,0,w,s,pro,cw,,cw,0,ne,se,3
S,zeta2,zeta8,none,same,pro,ccw,,ccw,0,w,s,pro,ccw,,ccw,0,ne,nw,3
O,zeta2,eta12,none,opp,pro,ccw,,ccw,0,w,s,anti,ccw,,cw,0,ne,se,3
U,zeta2,zeta8,none,same,pro,ccw,,ccw,0,w,s,anti,cw,,ccw,0,ne,nw,3
W,zeta2,zeta10,none,none,pro,ccw,,ccw,0,w,s,static,noRotation,,static,0,ne,ne,3
Y-,zeta2,eta6,none,none,pro,ccw,,ccw,0,w,s,dash,noRotation,,dash,0,ne,sw,3
U,zeta2,zeta4,none,same,anti,ccw,,cw,0,w,n,pro,cw,,cw,0,ne,se,3
R,zeta2,eta16,none,opp,anti,ccw,,cw,0,w,n,pro,ccw,,ccw,0,ne,nw,3
T,zeta2,zeta4,none,same,anti,ccw,,cw,0,w,n,anti,ccw,,cw,0,ne,se,3
Q,zeta2,eta16,none,opp,anti,ccw,,cw,0,w,n,anti,cw,,ccw,0,ne,nw,3
Δ,zeta2,eta2,none,none,anti,ccw,,cw,0,w,n,static,noRotation,,static,0,ne,ne,3
Ω-,zeta2,zeta14,none,none,anti,ccw,,cw,0,w,n,dash,noRotation,,dash,0,ne,sw,3
O,zeta2,eta12,none,opp,anti,cw,,ccw,0,w,s,pro,cw,,cw,0,ne,se,3
V,zeta2,zeta8,none,same,anti,cw,,ccw,0,w,s,pro,ccw,,ccw,0,ne,nw,3
N,zeta2,eta12,none,opp,anti,cw,,ccw,0,w,s,anti,ccw,,cw,0,ne,se,3
T,zeta2,zeta8,none,same,anti,cw,,ccw,0,w,s,anti,cw,,ccw,0,ne,nw,3
X,zeta2,zeta10,none,none,anti,cw,,ccw,0,w,s,static,noRotation,,static,0,ne,ne,3
Z-,zeta2,eta6,none,none,anti,cw,,ccw,0,w,s,dash,noRotation,,dash,0,ne,sw,3
W,zeta2,zeta12,none,none,static,noRotation,,static,0,w,w,pro,cw,,cw,0,ne,se,3
Σ,zeta2,eta8,none,none,static,noRotation,,static,0,w,w,pro,ccw,,ccw,0,ne,nw,3
X,zeta2,zeta12,none,none,static,noRotation,,static,0,w,w,anti,ccw,,cw,0,ne,se,3
Δ,zeta2,eta8,none,none,static,noRotation,,static,0,w,w,anti,cw,,ccw,0,ne,nw,3
ζ,zeta2,zeta2,none,none,static,noRotation,,static,0,w,w,static,noRotation,,static,0,ne,ne,3
Ψ,zeta2,eta14,none,none,static,noRotation,,static,0,w,w,dash,noRotation,,dash,0,ne,sw,3
Y-,zeta2,eta4,none,none,dash,noRotation,,dash,0,w,e,pro,cw,,cw,0,ne,se,3
Θ-,zeta2,zeta16,none,none,dash,noRotation,,dash,0,w,e,pro,ccw,,ccw,0,ne,nw,3
Z-,zeta2,eta4,none,none,dash,noRotation,,dash,0,w,e,anti,ccw,,cw,0,ne,se,3
Ω-,zeta2,zeta16,none,none,dash,noRotation,,dash,0,w,e,anti,cw,,ccw,0,ne,nw,3
Ψ,zeta2,eta10,none,none,dash,noRotation,,dash,0,w,e,static,noRotation,,static,0,ne,ne,3
Φ-,zeta2,zeta6,none,none,dash,noRotation,,dash,0,w,e,dash,noRotation,,dash,0,ne,sw,3
S,zeta12,zeta14,none,same,pro,cw,,cw,0,w,n,pro,cw,,cw,0,se,sw,3
M,zeta12,eta2,none,opp,pro,cw,,cw,0,w,n,pro,ccw,,ccw,0,se,ne,3
U,zeta12,zeta14,none,same,pro,cw,,cw,0,w,n,anti,ccw,,cw,0,se,sw,3
O,zeta12,eta2,none,opp,pro,cw,,cw,0,w,n,anti,cw,,ccw,0,se,ne,3
W,zeta12,zeta4,none,none,pro,cw,,cw,0,w,n,static,noRotation,,static,0,se,se,3
Y-,zeta12,eta16,none,none,pro,cw,,cw,0,w,n,dash,noRotation,,dash,0,se,nw,3
P,zeta12,eta6,none,opp,pro,ccw,,ccw,0,w,s,pro,cw,,cw,0,se,sw,3
S,zeta12,zeta10,none,same,pro,ccw,,ccw,0,w,s,pro,ccw,,ccw,0,se,ne,3
R,zeta12,eta6,none,opp,pro,ccw,,ccw,0,w,s,anti,ccw,,cw,0,se,sw,3
V,zeta12,zeta10,none,same,pro,ccw,,ccw,0,w,s,anti,cw,,ccw,0,se,ne,3
Σ,zeta12,eta12,none,none,pro,ccw,,ccw,0,w,s,static,noRotation,,static,0,se,se,3
Θ-,zeta12,zeta8,none,none,pro,ccw,,ccw,0,w,s,dash,noRotation,,dash,0,se,nw,3
V,zeta12,zeta14,none,same,anti,ccw,,cw,0,w,n,pro,cw,,cw,0,se,sw,3
O,zeta12,eta2,none,opp,anti,ccw,,cw,0,w,n,pro,ccw,,ccw,0,se,ne,3
T,zeta12,zeta14,none,same,anti,ccw,,cw,0,w,n,anti,ccw,,cw,0,se,sw,3
N,zeta12,eta2,none,opp,anti,ccw,,cw,0,w,n,anti,cw,,ccw,0,se,ne,3
X,zeta12,zeta4,none,none,anti,ccw,,cw,0,w,n,static,noRotation,,static,0,se,se,3
Z-,zeta12,eta16,none,none,anti,ccw,,cw,0,w,n,dash,noRotation,,dash,0,se,nw,3
R,zeta12,eta6,none,opp,anti,cw,,ccw,0,w,s,pro,cw,,cw,0,se,sw,3
U,zeta12,zeta10,none,same,anti,cw,,ccw,0,w,s,pro,ccw,,ccw,0,se,ne,3
Q,zeta12,eta6,none,opp,anti,cw,,ccw,0,w,s,anti,ccw,,cw,0,se,sw,3
T,zeta12,zeta10,none,same,anti,cw,,ccw,0,w,s,anti,cw,,ccw,0,se,ne,3
Δ,zeta12,eta12,none,none,anti,cw,,ccw,0,w,s,static,noRotation,,static,0,se,se,3
Ω-,zeta12,zeta8,none,none,anti,cw,,ccw,0,w,s,dash,noRotation,,dash,0,se,nw,3
Σ,zeta12,eta14,none,none,static,noRotation,,static,0,w,w,pro,cw,,cw,0,se,sw,3
W,zeta12,zeta2,none,none,static,noRotation,,static,0,w,w,pro,ccw,,ccw,0,se,ne,3
Δ,zeta12,eta14,none,none,static,noRotation,,static,0,w,w,anti,ccw,,cw,0,se,sw,3
X,zeta12,zeta2,none,none,static,noRotation,,static,0,w,w,anti,cw,,ccw,0,se,ne,3
ζ,zeta12,zeta12,none,none,static,noRotation,,static,0,w,w,static,noRotation,,static,0,se,se,3
Ψ,zeta12,eta8,none,none,static,noRotation,,static,0,w,w,dash,noRotation,,dash,0,se,nw,3
Θ-,zeta12,zeta6,none,none,dash,noRotation,,dash,0,w,e,pro,cw,,cw,0,se,sw,3
Y-,zeta12,eta10,none,none,dash,noRotation,,dash,0,w,e,pro,ccw,,ccw,0,se,ne,3
Ω-,zeta12,zeta6,none,none,dash,noRotation,,dash,0,w,e,anti,ccw,,cw,0,se,sw,3
Z-,zeta12,eta10,none,none,dash,noRotation,,dash,0,w,e,anti,cw,,ccw,0,se,ne,3
Ψ,zeta12,eta4,none,none,dash,noRotation,,dash,0,w,e,static,noRotation,,static,0,se,se,3
Φ-,zeta12,zeta16,none,none,dash,noRotation,,dash,0,w,e,dash,noRotation,,dash,0,se,nw,3
S,eta14,eta16,none,same,pro,cw,,cw,0,w,n,pro,cw,,cw,0,sw,nw,3
M,eta14,zeta4,none,opp,pro,cw,,cw,0,w,n,pro,ccw,,ccw,0,sw,se,3
U,eta14,eta16,none,same,pro,cw,,cw,0,w,n,anti,ccw,,cw,0,sw,nw,3
O,eta14,zeta4,none,opp,pro,cw,,cw,0,w,n,anti,cw,,ccw,0,sw,se,3
Θ,eta14,zeta14,none,none,pro,cw,,cw,0,w,n,static,noRotation,,static,0,sw,sw,3
Σ-,eta14,eta2,none,none,pro,cw,,cw,0,w,n,dash,noRotation,,dash,0,sw,ne,3
P,eta14,zeta8,none,opp,pro,ccw,,ccw,0,w,s,pro,cw,,cw,0,sw,nw,3
S,eta14,eta12,none,same,pro,ccw,,ccw,0,w,s,pro,ccw,,ccw,0,sw,se,3
R,eta14,zeta8,none,opp,pro,ccw,,ccw,0,w,s,anti,ccw,,cw,0,sw,nw,3
V,eta14,eta12,none,same,pro,ccw,,ccw,0,w,s,anti,cw,,ccw,0,sw,se,3
Y,eta14,eta6,none,none,pro,ccw,,ccw,0,w,s,static,noRotation,,static,0,sw,sw,3
W-,eta14,zeta10,none,none,pro,ccw,,ccw,0,w,s,dash,noRotation,,dash,0,sw,ne,3
V,eta14,eta16,none,same,anti,ccw,,cw,0,w,n,pro,cw,,cw,0,sw,nw,3
O,eta14,zeta4,none,opp,anti,ccw,,cw,0,w,n,pro,ccw,,ccw,0,sw,se,3
T,eta14,eta16,none,same,anti,ccw,,cw,0,w,n,anti,ccw,,cw,0,sw,nw,3
N,eta14,zeta4,none,opp,anti,ccw,,cw,0,w,n,anti,cw,,ccw,0,sw,se,3
Ω,eta14,zeta14,none,none,anti,ccw,,cw,0,w,n,static,noRotation,,static,0,sw,sw,3
Δ-,eta14,eta2,none,none,anti,ccw,,cw,0,w,n,dash,noRotation,,dash,0,sw,ne,3
R,eta14,zeta8,none,opp,anti,cw,,ccw,0,w,s,pro,cw,,cw,0,sw,nw,3
U,eta14,eta12,none,same,anti,cw,,ccw,0,w,s,pro,ccw,,ccw,0,sw,se,3
Q,eta14,zeta8,none,opp,anti,cw,,ccw,0,w,s,anti,ccw,,cw,0,sw,nw,3
T,eta14,eta12,none,same,anti,cw,,ccw,0,w,s,anti,cw,,ccw,0,sw,se,3
Z,eta14,eta6,none,none,anti,cw,,ccw,0,w,s,static,noRotation,,static,0,sw,sw,3
X-,eta14,zeta10,none,none,anti,cw,,ccw,0,w,s,dash,noRotation,,dash,0,sw,ne,3
Y,eta14,eta8,none,none,static,noRotation,,static,0,w,w,pro,cw,,cw,0,sw,nw,3
Θ,eta14,zeta12,none,none,static,noRotation,,static,0,w,w,pro,ccw,,ccw,0,sw,se,3
Z,eta14,eta8,none,none,static,noRotation,,static,0,w,w,anti,ccw,,cw,0,sw,nw,3
Ω,eta14,zeta12,none,none,static,noRotation,,static,0,w,w,anti,cw,,ccw,0,sw,se,3
η,eta14,eta14,none,none,static,noRotation,,static,0,w,w,static,noRotation,,static,0,sw,sw,3
Φ,eta14,zeta2,none,none,static,noRotation,,static,0,w,w,dash,noRotation,,dash,0,sw,ne,3
W-,eta14,zeta16,none,none,dash,noRotation,,dash,0,w,e,pro,cw,,cw,0,sw,nw,3
Σ-,eta14,eta4,none,none,dash,noRotation,,dash,0,w,e,pro,ccw,,ccw,0,sw,se,3
X-,eta14,zeta16,none,none,dash,noRotation,,dash,0,w,e,anti,ccw,,cw,0,sw,nw,3
Δ-,eta14,eta4,none,none,dash,noRotation,,dash,0,w,e,anti,cw,,ccw,0,sw,se,3
Φ,eta14,zeta6,none,none,dash,noRotation,,dash,0,w,e,static,noRotation,,static,0,sw,sw,3
Ψ-,eta14,eta10,none,none,dash,noRotation,,dash,0,w,e,dash,noRotation,,dash,0,sw,ne,3
S,eta8,eta2,none,same,pro,cw,,cw,0,w,n,pro,cw,,cw,0,nw,ne,3
P,eta8,zeta14,none,opp,pro,cw,,cw,0,w,n,pro,ccw,,ccw,0,nw,sw,3
V,eta8,eta2,none,same,pro,cw,,cw,0,w,n,anti,ccw,,cw,0,nw,ne,3
R,eta8,zeta14,none,opp,pro,cw,,cw,0,w,n,anti,cw,,ccw,0,nw,sw,3
Y,eta8,eta16,none,none,pro,cw,,cw,0,w,n,static,noRotation,,static,0,nw,nw,3
W-,eta8,zeta4,none,none,pro,cw,,cw,0,w,n,dash,noRotation,,dash,0,nw,se,3
M,eta8,zeta10,none,opp,pro,ccw,,ccw,0,w,s,pro,cw,,cw,0,nw,ne,3
S,eta8,eta6,none,same,pro,ccw,,ccw,0,w,s,pro,ccw,,ccw,0,nw,sw,3
O,eta8,zeta10,none,opp,pro,ccw,,ccw,0,w,s,anti,ccw,,cw,0,nw,ne,3
U,eta8,eta6,none,same,pro,ccw,,ccw,0,w,s,anti,cw,,ccw,0,nw,sw,3
Θ,eta8,zeta8,none,none,pro,ccw,,ccw,0,w,s,static,noRotation,,static,0,nw,nw,3
Σ-,eta8,eta12,none,none,pro,ccw,,ccw,0,w,s,dash,noRotation,,dash,0,nw,se,3
U,eta8,eta2,none,same,anti,ccw,,cw,0,w,n,pro,cw,,cw,0,nw,ne,3
R,eta8,zeta14,none,opp,anti,ccw,,cw,0,w,n,pro,ccw,,ccw,0,nw,sw,3
T,eta8,eta2,none,same,anti,ccw,,cw,0,w,n,anti,ccw,,cw,0,nw,ne,3
Q,eta8,zeta14,none,opp,anti,ccw,,cw,0,w,n,anti,cw,,ccw,0,nw,sw,3
Z,eta8,eta16,none,none,anti,ccw,,cw,0,w,n,static,noRotation,,static,0,nw,nw,3
X-,eta8,zeta4,none,none,anti,ccw,,cw,0,w,n,dash,noRotation,,dash,0,nw,se,3
O,eta8,zeta10,none,opp,anti,cw,,ccw,0,w,s,pro,cw,,cw,0,nw,ne,3
V,eta8,eta6,none,same,anti,cw,,ccw,0,w,s,pro,ccw,,ccw,0,nw,sw,3
N,eta8,zeta10,none,opp,anti,cw,,ccw,0,w,s,anti,ccw,,cw,0,nw,ne,3
T,eta8,eta6,none,same,anti,cw,,ccw,0,w,s,anti,cw,,ccw,0,nw,sw,3
Ω,eta8,zeta8,none,none,anti,cw,,ccw,0,w,s,static,noRotation,,static,0,nw,nw,3
Δ-,eta8,eta12,none,none,anti,cw,,ccw,0,w,s,dash,noRotation,,dash,0,nw,se,3
Θ,eta8,zeta2,none,none,static,noRotation,,static,0,w,w,pro,cw,,cw,0,nw,ne,3
Y,eta8,eta14,none,none,static,noRotation,,static,0,w,w,pro,ccw,,ccw,0,nw,sw,3
Ω,eta8,zeta2,none,none,static,noRotation,,static,0,w,w,anti,ccw,,cw,0,nw,ne,3
Z,eta8,eta14,none,none,static,noRotation,,static,0,w,w,anti,cw,,ccw,0,nw,sw,3
η,eta8,eta8,none,none,static,noRotation,,static,0,w,w,static,noRotation,,static,0,nw,nw,3
Φ,eta8,zeta12,none,none,static,noRotation,,static,0,w,w,dash,noRotation,,dash,0,nw,se,3
Σ-,eta8,eta10,none,none,dash,noRotation,,dash,0,w,e,pro,cw,,cw,0,nw,ne,3
W-,eta8,zeta6,none,none,dash,noRotation,,dash,0,w,e,pro,ccw,,ccw,0,nw,sw,3
Δ-,eta8,eta10,none,none,dash,noRotation,,dash,0,w,e,anti,ccw,,cw,0,nw,ne,3
X-,eta8,zeta6,none,none,dash,noRotation,,dash,0,w,e,anti,cw,,ccw,0,nw,sw,3
Φ,eta8,zeta16,none,none,dash,noRotation,,dash,0,w,e,static,noRotation,,static,0,nw,nw,3
Ψ-,eta8,eta4,none,none,dash,noRotation,,dash,0,w,e,dash,noRotation,,dash,0,nw,se,3
S,eta1,eta3,none,same,pro,cw,,cw,0,nw,ne,pro,cw,,cw,0,n,e,3
P,eta1,zeta15,none,opp,pro,cw,,cw,0,nw,ne,pro,ccw,,ccw,0,n,w,3
V,eta1,eta3,none,same,pro,cw,,cw,0,nw,ne,anti,ccw,,cw,0,n,e,3
R,eta1,zeta15,none,opp,pro,cw,,cw,0,nw,ne,anti,cw,,ccw,0,n,w,3
Y,eta1,eta9,none,none,pro,cw,,cw,0,nw,ne,static,noRotation,,static,0,n,n,3
W-,eta1,zeta5,none,none,pro,cw,,cw,0,nw,ne,dash,noRotation,,dash,0,n,s,3
M,eta1,zeta11,none,opp,pro,ccw,,ccw,0,nw,sw,pro,cw,,cw,0,n,e,3
S,eta1,eta7,none,same,pro,ccw,,ccw,0,nw,sw,pro,ccw,,ccw,0,n,w,3
O,eta1,zeta11,none,opp,pro,ccw,,ccw,0,nw,sw,anti,ccw,,cw,0,n,e,3
U,eta1,eta7,none,same,pro,ccw,,ccw,0,nw,sw,anti,cw,,ccw,0,n,w,3
Θ,eta1,zeta1,none,none,pro,ccw,,ccw,0,nw,sw,static,noRotation,,static,0,n,n,3
Σ-,eta1,eta13,none,none,pro,ccw,,ccw,0,nw,sw,dash,noRotation,,dash,0,n,s,3
U,eta1,eta3,none,same,anti,ccw,,cw,0,nw,ne,pro,cw,,cw,0,n,e,3
R,eta1,zeta15,none,opp,anti,ccw,,cw,0,nw,ne,pro,ccw,,ccw,0,n,w,3
T,eta1,eta3,none,same,anti,ccw,,cw,0,nw,ne,anti,ccw,,cw,0,n,e,3
Q,eta1,zeta15,none,opp,anti,ccw,,cw,0,nw,ne,anti,cw,,ccw,0,n,w,3
Z,eta1,eta9,none,none,anti,ccw,,cw,0,nw,ne,static,noRotation,,static,0,n,n,3
X-,eta1,zeta5,none,none,anti,ccw,,cw,0,nw,ne,dash,noRotation,,dash,0,n,s,3
O,eta1,zeta11,none,opp,anti,cw,,ccw,0,nw,sw,pro,cw,,cw,0,n,e,3
V,eta1,eta7,none,same,anti,cw,,ccw,0,nw,sw,pro,ccw,,ccw,0,n,w,3
N,eta1,zeta11,none,opp,anti,cw,,ccw,0,nw,sw,anti,ccw,,cw,0,n,e,3
T,eta1,eta7,none,same,anti,cw,,ccw,0,nw,sw,anti,cw,,ccw,0,n,w,3
Ω,eta1,zeta1,none,none,anti,cw,,ccw,0,nw,sw,static,noRotation,,static,0,n,n,3
Δ-,eta1,eta13,none,none,anti,cw,,ccw,0,nw,sw,dash,noRotation,,dash,0,n,s,3
Θ,eta1,zeta3,none,none,static,noRotation,,static,0,nw,nw,pro,cw,,cw,0,n,e,3
Y,eta1,eta15,none,none,static,noRotation,,static,0,nw,nw,pro,ccw,,ccw,0,n,w,3
Ω,eta1,zeta3,none,none,static,noRotation,,static,0,nw,nw,anti,ccw,,cw,0,n,e,3
Z,eta1,eta15,none,none,static,noRotation,,static,0,nw,nw,anti,cw,,ccw,0,n,w,3
η,eta1,eta1,none,none,static,noRotation,,static,0,nw,nw,static,noRotation,,static,0,n,n,3
Φ,eta1,zeta13,none,none,static,noRotation,,static,0,nw,nw,dash,noRotation,,dash,0,n,s,3
Σ-,eta1,eta11,none,none,dash,noRotation,,dash,0,nw,se,pro,cw,,cw,0,n,e,3
W-,eta1,zeta7,none,none,dash,noRotation,,dash,0,nw,se,pro,ccw,,ccw,0,n,w,3
Δ-,eta1,eta11,none,none,dash,noRotation,,dash,0,nw,se,anti,ccw,,cw,0,n,e,3
X-,eta1,zeta7,none,none,dash,noRotation,,dash,0,nw,se,anti,cw,,ccw,0,n,w,3
Φ,eta1,zeta9,none,none,dash,noRotation,,dash,0,nw,se,static,noRotation,,static,0,n,n,3
Ψ-,eta1,eta5,none,none,dash,noRotation,,dash,0,nw,se,dash,noRotation,,dash,0,n,s,3
S,zeta3,zeta5,none,same,pro,cw,,cw,0,nw,ne,pro,cw,,cw,0,e,s,3
P,zeta3,eta9,none,opp,pro,cw,,cw,0,nw,ne,pro,ccw,,ccw,0,e,n,3
V,zeta3,zeta5,none,same,pro,cw,,cw,0,nw,ne,anti,ccw,,cw,0,e,s,3
R,zeta3,eta9,none,opp,pro,cw,,cw,0,nw,ne,anti,cw,,ccw,0,e,n,3
Σ,zeta3,eta3,none,none,pro,cw,,cw,0,nw,ne,static,noRotation,,static,0,e,e,3
Θ-,zeta3,zeta15,none,none,pro,cw,,cw,0,nw,ne,dash,noRotation,,dash,0,e,w,3
M,zeta3,eta13,none,opp,pro,ccw,,ccw,0,nw,sw,pro,cw,,cw,0,e,s,3
S,zeta3,zeta1,none,same,pro,ccw,,ccw,0,nw,sw,pro,ccw,,ccw,0,e,n,3
O,zeta3,eta13,none,opp,pro,ccw,,ccw,0,nw,sw,anti,ccw,,cw,0,e,s,3
U,zeta3,zeta1,none,same,pro,ccw,,ccw,0,nw,sw,anti,cw,,ccw,0,e,n,3
W,zeta3,zeta11,none,none,pro,ccw,,ccw,0,nw,sw,static,noRotation,,static,0,e,e,3
Y-,zeta3,eta7,none,none,pro,ccw,,ccw,0,nw,sw,dash,noRotation,,dash,0,e,w,3
U,zeta3,zeta5,none,same,anti,ccw,,cw,0,nw,ne,pro,cw,,cw,0,e,s,3
R,zeta3,eta9,none,opp,anti,ccw,,cw,0,nw,ne,pro,ccw,,ccw,0,e,n,3
T,zeta3,zeta5,none,same,anti,ccw,,cw,0,nw,ne,anti,ccw,,cw,0,e,s,3
Q,zeta3,eta9,none,opp,anti,ccw,,cw,0,nw,ne,anti,cw,,ccw,0,e,n,3
Δ,zeta3,eta3,none,none,anti,ccw,,cw,0,nw,ne,static,noRotation,,static,0,e,e,3
Ω-,zeta3,zeta15,none,none,anti,ccw,,cw,0,nw,ne,dash,noRotation,,dash,0,e,w,3
O,zeta3,eta13,none,opp,anti,cw,,ccw,0,nw,sw,pro,cw,,cw,0,e,s,3
V,zeta3,zeta1,none,same,anti,cw,,ccw,0,nw,sw,pro,ccw,,ccw,0,e,n,3
N,zeta3,eta13,none,opp,anti,cw,,ccw,0,nw,sw,anti,ccw,,cw,0,e,s,3
T,zeta3,zeta1,none,same,anti,cw,,ccw,0,nw,sw,anti,cw,,ccw,0,e,n,3
X,zeta3,zeta11,none,none,anti,cw,,ccw,0,nw,sw,static,noRotation,,static,0,e,e,3
Z-,zeta3,eta7,none,none,anti,cw,,ccw,0,nw,sw,dash,noRotation,,dash,0,e,w,3
W,zeta3,zeta13,none,none,static,noRotation,,static,0,nw,nw,pro,cw,,cw,0,e,s,3
Σ,zeta3,eta1,none,none,static,noRotation,,static,0,nw,nw,pro,ccw,,ccw,0,e,n,3
X,zeta3,zeta13,none,none,static,noRotation,,static,0,nw,nw,anti,ccw,,cw,0,e,s,3
Δ,zeta3,eta1,none,none,static,noRotation,,static,0,nw,nw,anti,cw,,ccw,0,e,n,3
ζ,zeta3,zeta3,none,none,static,noRotation,,static,0,nw,nw,static,noRotation,,static,0,e,e,3
Ψ,zeta3,eta15,none,none,static,noRotation,,static,0,nw,nw,dash,noRotation,,dash,0,e,w,3
Y-,zeta3,eta5,none,none,dash,noRotation,,dash,0,nw,se,pro,cw,,cw,0,e,s,3
Θ-,zeta3,zeta9,none,none,dash,noRotation,,dash,0,nw,se,pro,ccw,,ccw,0,e,n,3
Z-,zeta3,eta5,none,none,dash,noRotation,,dash,0,nw,se,anti,ccw,,cw,0,e,s,3
Ω-,zeta3,zeta9,none,none,dash,noRotation,,dash,0,nw,se,anti,cw,,ccw,0,e,n,3
Ψ,zeta3,eta11,none,none,dash,noRotation,,dash,0,nw,se,static,noRotation,,static,0,e,e,3
Φ-,zeta3,zeta7,none,none,dash,noRotation,,dash,0,nw,se,dash,noRotation,,dash,0,e,w,3
S,zeta13,zeta15,none,same,pro,cw,,cw,0,nw,ne,pro,cw,,cw,0,s,w,3
M,zeta13,eta3,none,opp,pro,cw,,cw,0,nw,ne,pro,ccw,,ccw,0,s,e,3
U,zeta13,zeta15,none,same,pro,cw,,cw,0,nw,ne,anti,ccw,,cw,0,s,w,3
O,zeta13,eta3,none,opp,pro,cw,,cw,0,nw,ne,anti,cw,,ccw,0,s,e,3
W,zeta13,zeta5,none,none,pro,cw,,cw,0,nw,ne,static,noRotation,,static,0,s,s,3
Y-,zeta13,eta9,none,none,pro,cw,,cw,0,nw,ne,dash,noRotation,,dash,0,s,n,3
P,zeta13,eta7,none,opp,pro,ccw,,ccw,0,nw,sw,pro,cw,,cw,0,s,w,3
S,zeta13,zeta11,none,same,pro,ccw,,ccw,0,nw,sw,pro,ccw,,ccw,0,s,e,3
R,zeta13,eta7,none,opp,pro,ccw,,ccw,0,nw,sw,anti,ccw,,cw,0,s,w,3
V,zeta13,zeta11,none,same,pro,ccw,,ccw,0,nw,sw,anti,cw,,ccw,0,s,e,3
Σ,zeta13,eta13,none,none,pro,ccw,,ccw,0,nw,sw,static,noRotation,,static,0,s,s,3
Θ-,zeta13,zeta1,none,none,pro,ccw,,ccw,0,nw,sw,dash,noRotation,,dash,0,s,n,3
V,zeta13,zeta15,none,same,anti,ccw,,cw,0,nw,ne,pro,cw,,cw,0,s,w,3
O,zeta13,eta3,none,opp,anti,ccw,,cw,0,nw,ne,pro,ccw,,ccw,0,s,e,3
T,zeta13,zeta15,none,same,anti,ccw,,cw,0,nw,ne,anti,ccw,,cw,0,s,w,3
N,zeta13,eta3,none,opp,anti,ccw,,cw,0,nw,ne,anti,cw,,ccw,0,s,e,3
X,zeta13,zeta5,none,none,anti,ccw,,cw,0,nw,ne,static,noRotation,,static,0,s,s,3
Z-,zeta13,eta9,none,none,anti,ccw,,cw,0,nw,ne,dash,noRotation,,dash,0,s,n,3
R,zeta13,eta7,none,opp,anti,cw,,ccw,0,nw,sw,pro,cw,,cw,0,s,w,3
U,zeta13,zeta11,none,same,anti,cw,,ccw,0,nw,sw,pro,ccw,,ccw,0,s,e,3
Q,zeta13,eta7,none,opp,anti,cw,,ccw,0,nw,sw,anti,ccw,,cw,0,s,w,3
T,zeta13,zeta11,none,same,anti,cw,,ccw,0,nw,sw,anti,cw,,ccw,0,s,e,3
Δ,zeta13,eta13,none,none,anti,cw,,ccw,0,nw,sw,static,noRotation,,static,0,s,s,3
Ω-,zeta13,zeta1,none,none,anti,cw,,ccw,0,nw,sw,dash,noRotation,,dash,0,s,n,3
Σ,zeta13,eta15,none,none,static,noRotation,,static,0,nw,nw,pro,cw,,cw,0,s,w,3
W,zeta13,zeta3,none,none,static,noRotation,,static,0,nw,nw,pro,ccw,,ccw,0,s,e,3
Δ,zeta13,eta15,none,none,static,noRotation,,static,0,nw,nw,anti,ccw,,cw,0,s,w,3
X,zeta13,zeta3,none,none,static,noRotation,,static,0,nw,nw,anti,cw,,ccw,0,s,e,3
ζ,zeta13,zeta13,none,none,static,noRotation,,static,0,nw,nw,static,noRotation,,static,0,s,s,3
Ψ,zeta13,eta1,none,none,static,noRotation,,static,0,nw,nw,dash,noRotation,,dash,0,s,n,3
Θ-,zeta13,zeta7,none,none,dash,noRotation,,dash,0,nw,se,pro,cw,,cw,0,s,w,3
Y-,zeta13,eta11,none,none,dash,noRotation,,dash,0,nw,se,pro,ccw,,ccw,0,s,e,3
Ω-,zeta13,zeta7,none,none,dash,noRotation,,dash,0,nw,se,anti,ccw,,cw,0,s,w,3
Z-,zeta13,eta11,none,none,dash,noRotation,,dash,0,nw,se,anti,cw,,ccw,0,s,e,3
Ψ,zeta13,eta5,none,none,dash,noRotation,,dash,0,nw,se,static,noRotation,,static,0,s,s,3
Φ-,zeta13,zeta9,none,none,dash,noRotation,,dash,0,nw,se,dash,noRotation,,dash,0,s,n,3
S,eta15,eta9,none,same,pro,cw,,cw,0,nw,ne,pro,cw,,cw,0,w,n,3
M,eta15,zeta5,none,opp,pro,cw,,cw,0,nw,ne,pro,ccw,,ccw,0,w,s,3
U,eta15,eta9,none,same,pro,cw,,cw,0,nw,ne,anti,ccw,,cw,0,w,n,3
O,eta15,zeta5,none,opp,pro,cw,,cw,0,nw,ne,anti,cw,,ccw,0,w,s,3
Θ,eta15,zeta15,none,none,pro,cw,,cw,0,nw,ne,static,noRotation,,static,0,w,w,3
Σ-,eta15,eta3,none,none,pro,cw,,cw,0,nw,ne,dash,noRotation,,dash,0,w,e,3
P,eta15,zeta1,none,opp,pro,ccw,,ccw,0,nw,sw,pro,cw,,cw,0,w,n,3
S,eta15,eta13,none,same,pro,ccw,,ccw,0,nw,sw,pro,ccw,,ccw,0,w,s,3
R,eta15,zeta1,none,opp,pro,ccw,,ccw,0,nw,sw,anti,ccw,,cw,0,w,n,3
V,eta15,eta13,none,same,pro,ccw,,ccw,0,nw,sw,anti,cw,,ccw,0,w,s,3
Y,eta15,eta7,none,none,pro,ccw,,ccw,0,nw,sw,static,noRotation,,static,0,w,w,3
W-,eta15,zeta11,none,none,pro,ccw,,ccw,0,nw,sw,dash,noRotation,,dash,0,w,e,3
V,eta15,eta9,none,same,anti,ccw,,cw,0,nw,ne,pro,cw,,cw,0,w,n,3
O,eta15,zeta5,none,opp,anti,ccw,,cw,0,nw,ne,pro,ccw,,ccw,0,w,s,3
T,eta15,eta9,none,same,anti,ccw,,cw,0,nw,ne,anti,ccw,,cw,0,w,n,3
N,eta15,zeta5,none,opp,anti,ccw,,cw,0,nw,ne,anti,cw,,ccw,0,w,s,3
Ω,eta15,zeta15,none,none,anti,ccw,,cw,0,nw,ne,static,noRotation,,static,0,w,w,3
Δ-,eta15,eta3,none,none,anti,ccw,,cw,0,nw,ne,dash,noRotation,,dash,0,w,e,3
R,eta15,zeta1,none,opp,anti,cw,,ccw,0,nw,sw,pro,cw,,cw,0,w,n,3
U,eta15,eta13,none,same,anti,cw,,ccw,0,nw,sw,pro,ccw,,ccw,0,w,s,3
Q,eta15,zeta1,none,opp,anti,cw,,ccw,0,nw,sw,anti,ccw,,cw,0,w,n,3
T,eta15,eta13,none,same,anti,cw,,ccw,0,nw,sw,anti,cw,,ccw,0,w,s,3
Z,eta15,eta7,none,none,anti,cw,,ccw,0,nw,sw,static,noRotation,,static,0,w,w,3
X-,eta15,zeta11,none,none,anti,cw,,ccw,0,nw,sw,dash,noRotation,,dash,0,w,e,3
Y,eta15,eta1,none,none,static,noRotation,,static,0,nw,nw,pro,cw,,cw,0,w,n,3
Θ,eta15,zeta13,none,none,static,noRotation,,static,0,nw,nw,pro,ccw,,ccw,0,w,s,3
Z,eta15,eta1,none,none,static,noRotation,,static,0,nw,nw,anti,ccw,,cw,0,w,n,3
Ω,eta15,zeta13,none,none,static,noRotation,,static,0,nw,nw,anti,cw,,ccw,0,w,s,3
η,eta15,eta15,none,none,static,noRotation,,static,0,nw,nw,static,noRotation,,static,0,w,w,3
Φ,eta15,zeta3,none,none,static,noRotation,,static,0,nw,nw,dash,noRotation,,dash,0,w,e,3
W-,eta15,zeta9,none,none,dash,noRotation,,dash,0,nw,se,pro,cw,,cw,0,w,n,3
Σ-,eta15,eta5,none,none,dash,noRotation,,dash,0,nw,se,pro,ccw,,ccw,0,w,s,3
X-,eta15,zeta9,none,none,dash,noRotation,,dash,0,nw,se,anti,ccw,,cw,0,w,n,3
Δ-,eta15,eta5,none,none,dash,noRotation,,dash,0,nw,se,anti,cw,,ccw,0,w,s,3
Φ,eta15,zeta7,none,none,dash,noRotation,,dash,0,nw,se,static,noRotation,,static,0,w,w,3
Ψ-,eta15,eta11,none,none,dash,noRotation,,dash,0,nw,se,dash,noRotation,,dash,0,w,e,3